seg_uid,label,state,vib_grade,cur_grade,n_windows,n_exceed,detected,e_AI0,e_AI1,e_AI2,dominant_channel
outlier_1,1,,확실 이상,경계,9,9,True,99.27289581298828,38.46140670776367,30.938953399658203,AI0
outlier_2,1,,확실 이상,경계,8,8,True,211.80050659179688,45.323692321777344,23.832061767578125,AI0
outlier_3,1,,정상 유사,경계,5,4,True,0.34060031175613403,0.288068950176239,15.434013366699219,AI2
outlier_4,1,,확실 이상,경계,2,2,True,320.44146728515625,48.01605224609375,68.67153930664062,AI0
outlier_6,1,,확실 이상,경계,9,9,True,101.89335632324219,23.30074119567871,20.290821075439453,AI0
outlier_7,1,,확실 이상,경계,7,7,True,8.753734588623047,16.108369827270508,22.683650970458984,AI2
outlier_8,1,,확실 이상,경계,4,4,True,22.814348220825195,19.54928970336914,22.087139129638672,AI0
outlier_11,1,,확실 이상,경계,9,9,True,2.832716703414917,13.235336303710938,20.43807601928711,AI2
outlier_12,1,,확실 이상,정상 유사,7,7,True,8.07731819152832,17.006311416625977,18.089733123779297,AI2
outlier_13,1,,확실 이상,경계,4,4,True,237.65036010742188,50.587493896484375,59.29051208496094,AI0
outlier_14,1,,확실 이상,경계,2,1,True,19.30638313293457,3.656167984008789,7.68902587890625,AI0
outlier_15,1,,확실 이상,확실 이상,9,9,True,2.583254814147949,5.68121337890625,24.47119140625,AI2
outlier_16,1,,확실 이상,확실 이상,9,6,True,1.8186126947402954,9.937905311584473,17.035764694213867,AI2
outlier_17,1,,확실 이상,확실 이상,6,6,True,52.041175842285156,22.48847198486328,16.754837036132812,AI0
outlier_18,1,,확실 이상,확실 이상,3,3,True,380.8393249511719,47.88619613647461,27.544687271118164,AI0
outlier_19,1,,정상 유사,확실 이상,1,1,True,0.2738021910190582,1.6720386743545532,9.134305000305176,AI2
outlier_20,1,,정상 유사,확실 이상,2,0,False,0.33252042531967163,0.2454017996788025,4.256962776184082,AI2
normal_16,0,0.0,,,9,1,True,5.24466609954834,1.8478084802627563,15.262051582336426,AI2
normal_21,0,1.0,,,1,1,True,1.5381782054901123,0.658700704574585,11.43071174621582,AI2
normal_38,0,0.0,,,1,1,True,1.1253188848495483,1.5057761669158936,8.62279224395752,AI2
normal_49,0,0.0,,,7,1,True,4.707642078399658,3.573218822479248,4.214025020599365,AI0
normal_52,0,0.0,,,9,5,True,2.3094322681427,7.342679500579834,2.506965160369873,AI1
normal_58,0,1.0,,,9,1,True,2.705732822418213,1.193571925163269,7.576876163482666,AI2
normal_62,0,0.0,,,9,1,True,4.375196933746338,4.64912748336792,1.714165449142456,AI1
normal_63,0,0.0,,,9,1,True,1.7117916345596313,6.762599945068359,6.3482985496521,AI1
normal_67,0,0.0,,,9,3,True,4.80718994140625,6.1427717208862305,2.901669502258301,AI1
normal_73,0,1.0,,,9,1,True,4.416755676269531,3.282444477081299,10.497989654541016,AI2
normal_74,0,0.0,,,9,1,True,3.572366714477539,7.181941032409668,6.148148536682129,AI1
normal_90,0,0.0,,,8,1,True,2.2311179637908936,0.7625640630722046,10.306011199951172,AI2
normal_122,0,0.0,,,4,2,True,1.6736849546432495,1.6125832796096802,12.368600845336914,AI2
normal_144,0,0.0,,,9,1,True,2.6562893390655518,16.514678955078125,7.516062259674072,AI1
normal_145,0,0.0,,,9,1,True,9.465545654296875,13.187995910644531,5.018081188201904,AI1
normal_171,0,0.0,,,4,1,True,6.423956394195557,9.060529708862305,5.289206504821777,AI1
normal_178,0,0.0,,,5,5,True,9.475345611572266,6.067113399505615,5.17793083190918,AI0
normal_231,0,0.0,,,2,1,True,5.437694549560547,1.7915756702423096,4.790176868438721,AI0
normal_247,0,1.0,,,9,1,True,5.285399436950684,3.1476292610168457,0.7632052898406982,AI0
normal_276,0,0.0,,,5,1,True,2.2142691612243652,3.0778727531433105,5.958199977874756,AI2
normal_285,0,1.0,,,9,1,True,4.491914749145508,2.6040523052215576,3.8879265785217285,AI0
normal_286,0,0.0,,,9,1,True,1.8413918018341064,4.554915428161621,17.022350311279297,AI2
normal_303,0,0.0,,,9,1,True,2.9676430225372314,3.820911407470703,9.923691749572754,AI2
normal_310,0,0.0,,,9,2,True,1.7030181884765625,4.463528633117676,4.594730377197266,AI2
normal_317,0,0.0,,,7,2,True,2.379406452178955,1.7484625577926636,7.912973403930664,AI2
normal_331,0,0.0,,,5,3,True,7.419435977935791,1.687761902809143,3.939034938812256,AI0
normal_338,0,1.0,,,3,1,True,1.2809317111968994,12.703272819519043,5.964125633239746,AI1
normal_359,0,0.0,,,9,3,True,5.997718334197998,4.438918590545654,1.5157806873321533,AI0
normal_366,0,0.0,,,9,3,True,4.950364112854004,3.889615297317505,3.227853775024414,AI0
normal_372,0,0.0,,,9,1,True,1.6723417043685913,2.7433972358703613,21.610567092895508,AI2
normal_403,0,0.0,,,3,1,True,2.077497959136963,0.8921636343002319,7.001448631286621,AI2
normal_413,0,0.0,,,4,2,True,5.323220252990723,6.656006813049316,3.6837611198425293,AI1
normal_420,0,0.0,,,3,1,True,0.9310444593429565,1.2744114398956299,8.808425903320312,AI2
normal_422,0,0.0,,,9,1,True,3.343684434890747,7.459784507751465,3.9761548042297363,AI1
normal_425,0,0.0,,,3,1,True,1.7890729904174805,3.008816719055176,16.797225952148438,AI2
normal_437,0,1.0,,,1,1,True,3.815347194671631,3.4357590675354004,4.577362060546875,AI2
normal_444,0,0.0,,,9,1,True,2.4655652046203613,8.772842407226562,22.161211013793945,AI2
normal_449,0,0.0,,,9,1,True,4.941662311553955,1.6145029067993164,6.607534885406494,AI2
normal_460,0,0.0,,,9,2,True,2.6876673698425293,3.69523024559021,4.202424049377441,AI2
normal_462,0,1.0,,,5,1,True,5.10922908782959,3.073991298675537,1.30983567237854,AI0
normal_569,0,0.0,,,7,3,True,2.982389211654663,6.653524875640869,3.833548069000244,AI1
normal_575,0,0.0,,,9,1,True,2.274355411529541,6.072279453277588,14.024357795715332,AI2
