model_id,split,fold,seed,type,seg_uid,n_exceed,n_windows,state,vib_grade,cur_grade
cnn_lstm_ae_all3_w1s,group_kfold_seg,0,0,FP,normal_122,2,4,고부하,,
cnn_lstm_ae_all3_w1s,group_kfold_seg,0,0,FP,normal_16,1,9,고부하,,
cnn_lstm_ae_all3_w1s,group_kfold_seg,0,0,FP,normal_178,5,5,고부하,,
cnn_lstm_ae_all3_w1s,group_kfold_seg,0,0,FP,normal_231,1,2,고부하,,
cnn_lstm_ae_all3_w1s,group_kfold_seg,0,0,FP,normal_247,1,9,저부하,,
cnn_lstm_ae_all3_w1s,group_kfold_seg,0,0,FP,normal_310,2,9,고부하,,
cnn_lstm_ae_all3_w1s,group_kfold_seg,0,0,FP,normal_331,3,5,고부하,,
cnn_lstm_ae_all3_w1s,group_kfold_seg,0,0,FP,normal_359,3,9,고부하,,
cnn_lstm_ae_all3_w1s,group_kfold_seg,0,0,FP,normal_372,1,9,고부하,,
cnn_lstm_ae_all3_w1s,group_kfold_seg,0,0,FP,normal_38,1,1,고부하,,
cnn_lstm_ae_all3_w1s,group_kfold_seg,0,0,FP,normal_403,1,3,고부하,,
cnn_lstm_ae_all3_w1s,group_kfold_seg,0,0,FP,normal_413,2,4,고부하,,
cnn_lstm_ae_all3_w1s,group_kfold_seg,0,0,FP,normal_437,1,1,저부하,,
cnn_lstm_ae_all3_w1s,group_kfold_seg,0,0,FP,normal_444,1,9,고부하,,
cnn_lstm_ae_all3_w1s,group_kfold_seg,0,0,FP,normal_460,2,9,고부하,,
cnn_lstm_ae_all3_w1s,group_kfold_seg,0,0,FP,normal_462,1,5,저부하,,
cnn_lstm_ae_all3_w1s,group_kfold_seg,0,0,FP,normal_52,5,9,고부하,,
cnn_lstm_ae_all3_w1s,group_kfold_seg,0,0,FP,normal_58,1,9,저부하,,
cnn_lstm_ae_all3_w1s,group_kfold_seg,0,0,FP,normal_62,1,9,고부하,,
cnn_lstm_ae_all3_w1s,group_kfold_seg,0,0,FP,normal_73,1,9,저부하,,
cnn_lstm_ae_all3_w1s,group_kfold_seg,0,1,FP,normal_178,4,5,고부하,,
cnn_lstm_ae_all3_w1s,group_kfold_seg,0,1,FP,normal_310,3,9,고부하,,
cnn_lstm_ae_all3_w1s,group_kfold_seg,0,1,FP,normal_331,1,5,고부하,,
cnn_lstm_ae_all3_w1s,group_kfold_seg,0,1,FP,normal_355,1,8,저부하,,
cnn_lstm_ae_all3_w1s,group_kfold_seg,0,1,FP,normal_359,1,9,고부하,,
cnn_lstm_ae_all3_w1s,group_kfold_seg,0,1,FP,normal_400,1,9,고부하,,
cnn_lstm_ae_all3_w1s,group_kfold_seg,0,1,FP,normal_413,2,4,고부하,,
cnn_lstm_ae_all3_w1s,group_kfold_seg,0,1,FP,normal_437,1,1,저부하,,
cnn_lstm_ae_all3_w1s,group_kfold_seg,0,1,FP,normal_44,1,4,고부하,,
cnn_lstm_ae_all3_w1s,group_kfold_seg,0,1,FP,normal_450,2,8,고부하,,
cnn_lstm_ae_all3_w1s,group_kfold_seg,0,1,FP,normal_52,1,9,고부하,,
cnn_lstm_ae_all3_w1s,group_kfold_seg,0,1,FP,normal_58,1,9,저부하,,
cnn_lstm_ae_all3_w1s,group_kfold_seg,0,1,FN,outlier_19,0,1,,정상 유사,확실 이상
cnn_lstm_ae_all3_w1s,group_kfold_seg,0,2,FP,normal_178,5,5,고부하,,
cnn_lstm_ae_all3_w1s,group_kfold_seg,0,2,FP,normal_246,1,9,고부하,,
cnn_lstm_ae_all3_w1s,group_kfold_seg,0,2,FP,normal_331,3,5,고부하,,
cnn_lstm_ae_all3_w1s,group_kfold_seg,0,2,FP,normal_359,2,9,고부하,,
cnn_lstm_ae_all3_w1s,group_kfold_seg,0,2,FP,normal_403,1,3,고부하,,
cnn_lstm_ae_all3_w1s,group_kfold_seg,0,2,FP,normal_413,3,4,고부하,,
cnn_lstm_ae_all3_w1s,group_kfold_seg,0,2,FP,normal_437,1,1,저부하,,
cnn_lstm_ae_all3_w1s,group_kfold_seg,0,2,FP,normal_460,1,9,고부하,,
cnn_lstm_ae_all3_w1s,group_kfold_seg,0,2,FP,normal_462,1,5,저부하,,
cnn_lstm_ae_all3_w1s,group_kfold_seg,0,2,FP,normal_52,4,9,고부하,,
cnn_lstm_ae_all3_w1s,group_kfold_seg,0,2,FP,normal_62,3,9,고부하,,
cnn_lstm_ae_all3_w1s,group_kfold_seg,0,2,FP,normal_73,1,9,저부하,,
cnn_lstm_ae_all3_w1s,group_kfold_seg,1,0,FP,normal_276,1,5,고부하,,
cnn_lstm_ae_all3_w1s,group_kfold_seg,1,0,FP,normal_317,2,7,고부하,,
cnn_lstm_ae_all3_w1s,group_kfold_seg,1,0,FP,normal_420,1,3,고부하,,
cnn_lstm_ae_all3_w1s,group_kfold_seg,1,0,FP,normal_422,1,9,고부하,,
cnn_lstm_ae_all3_w1s,group_kfold_seg,1,0,FP,normal_425,1,3,고부하,,
cnn_lstm_ae_all3_w1s,group_kfold_seg,1,0,FP,normal_449,1,9,고부하,,
cnn_lstm_ae_all3_w1s,group_kfold_seg,1,0,FP,normal_49,1,7,고부하,,
cnn_lstm_ae_all3_w1s,group_kfold_seg,1,0,FP,normal_569,3,7,고부하,,
cnn_lstm_ae_all3_w1s,group_kfold_seg,1,0,FP,normal_63,1,9,고부하,,
cnn_lstm_ae_all3_w1s,group_kfold_seg,1,0,FP,normal_67,3,9,고부하,,
cnn_lstm_ae_all3_w1s,group_kfold_seg,1,0,FP,normal_74,1,9,고부하,,
cnn_lstm_ae_all3_w1s,group_kfold_seg,1,0,FP,normal_90,1,8,고부하,,
cnn_lstm_ae_all3_w1s,group_kfold_seg,1,0,FN,outlier_20,0,2,,정상 유사,확실 이상
cnn_lstm_ae_all3_w1s,group_kfold_seg,1,1,FP,normal_15,1,9,고부하,,
cnn_lstm_ae_all3_w1s,group_kfold_seg,1,1,FP,normal_276,1,5,고부하,,
cnn_lstm_ae_all3_w1s,group_kfold_seg,1,1,FP,normal_348,1,9,고부하,,
cnn_lstm_ae_all3_w1s,group_kfold_seg,1,1,FP,normal_368,1,4,저부하,,
cnn_lstm_ae_all3_w1s,group_kfold_seg,1,1,FP,normal_420,2,3,고부하,,
cnn_lstm_ae_all3_w1s,group_kfold_seg,1,1,FP,normal_422,2,9,고부하,,
cnn_lstm_ae_all3_w1s,group_kfold_seg,1,1,FP,normal_425,1,3,고부하,,
cnn_lstm_ae_all3_w1s,group_kfold_seg,1,1,FP,normal_449,1,9,고부하,,
cnn_lstm_ae_all3_w1s,group_kfold_seg,1,1,FP,normal_569,5,7,고부하,,
cnn_lstm_ae_all3_w1s,group_kfold_seg,1,1,FP,normal_67,4,9,고부하,,
cnn_lstm_ae_all3_w1s,group_kfold_seg,1,1,FP,normal_94,1,9,고부하,,
cnn_lstm_ae_all3_w1s,group_kfold_seg,1,1,FN,outlier_20,0,2,,정상 유사,확실 이상
cnn_lstm_ae_all3_w1s,group_kfold_seg,1,2,FP,normal_387,1,2,저부하,,
cnn_lstm_ae_all3_w1s,group_kfold_seg,1,2,FP,normal_420,1,3,고부하,,
cnn_lstm_ae_all3_w1s,group_kfold_seg,1,2,FP,normal_422,1,9,고부하,,
cnn_lstm_ae_all3_w1s,group_kfold_seg,1,2,FP,normal_425,1,3,고부하,,
cnn_lstm_ae_all3_w1s,group_kfold_seg,1,2,FP,normal_449,2,9,고부하,,
cnn_lstm_ae_all3_w1s,group_kfold_seg,1,2,FP,normal_49,1,7,고부하,,
cnn_lstm_ae_all3_w1s,group_kfold_seg,1,2,FP,normal_563,1,7,고부하,,
cnn_lstm_ae_all3_w1s,group_kfold_seg,1,2,FP,normal_569,5,7,고부하,,
cnn_lstm_ae_all3_w1s,group_kfold_seg,1,2,FP,normal_593,1,8,저부하,,
cnn_lstm_ae_all3_w1s,group_kfold_seg,1,2,FP,normal_67,3,9,고부하,,
cnn_lstm_ae_all3_w1s,group_kfold_seg,1,2,FP,normal_94,1,9,고부하,,
cnn_lstm_ae_all3_w1s,group_kfold_seg,1,2,FN,outlier_20,0,2,,정상 유사,확실 이상
cnn_lstm_ae_all3_w1s,group_kfold_seg,2,0,FP,normal_145,1,9,고부하,,
cnn_lstm_ae_all3_w1s,group_kfold_seg,2,0,FP,normal_286,1,9,고부하,,
cnn_lstm_ae_all3_w1s,group_kfold_seg,2,0,FP,normal_338,1,3,저부하,,
cnn_lstm_ae_all3_w1s,group_kfold_seg,2,0,FP,normal_575,1,9,고부하,,
cnn_lstm_ae_all3_w1s,group_kfold_seg,2,1,FP,normal_241,1,7,고부하,,
cnn_lstm_ae_all3_w1s,group_kfold_seg,2,1,FP,normal_283,2,3,고부하,,
cnn_lstm_ae_all3_w1s,group_kfold_seg,2,1,FP,normal_43,1,7,고부하,,
cnn_lstm_ae_all3_w1s,group_kfold_seg,2,1,FP,normal_575,1,9,고부하,,
cnn_lstm_ae_all3_w1s,group_kfold_seg,2,2,FP,normal_125,1,9,고부하,,
cnn_lstm_ae_all3_w1s,group_kfold_seg,2,2,FP,normal_198,2,9,고부하,,
cnn_lstm_ae_all3_w1s,group_kfold_seg,2,2,FP,normal_447,1,3,고부하,,
cnn_lstm_ae_all3_w1s,group_kfold_seg,3,0,FP,normal_21,1,1,저부하,,
cnn_lstm_ae_all3_w1s,group_kfold_seg,3,0,FP,normal_285,1,9,저부하,,
cnn_lstm_ae_all3_w1s,group_kfold_seg,3,0,FP,normal_303,1,9,고부하,,
cnn_lstm_ae_all3_w1s,group_kfold_seg,3,0,FP,normal_366,3,9,고부하,,
cnn_lstm_ae_all3_w1s,group_kfold_seg,3,1,FP,normal_155,1,5,고부하,,
cnn_lstm_ae_all3_w1s,group_kfold_seg,3,1,FP,normal_194,1,7,고부하,,
cnn_lstm_ae_all3_w1s,group_kfold_seg,3,1,FP,normal_366,2,9,고부하,,
cnn_lstm_ae_all3_w1s,group_kfold_seg,3,1,FP,normal_586,1,9,고부하,,
cnn_lstm_ae_all3_w1s,group_kfold_seg,3,2,FP,normal_289,1,3,고부하,,
cnn_lstm_ae_all3_w1s,group_kfold_seg,3,2,FP,normal_366,1,9,고부하,,
cnn_lstm_ae_all3_w1s,group_kfold_seg,3,2,FP,normal_586,1,9,고부하,,
cnn_lstm_ae_all3_w1s,group_kfold_seg,4,0,FP,normal_144,1,9,고부하,,
cnn_lstm_ae_all3_w1s,group_kfold_seg,4,0,FP,normal_171,1,4,고부하,,
cnn_lstm_ae_all3_w1s,group_kfold_seg,4,1,FP,normal_0,1,7,고부하,,
cnn_lstm_ae_all3_w1s,group_kfold_seg,4,1,FP,normal_108,1,9,고부하,,
cnn_lstm_ae_all3_w1s,group_kfold_seg,4,1,FP,normal_127,1,8,고부하,,
cnn_lstm_ae_all3_w1s,group_kfold_seg,4,1,FP,normal_149,1,2,고부하,,
cnn_lstm_ae_all3_w1s,group_kfold_seg,4,1,FP,normal_170,1,7,고부하,,
cnn_lstm_ae_all3_w1s,group_kfold_seg,4,1,FP,normal_181,2,9,고부하,,
cnn_lstm_ae_all3_w1s,group_kfold_seg,4,1,FP,normal_195,1,4,저부하,,
cnn_lstm_ae_all3_w1s,group_kfold_seg,4,1,FP,normal_204,1,8,고부하,,
cnn_lstm_ae_all3_w1s,group_kfold_seg,4,1,FP,normal_235,1,7,고부하,,
cnn_lstm_ae_all3_w1s,group_kfold_seg,4,1,FP,normal_379,1,7,고부하,,
cnn_lstm_ae_all3_w1s,group_kfold_seg,4,1,FP,normal_395,1,9,고부하,,
cnn_lstm_ae_all3_w1s,group_kfold_seg,4,1,FP,normal_75,1,9,고부하,,
cnn_lstm_ae_all3_w1s,group_kfold_seg,4,2,FP,normal_108,1,9,고부하,,
cnn_lstm_ae_all3_w1s,group_kfold_seg,4,2,FP,normal_127,1,8,고부하,,
cnn_lstm_ae_all3_w1s,group_kfold_seg,4,2,FP,normal_144,1,9,고부하,,
cnn_lstm_ae_all3_w1s,group_kfold_seg,4,2,FP,normal_149,1,2,고부하,,
cnn_lstm_ae_all3_w1s,group_kfold_seg,4,2,FP,normal_219,1,3,고부하,,
cnn_lstm_ae_all3_w1s,group_kfold_seg,4,2,FP,normal_235,2,7,고부하,,
cnn_lstm_ae_all3_w1s,group_kfold_seg,4,2,FP,normal_301,1,3,고부하,,
cnn_lstm_ae_all3_w1s,group_kfold_seg,4,2,FP,normal_395,1,9,고부하,,
cnn_lstm_ae_all3_w1s,time_block,1,0,FP,normal_127,2,8,고부하,,
cnn_lstm_ae_all3_w1s,time_block,1,0,FP,normal_136,1,9,고부하,,
cnn_lstm_ae_all3_w1s,time_block,1,0,FP,normal_155,2,5,고부하,,
cnn_lstm_ae_all3_w1s,time_block,1,0,FP,normal_170,1,7,고부하,,
cnn_lstm_ae_all3_w1s,time_block,1,0,FP,normal_173,1,1,고부하,,
cnn_lstm_ae_all3_w1s,time_block,1,0,FP,normal_178,5,5,고부하,,
cnn_lstm_ae_all3_w1s,time_block,1,0,FP,normal_179,1,3,고부하,,
cnn_lstm_ae_all3_w1s,time_block,1,0,FP,normal_193,5,9,고부하,,
cnn_lstm_ae_all3_w1s,time_block,1,0,FP,normal_207,1,1,고부하,,
cnn_lstm_ae_all3_w1s,time_block,1,0,FP,normal_212,3,6,고부하,,
cnn_lstm_ae_all3_w1s,time_block,1,0,FP,normal_216,3,9,고부하,,
cnn_lstm_ae_all3_w1s,time_block,1,0,FP,normal_221,2,9,고부하,,
cnn_lstm_ae_all3_w1s,time_block,1,0,FN,outlier_19,0,1,,정상 유사,확실 이상
cnn_lstm_ae_all3_w1s,time_block,1,0,FN,outlier_20,0,2,,정상 유사,확실 이상
cnn_lstm_ae_all3_w1s,time_block,1,1,FP,normal_127,1,8,고부하,,
cnn_lstm_ae_all3_w1s,time_block,1,1,FP,normal_136,2,9,고부하,,
cnn_lstm_ae_all3_w1s,time_block,1,1,FP,normal_155,3,5,고부하,,
cnn_lstm_ae_all3_w1s,time_block,1,1,FP,normal_178,5,5,고부하,,
cnn_lstm_ae_all3_w1s,time_block,1,1,FP,normal_181,1,9,고부하,,
cnn_lstm_ae_all3_w1s,time_block,1,1,FP,normal_193,6,9,고부하,,
cnn_lstm_ae_all3_w1s,time_block,1,1,FP,normal_198,2,9,고부하,,
cnn_lstm_ae_all3_w1s,time_block,1,1,FP,normal_204,1,8,고부하,,
cnn_lstm_ae_all3_w1s,time_block,1,1,FP,normal_207,1,1,고부하,,
cnn_lstm_ae_all3_w1s,time_block,1,1,FP,normal_212,3,6,고부하,,
cnn_lstm_ae_all3_w1s,time_block,1,1,FP,normal_216,2,9,고부하,,
cnn_lstm_ae_all3_w1s,time_block,1,1,FP,normal_219,1,3,고부하,,
cnn_lstm_ae_all3_w1s,time_block,1,1,FP,normal_221,1,9,고부하,,
cnn_lstm_ae_all3_w1s,time_block,1,1,FP,normal_227,1,9,고부하,,
cnn_lstm_ae_all3_w1s,time_block,1,1,FN,outlier_19,0,1,,정상 유사,확실 이상
cnn_lstm_ae_all3_w1s,time_block,1,1,FN,outlier_20,0,2,,정상 유사,확실 이상
cnn_lstm_ae_all3_w1s,time_block,1,2,FP,normal_122,2,4,고부하,,
cnn_lstm_ae_all3_w1s,time_block,1,2,FP,normal_127,3,8,고부하,,
cnn_lstm_ae_all3_w1s,time_block,1,2,FP,normal_136,2,9,고부하,,
cnn_lstm_ae_all3_w1s,time_block,1,2,FP,normal_138,1,8,저부하,,
cnn_lstm_ae_all3_w1s,time_block,1,2,FP,normal_155,4,5,고부하,,
cnn_lstm_ae_all3_w1s,time_block,1,2,FP,normal_160,1,6,고부하,,
cnn_lstm_ae_all3_w1s,time_block,1,2,FP,normal_169,1,9,저부하,,
cnn_lstm_ae_all3_w1s,time_block,1,2,FP,normal_178,5,5,고부하,,
cnn_lstm_ae_all3_w1s,time_block,1,2,FP,normal_193,8,9,고부하,,
cnn_lstm_ae_all3_w1s,time_block,1,2,FP,normal_194,1,7,고부하,,
cnn_lstm_ae_all3_w1s,time_block,1,2,FP,normal_198,3,9,고부하,,
cnn_lstm_ae_all3_w1s,time_block,1,2,FP,normal_204,1,8,고부하,,
cnn_lstm_ae_all3_w1s,time_block,1,2,FP,normal_207,1,1,고부하,,
cnn_lstm_ae_all3_w1s,time_block,1,2,FP,normal_208,1,1,고부하,,
cnn_lstm_ae_all3_w1s,time_block,1,2,FP,normal_212,4,6,고부하,,
cnn_lstm_ae_all3_w1s,time_block,1,2,FP,normal_216,7,9,고부하,,
cnn_lstm_ae_all3_w1s,time_block,1,2,FP,normal_219,1,3,고부하,,
cnn_lstm_ae_all3_w1s,time_block,1,2,FP,normal_221,3,9,고부하,,
cnn_lstm_ae_all3_w1s,time_block,1,2,FP,normal_227,1,9,고부하,,
cnn_lstm_ae_all3_w1s,time_block,1,2,FP,normal_234,1,9,저부하,,
cnn_lstm_ae_all3_w1s,time_block,1,2,FN,outlier_19,0,1,,정상 유사,확실 이상
cnn_lstm_ae_all3_w1s,time_block,1,2,FN,outlier_20,0,2,,정상 유사,확실 이상
cnn_lstm_ae_all3_w1s,time_block,2,0,FP,normal_259,1,5,고부하,,
cnn_lstm_ae_all3_w1s,time_block,2,0,FP,normal_261,1,3,고부하,,
cnn_lstm_ae_all3_w1s,time_block,2,0,FP,normal_283,1,3,고부하,,
cnn_lstm_ae_all3_w1s,time_block,2,0,FP,normal_300,1,6,고부하,,
cnn_lstm_ae_all3_w1s,time_block,2,0,FP,normal_329,1,9,고부하,,
cnn_lstm_ae_all3_w1s,time_block,2,0,FN,outlier_19,0,1,,정상 유사,확실 이상
cnn_lstm_ae_all3_w1s,time_block,2,0,FN,outlier_20,0,2,,정상 유사,확실 이상
cnn_lstm_ae_all3_w1s,time_block,2,0,FN,outlier_3,0,5,,정상 유사,경계
cnn_lstm_ae_all3_w1s,time_block,2,1,FP,normal_251,1,9,고부하,,
cnn_lstm_ae_all3_w1s,time_block,2,1,FP,normal_298,1,9,고부하,,
cnn_lstm_ae_all3_w1s,time_block,2,1,FP,normal_303,2,9,고부하,,
cnn_lstm_ae_all3_w1s,time_block,2,1,FP,normal_310,4,9,고부하,,
cnn_lstm_ae_all3_w1s,time_block,2,1,FP,normal_325,1,5,고부하,,
cnn_lstm_ae_all3_w1s,time_block,2,1,FP,normal_331,1,5,고부하,,
cnn_lstm_ae_all3_w1s,time_block,2,1,FP,normal_359,2,9,고부하,,
cnn_lstm_ae_all3_w1s,time_block,2,1,FN,outlier_19,0,1,,정상 유사,확실 이상
cnn_lstm_ae_all3_w1s,time_block,2,1,FN,outlier_20,0,2,,정상 유사,확실 이상
cnn_lstm_ae_all3_w1s,time_block,2,2,FP,normal_251,1,9,고부하,,
cnn_lstm_ae_all3_w1s,time_block,2,2,FP,normal_259,1,5,고부하,,
cnn_lstm_ae_all3_w1s,time_block,2,2,FP,normal_264,1,9,고부하,,
cnn_lstm_ae_all3_w1s,time_block,2,2,FP,normal_276,1,5,고부하,,
cnn_lstm_ae_all3_w1s,time_block,2,2,FP,normal_280,1,9,고부하,,
cnn_lstm_ae_all3_w1s,time_block,2,2,FP,normal_283,1,3,고부하,,
cnn_lstm_ae_all3_w1s,time_block,2,2,FP,normal_289,1,3,고부하,,
cnn_lstm_ae_all3_w1s,time_block,2,2,FP,normal_292,1,9,고부하,,
cnn_lstm_ae_all3_w1s,time_block,2,2,FP,normal_300,1,6,고부하,,
cnn_lstm_ae_all3_w1s,time_block,2,2,FP,normal_303,1,9,고부하,,
cnn_lstm_ae_all3_w1s,time_block,2,2,FP,normal_310,1,9,고부하,,
cnn_lstm_ae_all3_w1s,time_block,2,2,FP,normal_317,1,7,고부하,,
cnn_lstm_ae_all3_w1s,time_block,2,2,FP,normal_328,2,9,고부하,,
cnn_lstm_ae_all3_w1s,time_block,2,2,FP,normal_334,1,9,고부하,,
cnn_lstm_ae_all3_w1s,time_block,2,2,FP,normal_340,1,9,저부하,,
cnn_lstm_ae_all3_w1s,time_block,2,2,FP,normal_347,1,9,저부하,,
cnn_lstm_ae_all3_w1s,time_block,2,2,FP,normal_359,1,9,고부하,,
cnn_lstm_ae_all3_w1s,time_block,2,2,FN,outlier_19,0,1,,정상 유사,확실 이상
cnn_lstm_ae_all3_w1s,time_block,2,2,FN,outlier_20,0,2,,정상 유사,확실 이상
cnn_lstm_ae_all3_w1s,time_block,3,0,FP,normal_361,1,9,고부하,,
cnn_lstm_ae_all3_w1s,time_block,3,0,FP,normal_366,2,9,고부하,,
cnn_lstm_ae_all3_w1s,time_block,3,0,FP,normal_389,1,9,고부하,,
cnn_lstm_ae_all3_w1s,time_block,3,0,FP,normal_413,1,4,고부하,,
cnn_lstm_ae_all3_w1s,time_block,3,0,FP,normal_427,1,9,고부하,,
cnn_lstm_ae_all3_w1s,time_block,3,0,FP,normal_437,1,1,저부하,,
cnn_lstm_ae_all3_w1s,time_block,3,0,FP,normal_452,1,3,고부하,,
cnn_lstm_ae_all3_w1s,time_block,3,0,FP,normal_455,1,9,고부하,,
cnn_lstm_ae_all3_w1s,time_block,3,0,FN,outlier_20,0,2,,정상 유사,확실 이상
cnn_lstm_ae_all3_w1s,time_block,3,1,FP,normal_366,5,9,고부하,,
cnn_lstm_ae_all3_w1s,time_block,3,1,FP,normal_386,1,4,고부하,,
cnn_lstm_ae_all3_w1s,time_block,3,1,FP,normal_395,1,9,고부하,,
cnn_lstm_ae_all3_w1s,time_block,3,1,FP,normal_408,2,4,고부하,,
cnn_lstm_ae_all3_w1s,time_block,3,1,FP,normal_409,1,1,고부하,,
cnn_lstm_ae_all3_w1s,time_block,3,1,FP,normal_413,2,4,고부하,,
cnn_lstm_ae_all3_w1s,time_block,3,1,FP,normal_422,4,9,고부하,,
cnn_lstm_ae_all3_w1s,time_block,3,1,FP,normal_449,2,9,고부하,,
cnn_lstm_ae_all3_w1s,time_block,3,1,FP,normal_452,1,3,고부하,,
cnn_lstm_ae_all3_w1s,time_block,3,1,FP,normal_469,2,6,고부하,,
cnn_lstm_ae_all3_w1s,time_block,3,1,FN,outlier_19,0,1,,정상 유사,확실 이상
cnn_lstm_ae_all3_w1s,time_block,3,1,FN,outlier_20,0,2,,정상 유사,확실 이상
cnn_lstm_ae_all3_w1s,time_block,3,2,FP,normal_366,2,9,고부하,,
cnn_lstm_ae_all3_w1s,time_block,3,2,FP,normal_403,1,3,고부하,,
cnn_lstm_ae_all3_w1s,time_block,3,2,FP,normal_409,1,1,고부하,,
cnn_lstm_ae_all3_w1s,time_block,3,2,FP,normal_413,2,4,고부하,,
cnn_lstm_ae_all3_w1s,time_block,3,2,FP,normal_419,1,6,고부하,,
cnn_lstm_ae_all3_w1s,time_block,3,2,FP,normal_422,3,9,고부하,,
cnn_lstm_ae_all3_w1s,time_block,3,2,FP,normal_425,1,3,고부하,,
cnn_lstm_ae_all3_w1s,time_block,3,2,FP,normal_432,1,1,고부하,,
cnn_lstm_ae_all3_w1s,time_block,3,2,FP,normal_437,1,1,저부하,,
cnn_lstm_ae_all3_w1s,time_block,3,2,FP,normal_449,1,9,고부하,,
cnn_lstm_ae_all3_w1s,time_block,3,2,FP,normal_452,1,3,고부하,,
cnn_lstm_ae_all3_w1s,time_block,3,2,FP,normal_458,1,2,고부하,,
cnn_lstm_ae_all3_w1s,time_block,3,2,FP,normal_462,1,5,저부하,,
cnn_lstm_ae_all3_w1s,time_block,3,2,FP,normal_468,1,6,고부하,,
cnn_lstm_ae_all3_w1s,time_block,4,0,FP,normal_569,5,7,고부하,,
cnn_lstm_ae_all3_w1s,time_block,4,0,FP,normal_575,1,9,고부하,,
cnn_lstm_ae_all3_w1s,time_block,4,0,FP,normal_584,1,4,저부하,,
cnn_lstm_ae_all3_w1s,time_block,4,0,FP,normal_593,1,8,저부하,,
cnn_lstm_ae_all3_w1s,time_block,4,0,FN,outlier_19,0,1,,정상 유사,확실 이상
cnn_lstm_ae_all3_w1s,time_block,4,1,FP,normal_569,5,7,고부하,,
cnn_lstm_ae_all3_w1s,time_block,4,1,FP,normal_575,1,9,고부하,,
cnn_lstm_ae_all3_w1s,time_block,4,1,FN,outlier_19,0,1,,정상 유사,확실 이상
cnn_lstm_ae_all3_w1s,time_block,4,1,FN,outlier_20,0,2,,정상 유사,확실 이상
cnn_lstm_ae_all3_w1s,time_block,4,2,FP,normal_569,3,7,고부하,,
cnn_lstm_ae_all3_w1s,time_block,4,2,FP,normal_587,1,9,저부하,,
cnn_lstm_ae_all3_w1s,time_block,4,2,FP,normal_593,1,8,저부하,,
cnn_lstm_ae_all3_w1s,time_block,4,2,FP,normal_594,1,6,고부하,,
cnn_lstm_ae_all3_w1s,time_block,4,2,FN,outlier_19,0,1,,정상 유사,확실 이상
cnn_lstm_ae_all3_w1s,time_block,4,2,FN,outlier_20,0,2,,정상 유사,확실 이상
cnn_lstm_ae_all3_w2s,group_kfold_seg,0,0,FP,normal_122,1,2,고부하,,
cnn_lstm_ae_all3_w2s,group_kfold_seg,0,0,FP,normal_172,1,2,고부하,,
cnn_lstm_ae_all3_w2s,group_kfold_seg,0,0,FP,normal_178,3,3,고부하,,
cnn_lstm_ae_all3_w2s,group_kfold_seg,0,0,FP,normal_310,1,7,고부하,,
cnn_lstm_ae_all3_w2s,group_kfold_seg,0,0,FP,normal_331,1,3,고부하,,
cnn_lstm_ae_all3_w2s,group_kfold_seg,0,0,FP,normal_359,2,7,고부하,,
cnn_lstm_ae_all3_w2s,group_kfold_seg,0,0,FP,normal_413,1,2,고부하,,
cnn_lstm_ae_all3_w2s,group_kfold_seg,0,0,FP,normal_450,1,6,고부하,,
cnn_lstm_ae_all3_w2s,group_kfold_seg,0,0,FP,normal_460,2,7,고부하,,
cnn_lstm_ae_all3_w2s,group_kfold_seg,0,0,FP,normal_52,5,7,고부하,,
cnn_lstm_ae_all3_w2s,group_kfold_seg,0,1,FP,normal_178,3,3,고부하,,
cnn_lstm_ae_all3_w2s,group_kfold_seg,0,1,FP,normal_234,2,7,저부하,,
cnn_lstm_ae_all3_w2s,group_kfold_seg,0,1,FP,normal_251,1,7,고부하,,
cnn_lstm_ae_all3_w2s,group_kfold_seg,0,1,FP,normal_292,1,7,고부하,,
cnn_lstm_ae_all3_w2s,group_kfold_seg,0,1,FP,normal_310,1,7,고부하,,
cnn_lstm_ae_all3_w2s,group_kfold_seg,0,1,FP,normal_331,2,3,고부하,,
cnn_lstm_ae_all3_w2s,group_kfold_seg,0,1,FP,normal_359,4,7,고부하,,
cnn_lstm_ae_all3_w2s,group_kfold_seg,0,1,FP,normal_413,2,2,고부하,,
cnn_lstm_ae_all3_w2s,group_kfold_seg,0,1,FP,normal_52,5,7,고부하,,
cnn_lstm_ae_all3_w2s,group_kfold_seg,0,1,FP,normal_76,1,7,고부하,,
cnn_lstm_ae_all3_w2s,group_kfold_seg,0,2,FP,normal_101,1,7,고부하,,
cnn_lstm_ae_all3_w2s,group_kfold_seg,0,2,FP,normal_122,1,2,고부하,,
cnn_lstm_ae_all3_w2s,group_kfold_seg,0,2,FP,normal_178,3,3,고부하,,
cnn_lstm_ae_all3_w2s,group_kfold_seg,0,2,FP,normal_216,2,7,고부하,,
cnn_lstm_ae_all3_w2s,group_kfold_seg,0,2,FP,normal_292,1,7,고부하,,
cnn_lstm_ae_all3_w2s,group_kfold_seg,0,2,FP,normal_310,3,7,고부하,,
cnn_lstm_ae_all3_w2s,group_kfold_seg,0,2,FP,normal_316,1,7,고부하,,
cnn_lstm_ae_all3_w2s,group_kfold_seg,0,2,FP,normal_359,1,7,고부하,,
cnn_lstm_ae_all3_w2s,group_kfold_seg,0,2,FP,normal_413,1,2,고부하,,
cnn_lstm_ae_all3_w2s,group_kfold_seg,0,2,FP,normal_460,1,7,고부하,,
cnn_lstm_ae_all3_w2s,group_kfold_seg,0,2,FP,normal_52,3,7,고부하,,
cnn_lstm_ae_all3_w2s,group_kfold_seg,1,0,FP,normal_128,1,4,고부하,,
cnn_lstm_ae_all3_w2s,group_kfold_seg,1,0,FP,normal_322,1,7,고부하,,
cnn_lstm_ae_all3_w2s,group_kfold_seg,1,0,FP,normal_420,1,1,고부하,,
cnn_lstm_ae_all3_w2s,group_kfold_seg,1,0,FP,normal_422,1,7,고부하,,
cnn_lstm_ae_all3_w2s,group_kfold_seg,1,0,FP,normal_425,1,1,고부하,,
cnn_lstm_ae_all3_w2s,group_kfold_seg,1,0,FP,normal_563,2,5,고부하,,
cnn_lstm_ae_all3_w2s,group_kfold_seg,1,0,FP,normal_569,3,5,고부하,,
cnn_lstm_ae_all3_w2s,group_kfold_seg,1,0,FP,normal_593,1,6,저부하,,
cnn_lstm_ae_all3_w2s,group_kfold_seg,1,0,FP,normal_67,4,7,고부하,,
cnn_lstm_ae_all3_w2s,group_kfold_seg,1,0,FP,normal_94,1,7,고부하,,
cnn_lstm_ae_all3_w2s,group_kfold_seg,1,1,FP,normal_128,1,4,고부하,,
cnn_lstm_ae_all3_w2s,group_kfold_seg,1,1,FP,normal_158,1,7,고부하,,
cnn_lstm_ae_all3_w2s,group_kfold_seg,1,1,FP,normal_275,1,6,저부하,,
cnn_lstm_ae_all3_w2s,group_kfold_seg,1,1,FP,normal_425,1,1,고부하,,
cnn_lstm_ae_all3_w2s,group_kfold_seg,1,1,FP,normal_569,3,5,고부하,,
cnn_lstm_ae_all3_w2s,group_kfold_seg,1,1,FP,normal_67,2,7,고부하,,
cnn_lstm_ae_all3_w2s,group_kfold_seg,1,2,FP,normal_199,1,6,고부하,,
cnn_lstm_ae_all3_w2s,group_kfold_seg,1,2,FP,normal_209,2,7,고부하,,
cnn_lstm_ae_all3_w2s,group_kfold_seg,1,2,FP,normal_396,1,5,저부하,,
cnn_lstm_ae_all3_w2s,group_kfold_seg,1,2,FP,normal_449,1,7,고부하,,
cnn_lstm_ae_all3_w2s,group_kfold_seg,1,2,FP,normal_49,1,5,고부하,,
cnn_lstm_ae_all3_w2s,group_kfold_seg,1,2,FP,normal_569,1,5,고부하,,
cnn_lstm_ae_all3_w2s,group_kfold_seg,1,2,FP,normal_74,1,7,고부하,,
cnn_lstm_ae_all3_w2s,group_kfold_seg,2,0,FP,normal_176,1,7,고부하,,
cnn_lstm_ae_all3_w2s,group_kfold_seg,2,2,FP,normal_176,1,7,고부하,,
cnn_lstm_ae_all3_w2s,group_kfold_seg,3,0,FP,normal_188,1,7,고부하,,
cnn_lstm_ae_all3_w2s,group_kfold_seg,3,0,FP,normal_270,2,7,고부하,,
cnn_lstm_ae_all3_w2s,group_kfold_seg,3,0,FP,normal_303,1,7,고부하,,
cnn_lstm_ae_all3_w2s,group_kfold_seg,3,0,FP,normal_342,1,6,고부하,,
cnn_lstm_ae_all3_w2s,group_kfold_seg,3,0,FP,normal_361,1,7,고부하,,
cnn_lstm_ae_all3_w2s,group_kfold_seg,3,0,FP,normal_467,1,6,고부하,,
cnn_lstm_ae_all3_w2s,group_kfold_seg,3,1,FP,normal_165,1,5,고부하,,
cnn_lstm_ae_all3_w2s,group_kfold_seg,3,1,FP,normal_175,1,7,고부하,,
cnn_lstm_ae_all3_w2s,group_kfold_seg,3,1,FP,normal_289,1,1,고부하,,
cnn_lstm_ae_all3_w2s,group_kfold_seg,3,1,FP,normal_467,1,6,고부하,,
cnn_lstm_ae_all3_w2s,group_kfold_seg,3,1,FP,normal_583,1,4,고부하,,
cnn_lstm_ae_all3_w2s,group_kfold_seg,3,2,FP,normal_13,2,2,고부하,,
cnn_lstm_ae_all3_w2s,group_kfold_seg,4,0,FP,normal_144,1,7,고부하,,
cnn_lstm_ae_all3_w2s,group_kfold_seg,4,0,FP,normal_181,1,7,고부하,,
cnn_lstm_ae_all3_w2s,group_kfold_seg,4,0,FP,normal_204,1,6,고부하,,
cnn_lstm_ae_all3_w2s,group_kfold_seg,4,0,FP,normal_235,4,5,고부하,,
cnn_lstm_ae_all3_w2s,group_kfold_seg,4,0,FP,normal_253,1,4,고부하,,
cnn_lstm_ae_all3_w2s,group_kfold_seg,4,0,FP,normal_271,2,7,고부하,,
cnn_lstm_ae_all3_w2s,group_kfold_seg,4,0,FP,normal_395,1,7,고부하,,
cnn_lstm_ae_all3_w2s,group_kfold_seg,4,0,FP,normal_5,1,7,고부하,,
cnn_lstm_ae_all3_w2s,group_kfold_seg,4,1,FP,normal_102,1,6,저부하,,
cnn_lstm_ae_all3_w2s,group_kfold_seg,4,1,FP,normal_127,1,6,고부하,,
cnn_lstm_ae_all3_w2s,group_kfold_seg,4,1,FP,normal_201,1,1,고부하,,
cnn_lstm_ae_all3_w2s,group_kfold_seg,4,1,FP,normal_295,1,2,고부하,,
cnn_lstm_ae_all3_w2s,group_kfold_seg,4,1,FP,normal_329,2,7,고부하,,
cnn_lstm_ae_all3_w2s,group_kfold_seg,4,1,FP,normal_33,1,7,고부하,,
cnn_lstm_ae_all3_w2s,group_kfold_seg,4,1,FP,normal_95,1,7,고부하,,
cnn_lstm_ae_all3_w2s,group_kfold_seg,4,2,FP,normal_201,1,1,고부하,,
cnn_lstm_ae_all3_w2s,group_kfold_seg,4,2,FP,normal_33,1,7,고부하,,
cnn_lstm_ae_all3_w2s,group_kfold_seg,4,2,FP,normal_564,1,3,고부하,,
cnn_lstm_ae_all3_w2s,time_block,1,0,FP,normal_125,1,7,고부하,,
cnn_lstm_ae_all3_w2s,time_block,1,0,FP,normal_128,1,4,고부하,,
cnn_lstm_ae_all3_w2s,time_block,1,0,FP,normal_170,1,5,고부하,,
cnn_lstm_ae_all3_w2s,time_block,1,0,FP,normal_176,1,7,고부하,,
cnn_lstm_ae_all3_w2s,time_block,1,0,FP,normal_178,3,3,고부하,,
cnn_lstm_ae_all3_w2s,time_block,1,0,FP,normal_181,1,7,고부하,,
cnn_lstm_ae_all3_w2s,time_block,1,0,FP,normal_204,1,6,고부하,,
cnn_lstm_ae_all3_w2s,time_block,1,0,FP,normal_209,1,7,고부하,,
cnn_lstm_ae_all3_w2s,time_block,1,0,FP,normal_228,2,7,고부하,,
cnn_lstm_ae_all3_w2s,time_block,1,0,FN,outlier_3,0,3,,정상 유사,경계
cnn_lstm_ae_all3_w2s,time_block,1,1,FP,normal_122,2,2,고부하,,
cnn_lstm_ae_all3_w2s,time_block,1,1,FP,normal_127,2,6,고부하,,
cnn_lstm_ae_all3_w2s,time_block,1,1,FP,normal_178,3,3,고부하,,
cnn_lstm_ae_all3_w2s,time_block,1,1,FP,normal_193,5,7,고부하,,
cnn_lstm_ae_all3_w2s,time_block,1,1,FP,normal_212,3,4,고부하,,
cnn_lstm_ae_all3_w2s,time_block,1,1,FP,normal_216,5,7,고부하,,
cnn_lstm_ae_all3_w2s,time_block,1,1,FP,normal_219,1,1,고부하,,
cnn_lstm_ae_all3_w2s,time_block,1,1,FP,normal_221,3,7,고부하,,
cnn_lstm_ae_all3_w2s,time_block,1,1,FP,normal_227,1,7,고부하,,
cnn_lstm_ae_all3_w2s,time_block,1,1,FP,normal_234,1,7,저부하,,
cnn_lstm_ae_all3_w2s,time_block,1,1,FP,normal_235,1,5,고부하,,
cnn_lstm_ae_all3_w2s,time_block,1,2,FP,normal_122,2,2,고부하,,
cnn_lstm_ae_all3_w2s,time_block,1,2,FP,normal_125,1,7,고부하,,
cnn_lstm_ae_all3_w2s,time_block,1,2,FP,normal_127,4,6,고부하,,
cnn_lstm_ae_all3_w2s,time_block,1,2,FP,normal_133,1,4,고부하,,
cnn_lstm_ae_all3_w2s,time_block,1,2,FP,normal_136,2,7,고부하,,
cnn_lstm_ae_all3_w2s,time_block,1,2,FP,normal_155,2,3,고부하,,
cnn_lstm_ae_all3_w2s,time_block,1,2,FP,normal_175,1,7,고부하,,
cnn_lstm_ae_all3_w2s,time_block,1,2,FP,normal_178,3,3,고부하,,
cnn_lstm_ae_all3_w2s,time_block,1,2,FP,normal_193,5,7,고부하,,
cnn_lstm_ae_all3_w2s,time_block,1,2,FP,normal_194,4,5,고부하,,
cnn_lstm_ae_all3_w2s,time_block,1,2,FP,normal_198,1,7,고부하,,
cnn_lstm_ae_all3_w2s,time_block,1,2,FP,normal_212,4,4,고부하,,
cnn_lstm_ae_all3_w2s,time_block,1,2,FP,normal_216,5,7,고부하,,
cnn_lstm_ae_all3_w2s,time_block,1,2,FP,normal_219,1,1,고부하,,
cnn_lstm_ae_all3_w2s,time_block,1,2,FP,normal_221,5,7,고부하,,
cnn_lstm_ae_all3_w2s,time_block,1,2,FP,normal_227,2,7,고부하,,
cnn_lstm_ae_all3_w2s,time_block,1,2,FP,normal_235,1,5,고부하,,
cnn_lstm_ae_all3_w2s,time_block,2,0,FP,normal_248,1,4,고부하,,
cnn_lstm_ae_all3_w2s,time_block,2,0,FP,normal_259,1,3,고부하,,
cnn_lstm_ae_all3_w2s,time_block,2,0,FP,normal_265,1,7,고부하,,
cnn_lstm_ae_all3_w2s,time_block,2,0,FP,normal_276,1,3,고부하,,
cnn_lstm_ae_all3_w2s,time_block,2,0,FP,normal_283,1,1,고부하,,
cnn_lstm_ae_all3_w2s,time_block,2,0,FP,normal_292,1,7,고부하,,
cnn_lstm_ae_all3_w2s,time_block,2,0,FP,normal_310,3,7,고부하,,
cnn_lstm_ae_all3_w2s,time_block,2,0,FP,normal_331,2,3,고부하,,
cnn_lstm_ae_all3_w2s,time_block,2,0,FP,normal_359,2,7,고부하,,
cnn_lstm_ae_all3_w2s,time_block,2,1,FP,normal_251,1,7,고부하,,
cnn_lstm_ae_all3_w2s,time_block,2,1,FP,normal_273,1,6,고부하,,
cnn_lstm_ae_all3_w2s,time_block,2,1,FP,normal_283,1,1,고부하,,
cnn_lstm_ae_all3_w2s,time_block,2,1,FP,normal_289,1,1,고부하,,
cnn_lstm_ae_all3_w2s,time_block,2,1,FP,normal_301,1,1,고부하,,
cnn_lstm_ae_all3_w2s,time_block,2,1,FP,normal_303,5,7,고부하,,
cnn_lstm_ae_all3_w2s,time_block,2,1,FP,normal_310,4,7,고부하,,
cnn_lstm_ae_all3_w2s,time_block,2,1,FP,normal_316,1,7,고부하,,
cnn_lstm_ae_all3_w2s,time_block,2,1,FP,normal_331,2,3,고부하,,
cnn_lstm_ae_all3_w2s,time_block,2,1,FP,normal_334,1,7,고부하,,
cnn_lstm_ae_all3_w2s,time_block,2,1,FP,normal_340,2,7,저부하,,
cnn_lstm_ae_all3_w2s,time_block,2,1,FP,normal_359,6,7,고부하,,
cnn_lstm_ae_all3_w2s,time_block,2,2,FP,normal_248,2,4,고부하,,
cnn_lstm_ae_all3_w2s,time_block,2,2,FP,normal_251,2,7,고부하,,
cnn_lstm_ae_all3_w2s,time_block,2,2,FP,normal_276,1,3,고부하,,
cnn_lstm_ae_all3_w2s,time_block,2,2,FP,normal_283,1,1,고부하,,
cnn_lstm_ae_all3_w2s,time_block,2,2,FP,normal_292,1,7,고부하,,
cnn_lstm_ae_all3_w2s,time_block,2,2,FP,normal_303,1,7,고부하,,
cnn_lstm_ae_all3_w2s,time_block,2,2,FP,normal_310,2,7,고부하,,
cnn_lstm_ae_all3_w2s,time_block,2,2,FP,normal_334,2,7,고부하,,
cnn_lstm_ae_all3_w2s,time_block,2,2,FP,normal_354,1,7,고부하,,
cnn_lstm_ae_all3_w2s,time_block,2,2,FP,normal_355,2,6,저부하,,
cnn_lstm_ae_all3_w2s,time_block,2,2,FP,normal_359,2,7,고부하,,
cnn_lstm_ae_all3_w2s,time_block,2,2,FN,outlier_3,0,3,,정상 유사,경계
cnn_lstm_ae_all3_w2s,time_block,3,0,FP,normal_367,4,4,고부하,,
cnn_lstm_ae_all3_w2s,time_block,3,0,FP,normal_395,1,7,고부하,,
cnn_lstm_ae_all3_w2s,time_block,3,0,FP,normal_419,3,4,고부하,,
cnn_lstm_ae_all3_w2s,time_block,3,0,FP,normal_420,1,1,고부하,,
cnn_lstm_ae_all3_w2s,time_block,3,0,FP,normal_449,1,7,고부하,,
cnn_lstm_ae_all3_w2s,time_block,3,0,FN,outlier_3,0,3,,정상 유사,경계
cnn_lstm_ae_all3_w2s,time_block,3,1,FP,normal_366,1,7,고부하,,
cnn_lstm_ae_all3_w2s,time_block,3,1,FP,normal_386,1,2,고부하,,
cnn_lstm_ae_all3_w2s,time_block,3,1,FP,normal_403,1,1,고부하,,
cnn_lstm_ae_all3_w2s,time_block,3,1,FP,normal_410,1,7,고부하,,
cnn_lstm_ae_all3_w2s,time_block,3,1,FP,normal_417,1,7,고부하,,
cnn_lstm_ae_all3_w2s,time_block,3,1,FP,normal_422,1,7,고부하,,
cnn_lstm_ae_all3_w2s,time_block,3,1,FP,normal_423,1,6,저부하,,
cnn_lstm_ae_all3_w2s,time_block,3,1,FP,normal_425,1,1,고부하,,
cnn_lstm_ae_all3_w2s,time_block,3,1,FP,normal_452,1,1,고부하,,
cnn_lstm_ae_all3_w2s,time_block,3,1,FP,normal_455,1,7,고부하,,
cnn_lstm_ae_all3_w2s,time_block,3,1,FP,normal_460,2,7,고부하,,
cnn_lstm_ae_all3_w2s,time_block,3,1,FP,normal_469,2,4,고부하,,
cnn_lstm_ae_all3_w2s,time_block,3,2,FP,normal_366,1,7,고부하,,
cnn_lstm_ae_all3_w2s,time_block,3,2,FP,normal_379,1,5,고부하,,
cnn_lstm_ae_all3_w2s,time_block,3,2,FP,normal_400,1,7,고부하,,
cnn_lstm_ae_all3_w2s,time_block,3,2,FP,normal_413,1,2,고부하,,
cnn_lstm_ae_all3_w2s,time_block,3,2,FP,normal_452,1,1,고부하,,
cnn_lstm_ae_all3_w2s,time_block,3,2,FP,normal_460,1,7,고부하,,
cnn_lstm_ae_all3_w2s,time_block,4,0,FP,normal_569,2,5,고부하,,
cnn_lstm_ae_all3_w2s,time_block,4,1,FP,normal_563,1,5,고부하,,
cnn_lstm_ae_all3_w2s,time_block,4,1,FP,normal_569,4,5,고부하,,
cnn_lstm_ae_all3_w2s,time_block,4,1,FP,normal_594,2,4,고부하,,
cnn_lstm_ae_all3_w2s,time_block,4,2,FP,normal_569,4,5,고부하,,
pca_raw_ae_all3_w1s,group_kfold_seg,0,0,FP,normal_178,1,5,고부하,,
pca_raw_ae_all3_w1s,group_kfold_seg,0,0,FP,normal_38,1,1,고부하,,
pca_raw_ae_all3_w1s,group_kfold_seg,0,0,FP,normal_437,1,1,저부하,,
pca_raw_ae_all3_w1s,group_kfold_seg,0,0,FP,normal_460,1,9,고부하,,
pca_raw_ae_all3_w1s,group_kfold_seg,0,0,FP,normal_52,1,9,고부하,,
pca_raw_ae_all3_w1s,group_kfold_seg,0,1,FP,normal_178,1,5,고부하,,
pca_raw_ae_all3_w1s,group_kfold_seg,0,1,FP,normal_38,1,1,고부하,,
pca_raw_ae_all3_w1s,group_kfold_seg,0,1,FP,normal_437,1,1,저부하,,
pca_raw_ae_all3_w1s,group_kfold_seg,0,1,FP,normal_460,1,9,고부하,,
pca_raw_ae_all3_w1s,group_kfold_seg,0,1,FP,normal_52,1,9,고부하,,
pca_raw_ae_all3_w1s,group_kfold_seg,0,2,FP,normal_178,1,5,고부하,,
pca_raw_ae_all3_w1s,group_kfold_seg,0,2,FP,normal_38,1,1,고부하,,
pca_raw_ae_all3_w1s,group_kfold_seg,0,2,FP,normal_437,1,1,저부하,,
pca_raw_ae_all3_w1s,group_kfold_seg,0,2,FP,normal_460,1,9,고부하,,
pca_raw_ae_all3_w1s,group_kfold_seg,0,2,FP,normal_52,1,9,고부하,,
pca_raw_ae_all3_w1s,group_kfold_seg,1,0,FP,normal_420,3,3,고부하,,
pca_raw_ae_all3_w1s,group_kfold_seg,1,0,FP,normal_425,3,3,고부하,,
pca_raw_ae_all3_w1s,group_kfold_seg,1,0,FP,normal_49,2,7,고부하,,
pca_raw_ae_all3_w1s,group_kfold_seg,1,0,FP,normal_529,1,1,저부하,,
pca_raw_ae_all3_w1s,group_kfold_seg,1,0,FP,normal_569,3,7,고부하,,
pca_raw_ae_all3_w1s,group_kfold_seg,1,0,FP,normal_67,1,9,고부하,,
pca_raw_ae_all3_w1s,group_kfold_seg,1,1,FP,normal_420,3,3,고부하,,
pca_raw_ae_all3_w1s,group_kfold_seg,1,1,FP,normal_425,3,3,고부하,,
pca_raw_ae_all3_w1s,group_kfold_seg,1,1,FP,normal_49,2,7,고부하,,
pca_raw_ae_all3_w1s,group_kfold_seg,1,1,FP,normal_529,1,1,저부하,,
pca_raw_ae_all3_w1s,group_kfold_seg,1,1,FP,normal_569,3,7,고부하,,
pca_raw_ae_all3_w1s,group_kfold_seg,1,1,FP,normal_67,1,9,고부하,,
pca_raw_ae_all3_w1s,group_kfold_seg,1,2,FP,normal_420,3,3,고부하,,
pca_raw_ae_all3_w1s,group_kfold_seg,1,2,FP,normal_425,3,3,고부하,,
pca_raw_ae_all3_w1s,group_kfold_seg,1,2,FP,normal_49,2,7,고부하,,
pca_raw_ae_all3_w1s,group_kfold_seg,1,2,FP,normal_529,1,1,저부하,,
pca_raw_ae_all3_w1s,group_kfold_seg,1,2,FP,normal_569,3,7,고부하,,
pca_raw_ae_all3_w1s,group_kfold_seg,1,2,FP,normal_67,1,9,고부하,,
pca_raw_ae_all3_w1s,group_kfold_seg,2,0,FP,normal_283,1,3,고부하,,
pca_raw_ae_all3_w1s,group_kfold_seg,2,0,FP,normal_523,1,1,저부하,,
pca_raw_ae_all3_w1s,group_kfold_seg,2,1,FP,normal_283,1,3,고부하,,
pca_raw_ae_all3_w1s,group_kfold_seg,2,1,FP,normal_523,1,1,저부하,,
pca_raw_ae_all3_w1s,group_kfold_seg,2,2,FP,normal_283,1,3,고부하,,
pca_raw_ae_all3_w1s,group_kfold_seg,2,2,FP,normal_523,1,1,저부하,,
pca_raw_ae_all3_w1s,group_kfold_seg,3,0,FP,normal_13,4,4,고부하,,
pca_raw_ae_all3_w1s,group_kfold_seg,3,0,FP,normal_21,1,1,저부하,,
pca_raw_ae_all3_w1s,group_kfold_seg,3,0,FP,normal_289,3,3,고부하,,
pca_raw_ae_all3_w1s,group_kfold_seg,3,0,FP,normal_409,1,1,고부하,,
pca_raw_ae_all3_w1s,group_kfold_seg,3,0,FP,normal_535,1,1,저부하,,
pca_raw_ae_all3_w1s,group_kfold_seg,3,1,FP,normal_13,4,4,고부하,,
pca_raw_ae_all3_w1s,group_kfold_seg,3,1,FP,normal_21,1,1,저부하,,
pca_raw_ae_all3_w1s,group_kfold_seg,3,1,FP,normal_289,3,3,고부하,,
pca_raw_ae_all3_w1s,group_kfold_seg,3,1,FP,normal_409,1,1,고부하,,
pca_raw_ae_all3_w1s,group_kfold_seg,3,1,FP,normal_535,1,1,저부하,,
pca_raw_ae_all3_w1s,group_kfold_seg,3,2,FP,normal_13,4,4,고부하,,
pca_raw_ae_all3_w1s,group_kfold_seg,3,2,FP,normal_21,1,1,저부하,,
pca_raw_ae_all3_w1s,group_kfold_seg,3,2,FP,normal_289,3,3,고부하,,
pca_raw_ae_all3_w1s,group_kfold_seg,3,2,FP,normal_409,1,1,고부하,,
pca_raw_ae_all3_w1s,group_kfold_seg,3,2,FP,normal_535,1,1,저부하,,
pca_raw_ae_all3_w1s,group_kfold_seg,4,0,FP,normal_201,3,3,고부하,,
pca_raw_ae_all3_w1s,group_kfold_seg,4,0,FP,normal_208,1,1,고부하,,
pca_raw_ae_all3_w1s,group_kfold_seg,4,0,FP,normal_432,1,1,고부하,,
pca_raw_ae_all3_w1s,group_kfold_seg,4,0,FP,normal_452,1,3,고부하,,
pca_raw_ae_all3_w1s,group_kfold_seg,4,1,FP,normal_201,3,3,고부하,,
pca_raw_ae_all3_w1s,group_kfold_seg,4,1,FP,normal_208,1,1,고부하,,
pca_raw_ae_all3_w1s,group_kfold_seg,4,1,FP,normal_432,1,1,고부하,,
pca_raw_ae_all3_w1s,group_kfold_seg,4,1,FP,normal_452,1,3,고부하,,
pca_raw_ae_all3_w1s,group_kfold_seg,4,2,FP,normal_201,3,3,고부하,,
pca_raw_ae_all3_w1s,group_kfold_seg,4,2,FP,normal_208,1,1,고부하,,
pca_raw_ae_all3_w1s,group_kfold_seg,4,2,FP,normal_432,1,1,고부하,,
pca_raw_ae_all3_w1s,group_kfold_seg,4,2,FP,normal_452,1,3,고부하,,
pca_raw_ae_all3_w1s,time_block,1,0,FP,normal_178,1,5,고부하,,
pca_raw_ae_all3_w1s,time_block,1,0,FP,normal_201,2,3,고부하,,
pca_raw_ae_all3_w1s,time_block,1,0,FP,normal_208,1,1,고부하,,
pca_raw_ae_all3_w1s,time_block,1,1,FP,normal_178,1,5,고부하,,
pca_raw_ae_all3_w1s,time_block,1,1,FP,normal_201,2,3,고부하,,
pca_raw_ae_all3_w1s,time_block,1,1,FP,normal_208,1,1,고부하,,
pca_raw_ae_all3_w1s,time_block,1,2,FP,normal_178,1,5,고부하,,
pca_raw_ae_all3_w1s,time_block,1,2,FP,normal_201,2,3,고부하,,
pca_raw_ae_all3_w1s,time_block,1,2,FP,normal_208,1,1,고부하,,
pca_raw_ae_all3_w1s,time_block,2,0,FP,normal_283,1,3,고부하,,
pca_raw_ae_all3_w1s,time_block,2,0,FP,normal_289,3,3,고부하,,
pca_raw_ae_all3_w1s,time_block,2,0,FP,normal_301,1,3,고부하,,
pca_raw_ae_all3_w1s,time_block,2,1,FP,normal_283,1,3,고부하,,
pca_raw_ae_all3_w1s,time_block,2,1,FP,normal_289,3,3,고부하,,
pca_raw_ae_all3_w1s,time_block,2,1,FP,normal_301,1,3,고부하,,
pca_raw_ae_all3_w1s,time_block,2,2,FP,normal_283,1,3,고부하,,
pca_raw_ae_all3_w1s,time_block,2,2,FP,normal_289,3,3,고부하,,
pca_raw_ae_all3_w1s,time_block,2,2,FP,normal_301,1,3,고부하,,
pca_raw_ae_all3_w1s,time_block,3,0,FP,normal_409,1,1,고부하,,
pca_raw_ae_all3_w1s,time_block,3,0,FP,normal_420,3,3,고부하,,
pca_raw_ae_all3_w1s,time_block,3,0,FP,normal_425,3,3,고부하,,
pca_raw_ae_all3_w1s,time_block,3,0,FP,normal_432,1,1,고부하,,
pca_raw_ae_all3_w1s,time_block,3,0,FP,normal_437,1,1,저부하,,
pca_raw_ae_all3_w1s,time_block,3,0,FP,normal_452,1,3,고부하,,
pca_raw_ae_all3_w1s,time_block,3,1,FP,normal_409,1,1,고부하,,
pca_raw_ae_all3_w1s,time_block,3,1,FP,normal_420,3,3,고부하,,
pca_raw_ae_all3_w1s,time_block,3,1,FP,normal_425,3,3,고부하,,
pca_raw_ae_all3_w1s,time_block,3,1,FP,normal_432,1,1,고부하,,
pca_raw_ae_all3_w1s,time_block,3,1,FP,normal_437,1,1,저부하,,
pca_raw_ae_all3_w1s,time_block,3,1,FP,normal_452,1,3,고부하,,
pca_raw_ae_all3_w1s,time_block,3,2,FP,normal_409,1,1,고부하,,
pca_raw_ae_all3_w1s,time_block,3,2,FP,normal_420,3,3,고부하,,
pca_raw_ae_all3_w1s,time_block,3,2,FP,normal_425,3,3,고부하,,
pca_raw_ae_all3_w1s,time_block,3,2,FP,normal_432,1,1,고부하,,
pca_raw_ae_all3_w1s,time_block,3,2,FP,normal_437,1,1,저부하,,
pca_raw_ae_all3_w1s,time_block,3,2,FP,normal_452,1,3,고부하,,
pca_raw_ae_all3_w1s,time_block,4,0,FP,normal_523,1,1,저부하,,
pca_raw_ae_all3_w1s,time_block,4,0,FP,normal_529,1,1,저부하,,
pca_raw_ae_all3_w1s,time_block,4,0,FP,normal_535,1,1,저부하,,
pca_raw_ae_all3_w1s,time_block,4,0,FP,normal_569,1,7,고부하,,
pca_raw_ae_all3_w1s,time_block,4,1,FP,normal_523,1,1,저부하,,
pca_raw_ae_all3_w1s,time_block,4,1,FP,normal_529,1,1,저부하,,
pca_raw_ae_all3_w1s,time_block,4,1,FP,normal_535,1,1,저부하,,
pca_raw_ae_all3_w1s,time_block,4,1,FP,normal_569,1,7,고부하,,
pca_raw_ae_all3_w1s,time_block,4,2,FP,normal_523,1,1,저부하,,
pca_raw_ae_all3_w1s,time_block,4,2,FP,normal_529,1,1,저부하,,
pca_raw_ae_all3_w1s,time_block,4,2,FP,normal_535,1,1,저부하,,
pca_raw_ae_all3_w1s,time_block,4,2,FP,normal_569,1,7,고부하,,
pca_raw_ae_all3_w2s,group_kfold_seg,0,0,FP,normal_178,1,3,고부하,,
pca_raw_ae_all3_w2s,group_kfold_seg,0,0,FP,normal_52,3,7,고부하,,
pca_raw_ae_all3_w2s,group_kfold_seg,0,1,FP,normal_178,1,3,고부하,,
pca_raw_ae_all3_w2s,group_kfold_seg,0,1,FP,normal_52,3,7,고부하,,
pca_raw_ae_all3_w2s,group_kfold_seg,0,2,FP,normal_178,1,3,고부하,,
pca_raw_ae_all3_w2s,group_kfold_seg,0,2,FP,normal_52,3,7,고부하,,
pca_raw_ae_all3_w2s,group_kfold_seg,1,0,FP,normal_420,1,1,고부하,,
pca_raw_ae_all3_w2s,group_kfold_seg,1,0,FP,normal_425,1,1,고부하,,
pca_raw_ae_all3_w2s,group_kfold_seg,1,0,FP,normal_49,1,5,고부하,,
pca_raw_ae_all3_w2s,group_kfold_seg,1,0,FP,normal_569,3,5,고부하,,
pca_raw_ae_all3_w2s,group_kfold_seg,1,0,FP,normal_67,1,7,고부하,,
pca_raw_ae_all3_w2s,group_kfold_seg,1,1,FP,normal_420,1,1,고부하,,
pca_raw_ae_all3_w2s,group_kfold_seg,1,1,FP,normal_425,1,1,고부하,,
pca_raw_ae_all3_w2s,group_kfold_seg,1,1,FP,normal_49,1,5,고부하,,
pca_raw_ae_all3_w2s,group_kfold_seg,1,1,FP,normal_569,3,5,고부하,,
pca_raw_ae_all3_w2s,group_kfold_seg,1,1,FP,normal_67,1,7,고부하,,
pca_raw_ae_all3_w2s,group_kfold_seg,1,2,FP,normal_420,1,1,고부하,,
pca_raw_ae_all3_w2s,group_kfold_seg,1,2,FP,normal_425,1,1,고부하,,
pca_raw_ae_all3_w2s,group_kfold_seg,1,2,FP,normal_49,1,5,고부하,,
pca_raw_ae_all3_w2s,group_kfold_seg,1,2,FP,normal_569,3,5,고부하,,
pca_raw_ae_all3_w2s,group_kfold_seg,1,2,FP,normal_67,1,7,고부하,,
pca_raw_ae_all3_w2s,group_kfold_seg,2,0,FP,normal_116,2,2,고부하,,
pca_raw_ae_all3_w2s,group_kfold_seg,2,0,FP,normal_283,1,1,고부하,,
pca_raw_ae_all3_w2s,group_kfold_seg,2,1,FP,normal_116,2,2,고부하,,
pca_raw_ae_all3_w2s,group_kfold_seg,2,1,FP,normal_283,1,1,고부하,,
pca_raw_ae_all3_w2s,group_kfold_seg,2,2,FP,normal_116,2,2,고부하,,
pca_raw_ae_all3_w2s,group_kfold_seg,2,2,FP,normal_283,1,1,고부하,,
pca_raw_ae_all3_w2s,group_kfold_seg,3,0,FP,normal_13,2,2,고부하,,
pca_raw_ae_all3_w2s,group_kfold_seg,3,0,FP,normal_267,1,2,고부하,,
pca_raw_ae_all3_w2s,group_kfold_seg,3,0,FP,normal_289,1,1,고부하,,
pca_raw_ae_all3_w2s,group_kfold_seg,3,0,FP,normal_307,1,1,저부하,,
pca_raw_ae_all3_w2s,group_kfold_seg,3,1,FP,normal_13,2,2,고부하,,
pca_raw_ae_all3_w2s,group_kfold_seg,3,1,FP,normal_267,1,2,고부하,,
pca_raw_ae_all3_w2s,group_kfold_seg,3,1,FP,normal_289,1,1,고부하,,
pca_raw_ae_all3_w2s,group_kfold_seg,3,1,FP,normal_307,1,1,저부하,,
pca_raw_ae_all3_w2s,group_kfold_seg,3,2,FP,normal_13,2,2,고부하,,
pca_raw_ae_all3_w2s,group_kfold_seg,3,2,FP,normal_267,1,2,고부하,,
pca_raw_ae_all3_w2s,group_kfold_seg,3,2,FP,normal_289,1,1,고부하,,
pca_raw_ae_all3_w2s,group_kfold_seg,3,2,FP,normal_307,1,1,저부하,,
pca_raw_ae_all3_w2s,group_kfold_seg,4,0,FP,normal_201,1,1,고부하,,
pca_raw_ae_all3_w2s,group_kfold_seg,4,0,FP,normal_219,1,1,고부하,,
pca_raw_ae_all3_w2s,group_kfold_seg,4,0,FP,normal_235,5,5,고부하,,
pca_raw_ae_all3_w2s,group_kfold_seg,4,0,FP,normal_301,1,1,고부하,,
pca_raw_ae_all3_w2s,group_kfold_seg,4,0,FP,normal_452,1,1,고부하,,
pca_raw_ae_all3_w2s,group_kfold_seg,4,1,FP,normal_201,1,1,고부하,,
pca_raw_ae_all3_w2s,group_kfold_seg,4,1,FP,normal_219,1,1,고부하,,
pca_raw_ae_all3_w2s,group_kfold_seg,4,1,FP,normal_235,5,5,고부하,,
pca_raw_ae_all3_w2s,group_kfold_seg,4,1,FP,normal_301,1,1,고부하,,
pca_raw_ae_all3_w2s,group_kfold_seg,4,1,FP,normal_452,1,1,고부하,,
pca_raw_ae_all3_w2s,group_kfold_seg,4,2,FP,normal_201,1,1,고부하,,
pca_raw_ae_all3_w2s,group_kfold_seg,4,2,FP,normal_219,1,1,고부하,,
pca_raw_ae_all3_w2s,group_kfold_seg,4,2,FP,normal_235,5,5,고부하,,
pca_raw_ae_all3_w2s,group_kfold_seg,4,2,FP,normal_301,1,1,고부하,,
pca_raw_ae_all3_w2s,group_kfold_seg,4,2,FP,normal_452,1,1,고부하,,
pca_raw_ae_all3_w2s,time_block,1,0,FP,normal_122,1,2,고부하,,
pca_raw_ae_all3_w2s,time_block,1,0,FP,normal_171,1,2,고부하,,
pca_raw_ae_all3_w2s,time_block,1,0,FP,normal_178,1,3,고부하,,
pca_raw_ae_all3_w2s,time_block,1,0,FP,normal_201,1,1,고부하,,
pca_raw_ae_all3_w2s,time_block,1,0,FP,normal_219,1,1,고부하,,
pca_raw_ae_all3_w2s,time_block,1,0,FP,normal_224,2,2,고부하,,
pca_raw_ae_all3_w2s,time_block,1,0,FP,normal_235,5,5,고부하,,
pca_raw_ae_all3_w2s,time_block,1,1,FP,normal_122,1,2,고부하,,
pca_raw_ae_all3_w2s,time_block,1,1,FP,normal_171,1,2,고부하,,
pca_raw_ae_all3_w2s,time_block,1,1,FP,normal_178,1,3,고부하,,
pca_raw_ae_all3_w2s,time_block,1,1,FP,normal_201,1,1,고부하,,
pca_raw_ae_all3_w2s,time_block,1,1,FP,normal_219,1,1,고부하,,
pca_raw_ae_all3_w2s,time_block,1,1,FP,normal_224,2,2,고부하,,
pca_raw_ae_all3_w2s,time_block,1,1,FP,normal_235,5,5,고부하,,
pca_raw_ae_all3_w2s,time_block,1,2,FP,normal_122,1,2,고부하,,
pca_raw_ae_all3_w2s,time_block,1,2,FP,normal_171,1,2,고부하,,
pca_raw_ae_all3_w2s,time_block,1,2,FP,normal_178,1,3,고부하,,
pca_raw_ae_all3_w2s,time_block,1,2,FP,normal_201,1,1,고부하,,
pca_raw_ae_all3_w2s,time_block,1,2,FP,normal_219,1,1,고부하,,
pca_raw_ae_all3_w2s,time_block,1,2,FP,normal_224,2,2,고부하,,
pca_raw_ae_all3_w2s,time_block,1,2,FP,normal_235,5,5,고부하,,
pca_raw_ae_all3_w2s,time_block,2,0,FP,normal_267,1,2,고부하,,
pca_raw_ae_all3_w2s,time_block,2,0,FP,normal_283,1,1,고부하,,
pca_raw_ae_all3_w2s,time_block,2,0,FP,normal_289,1,1,고부하,,
pca_raw_ae_all3_w2s,time_block,2,0,FP,normal_301,1,1,고부하,,
pca_raw_ae_all3_w2s,time_block,2,0,FP,normal_307,1,1,저부하,,
pca_raw_ae_all3_w2s,time_block,2,1,FP,normal_267,1,2,고부하,,
pca_raw_ae_all3_w2s,time_block,2,1,FP,normal_283,1,1,고부하,,
pca_raw_ae_all3_w2s,time_block,2,1,FP,normal_289,1,1,고부하,,
pca_raw_ae_all3_w2s,time_block,2,1,FP,normal_301,1,1,고부하,,
pca_raw_ae_all3_w2s,time_block,2,1,FP,normal_307,1,1,저부하,,
pca_raw_ae_all3_w2s,time_block,2,2,FP,normal_267,1,2,고부하,,
pca_raw_ae_all3_w2s,time_block,2,2,FP,normal_283,1,1,고부하,,
pca_raw_ae_all3_w2s,time_block,2,2,FP,normal_289,1,1,고부하,,
pca_raw_ae_all3_w2s,time_block,2,2,FP,normal_301,1,1,고부하,,
pca_raw_ae_all3_w2s,time_block,2,2,FP,normal_307,1,1,저부하,,
pca_raw_ae_all3_w2s,time_block,3,0,FP,normal_420,1,1,고부하,,
pca_raw_ae_all3_w2s,time_block,3,0,FP,normal_425,1,1,고부하,,
pca_raw_ae_all3_w2s,time_block,3,0,FP,normal_452,1,1,고부하,,
pca_raw_ae_all3_w2s,time_block,3,1,FP,normal_420,1,1,고부하,,
pca_raw_ae_all3_w2s,time_block,3,1,FP,normal_425,1,1,고부하,,
pca_raw_ae_all3_w2s,time_block,3,1,FP,normal_452,1,1,고부하,,
pca_raw_ae_all3_w2s,time_block,3,2,FP,normal_420,1,1,고부하,,
pca_raw_ae_all3_w2s,time_block,3,2,FP,normal_425,1,1,고부하,,
pca_raw_ae_all3_w2s,time_block,3,2,FP,normal_452,1,1,고부하,,
pca_raw_ae_all3_w2s,time_block,4,0,FP,normal_569,2,5,고부하,,
pca_raw_ae_all3_w2s,time_block,4,1,FP,normal_569,2,5,고부하,,
pca_raw_ae_all3_w2s,time_block,4,2,FP,normal_569,2,5,고부하,,
cnn_lstm_ae_vib2_w1s,group_kfold_seg,0,0,FP,normal_178,5,5,고부하,,
cnn_lstm_ae_vib2_w1s,group_kfold_seg,0,0,FP,normal_331,5,5,고부하,,
cnn_lstm_ae_vib2_w1s,group_kfold_seg,0,0,FP,normal_359,3,9,고부하,,
cnn_lstm_ae_vib2_w1s,group_kfold_seg,0,0,FP,normal_413,3,4,고부하,,
cnn_lstm_ae_vib2_w1s,group_kfold_seg,0,0,FP,normal_437,1,1,저부하,,
cnn_lstm_ae_vib2_w1s,group_kfold_seg,0,0,FP,normal_51,1,9,저부하,,
cnn_lstm_ae_vib2_w1s,group_kfold_seg,0,0,FP,normal_52,5,9,고부하,,
cnn_lstm_ae_vib2_w1s,group_kfold_seg,0,0,FP,normal_73,1,9,저부하,,
cnn_lstm_ae_vib2_w1s,group_kfold_seg,0,0,FP,normal_86,2,5,저부하,,
cnn_lstm_ae_vib2_w1s,group_kfold_seg,0,0,FN,outlier_19,0,1,,정상 유사,확실 이상
cnn_lstm_ae_vib2_w1s,group_kfold_seg,1,0,FP,normal_112,1,9,저부하,,
cnn_lstm_ae_vib2_w1s,group_kfold_seg,1,0,FP,normal_386,1,4,고부하,,
cnn_lstm_ae_vib2_w1s,group_kfold_seg,1,0,FP,normal_42,1,9,저부하,,
cnn_lstm_ae_vib2_w1s,group_kfold_seg,1,0,FP,normal_449,2,9,고부하,,
cnn_lstm_ae_vib2_w1s,group_kfold_seg,1,0,FP,normal_485,1,7,저부하,,
cnn_lstm_ae_vib2_w1s,group_kfold_seg,1,0,FP,normal_514,1,9,저부하,,
cnn_lstm_ae_vib2_w1s,group_kfold_seg,1,0,FP,normal_522,1,4,저부하,,
cnn_lstm_ae_vib2_w1s,group_kfold_seg,1,0,FP,normal_561,1,9,저부하,,
cnn_lstm_ae_vib2_w1s,group_kfold_seg,1,0,FP,normal_569,4,7,고부하,,
cnn_lstm_ae_vib2_w1s,group_kfold_seg,1,0,FP,normal_593,1,8,저부하,,
cnn_lstm_ae_vib2_w1s,group_kfold_seg,1,0,FP,normal_67,5,9,고부하,,
cnn_lstm_ae_vib2_w1s,group_kfold_seg,1,0,FP,normal_94,5,9,고부하,,
cnn_lstm_ae_vib2_w1s,group_kfold_seg,1,0,FN,outlier_20,0,2,,정상 유사,확실 이상
cnn_lstm_ae_vib2_w1s,group_kfold_seg,2,0,FP,normal_374,1,5,저부하,,
cnn_lstm_ae_vib2_w1s,group_kfold_seg,3,0,FP,normal_175,3,9,고부하,,
cnn_lstm_ae_vib2_w1s,group_kfold_seg,3,0,FP,normal_285,2,9,저부하,,
cnn_lstm_ae_vib2_w1s,group_kfold_seg,3,0,FP,normal_336,2,5,저부하,,
cnn_lstm_ae_vib2_w1s,group_kfold_seg,3,0,FP,normal_366,4,9,고부하,,
cnn_lstm_ae_vib2_w1s,group_kfold_seg,3,0,FP,normal_378,1,9,저부하,,
cnn_lstm_ae_vib2_w1s,group_kfold_seg,3,0,FP,normal_410,2,9,고부하,,
cnn_lstm_ae_vib2_w1s,group_kfold_seg,3,0,FP,normal_436,1,3,저부하,,
cnn_lstm_ae_vib2_w1s,group_kfold_seg,3,0,FP,normal_477,1,9,저부하,,
cnn_lstm_ae_vib2_w1s,group_kfold_seg,3,0,FP,normal_6,1,9,저부하,,
cnn_lstm_ae_vib2_w1s,group_kfold_seg,3,0,FP,normal_70,1,9,저부하,,
cnn_lstm_ae_vib2_w1s,group_kfold_seg,4,0,FP,normal_100,1,9,저부하,,
cnn_lstm_ae_vib2_w1s,group_kfold_seg,4,0,FP,normal_127,1,8,고부하,,
cnn_lstm_ae_vib2_w1s,group_kfold_seg,4,0,FP,normal_149,1,2,고부하,,
cnn_lstm_ae_vib2_w1s,group_kfold_seg,4,0,FP,normal_167,1,2,저부하,,
cnn_lstm_ae_vib2_w1s,group_kfold_seg,4,0,FP,normal_201,1,3,고부하,,
cnn_lstm_ae_vib2_w1s,group_kfold_seg,4,0,FP,normal_304,2,9,저부하,,
cnn_lstm_ae_vib2_w1s,group_kfold_seg,4,0,FP,normal_33,1,9,고부하,,
cnn_lstm_ae_vib2_w1s,group_kfold_seg,4,0,FP,normal_582,2,9,저부하,,
cnn_lstm_ae_vib2_w1s,group_kfold_seg,4,0,FN,outlier_3,0,5,,정상 유사,경계
cnn_lstm_ae_vib2_w1s,time_block,1,0,FP,normal_127,2,8,고부하,,
cnn_lstm_ae_vib2_w1s,time_block,1,0,FP,normal_129,1,3,저부하,,
cnn_lstm_ae_vib2_w1s,time_block,1,0,FP,normal_137,1,8,저부하,,
cnn_lstm_ae_vib2_w1s,time_block,1,0,FP,normal_138,2,8,저부하,,
cnn_lstm_ae_vib2_w1s,time_block,1,0,FP,normal_164,2,9,저부하,,
cnn_lstm_ae_vib2_w1s,time_block,1,0,FP,normal_165,1,7,고부하,,
cnn_lstm_ae_vib2_w1s,time_block,1,0,FP,normal_167,2,2,저부하,,
cnn_lstm_ae_vib2_w1s,time_block,1,0,FP,normal_169,2,9,저부하,,
cnn_lstm_ae_vib2_w1s,time_block,1,0,FP,normal_170,2,7,고부하,,
cnn_lstm_ae_vib2_w1s,time_block,1,0,FP,normal_175,2,9,고부하,,
cnn_lstm_ae_vib2_w1s,time_block,1,0,FP,normal_177,1,8,저부하,,
cnn_lstm_ae_vib2_w1s,time_block,1,0,FP,normal_178,5,5,고부하,,
cnn_lstm_ae_vib2_w1s,time_block,1,0,FP,normal_201,2,3,고부하,,
cnn_lstm_ae_vib2_w1s,time_block,1,0,FP,normal_203,1,9,저부하,,
cnn_lstm_ae_vib2_w1s,time_block,1,0,FP,normal_235,1,7,고부하,,
cnn_lstm_ae_vib2_w1s,time_block,1,0,FN,outlier_19,0,1,,정상 유사,확실 이상
cnn_lstm_ae_vib2_w1s,time_block,1,0,FN,outlier_20,0,2,,정상 유사,확실 이상
cnn_lstm_ae_vib2_w1s,time_block,1,0,FN,outlier_3,0,5,,정상 유사,경계
cnn_lstm_ae_vib2_w1s,time_block,2,0,FP,normal_247,1,9,저부하,,
cnn_lstm_ae_vib2_w1s,time_block,2,0,FP,normal_285,2,9,저부하,,
cnn_lstm_ae_vib2_w1s,time_block,2,0,FP,normal_331,2,5,고부하,,
cnn_lstm_ae_vib2_w1s,time_block,2,0,FP,normal_336,1,5,저부하,,
cnn_lstm_ae_vib2_w1s,time_block,2,0,FP,normal_341,1,9,저부하,,
cnn_lstm_ae_vib2_w1s,time_block,2,0,FP,normal_347,1,9,저부하,,
cnn_lstm_ae_vib2_w1s,time_block,2,0,FP,normal_353,1,9,저부하,,
cnn_lstm_ae_vib2_w1s,time_block,2,0,FP,normal_359,2,9,고부하,,
cnn_lstm_ae_vib2_w1s,time_block,2,0,FN,outlier_19,0,1,,정상 유사,확실 이상
cnn_lstm_ae_vib2_w1s,time_block,2,0,FN,outlier_20,0,2,,정상 유사,확실 이상
cnn_lstm_ae_vib2_w1s,time_block,2,0,FN,outlier_3,0,5,,정상 유사,경계
cnn_lstm_ae_vib2_w1s,time_block,3,0,FP,normal_366,4,9,고부하,,
cnn_lstm_ae_vib2_w1s,time_block,3,0,FP,normal_368,1,4,저부하,,
cnn_lstm_ae_vib2_w1s,time_block,3,0,FP,normal_386,1,4,고부하,,
cnn_lstm_ae_vib2_w1s,time_block,3,0,FP,normal_410,3,9,고부하,,
cnn_lstm_ae_vib2_w1s,time_block,3,0,FP,normal_413,4,4,고부하,,
cnn_lstm_ae_vib2_w1s,time_block,3,0,FP,normal_437,1,1,저부하,,
cnn_lstm_ae_vib2_w1s,time_block,3,0,FP,normal_449,1,9,고부하,,
cnn_lstm_ae_vib2_w1s,time_block,3,0,FP,normal_460,2,9,고부하,,
cnn_lstm_ae_vib2_w1s,time_block,3,0,FP,normal_471,1,1,저부하,,
cnn_lstm_ae_vib2_w1s,time_block,3,0,FP,normal_474,1,6,저부하,,
cnn_lstm_ae_vib2_w1s,time_block,3,0,FN,outlier_19,0,1,,정상 유사,확실 이상
cnn_lstm_ae_vib2_w1s,time_block,3,0,FN,outlier_20,0,2,,정상 유사,확실 이상
cnn_lstm_ae_vib2_w1s,time_block,3,0,FN,outlier_3,0,5,,정상 유사,경계
cnn_lstm_ae_vib2_w1s,time_block,4,0,FP,normal_491,2,9,저부하,,
cnn_lstm_ae_vib2_w1s,time_block,4,0,FP,normal_492,1,9,저부하,,
cnn_lstm_ae_vib2_w1s,time_block,4,0,FP,normal_497,1,9,저부하,,
cnn_lstm_ae_vib2_w1s,time_block,4,0,FP,normal_519,2,9,저부하,,
cnn_lstm_ae_vib2_w1s,time_block,4,0,FP,normal_524,1,9,저부하,,
cnn_lstm_ae_vib2_w1s,time_block,4,0,FP,normal_533,1,6,저부하,,
cnn_lstm_ae_vib2_w1s,time_block,4,0,FP,normal_549,1,8,저부하,,
cnn_lstm_ae_vib2_w1s,time_block,4,0,FP,normal_558,1,5,저부하,,
cnn_lstm_ae_vib2_w1s,time_block,4,0,FP,normal_565,1,2,저부하,,
cnn_lstm_ae_vib2_w1s,time_block,4,0,FP,normal_569,3,7,고부하,,
cnn_lstm_ae_vib2_w1s,time_block,4,0,FP,normal_577,1,6,저부하,,
cnn_lstm_ae_vib2_w1s,time_block,4,0,FP,normal_582,1,9,저부하,,
cnn_lstm_ae_vib2_w1s,time_block,4,0,FP,normal_585,1,1,저부하,,
cnn_lstm_ae_vib2_w1s,time_block,4,0,FP,normal_598,1,7,저부하,,
cnn_lstm_ae_vib2_w1s,time_block,4,0,FN,outlier_19,0,1,,정상 유사,확실 이상
cnn_lstm_ae_vib2_w1s,time_block,4,0,FN,outlier_20,0,2,,정상 유사,확실 이상
cnn_lstm_ae_cur1_w1s,group_kfold_seg,0,0,FP,normal_372,1,9,고부하,,
cnn_lstm_ae_cur1_w1s,group_kfold_seg,0,0,FP,normal_38,1,1,고부하,,
cnn_lstm_ae_cur1_w1s,group_kfold_seg,0,0,FP,normal_437,1,1,저부하,,
cnn_lstm_ae_cur1_w1s,group_kfold_seg,1,0,FP,normal_140,1,3,고부하,,
cnn_lstm_ae_cur1_w1s,group_kfold_seg,1,0,FP,normal_401,1,8,고부하,,
cnn_lstm_ae_cur1_w1s,group_kfold_seg,1,0,FP,normal_420,3,3,고부하,,
cnn_lstm_ae_cur1_w1s,group_kfold_seg,1,0,FP,normal_425,2,3,고부하,,
cnn_lstm_ae_cur1_w1s,group_kfold_seg,1,0,FP,normal_502,1,1,저부하,,
cnn_lstm_ae_cur1_w1s,group_kfold_seg,2,0,FP,normal_114,1,7,고부하,,
cnn_lstm_ae_cur1_w1s,group_kfold_seg,2,0,FP,normal_116,1,4,고부하,,
cnn_lstm_ae_cur1_w1s,group_kfold_seg,2,0,FP,normal_176,1,9,고부하,,
cnn_lstm_ae_cur1_w1s,group_kfold_seg,2,0,FP,normal_189,1,6,고부하,,
cnn_lstm_ae_cur1_w1s,group_kfold_seg,2,0,FP,normal_191,1,1,고부하,,
cnn_lstm_ae_cur1_w1s,group_kfold_seg,2,0,FP,normal_229,2,7,고부하,,
cnn_lstm_ae_cur1_w1s,group_kfold_seg,2,0,FP,normal_283,1,3,고부하,,
cnn_lstm_ae_cur1_w1s,group_kfold_seg,2,0,FP,normal_334,1,9,고부하,,
cnn_lstm_ae_cur1_w1s,group_kfold_seg,2,0,FP,normal_43,1,7,고부하,,
cnn_lstm_ae_cur1_w1s,group_kfold_seg,2,0,FP,normal_468,1,6,고부하,,
cnn_lstm_ae_cur1_w1s,group_kfold_seg,2,0,FP,normal_571,1,5,고부하,,
cnn_lstm_ae_cur1_w1s,group_kfold_seg,2,0,FP,normal_87,2,3,고부하,,
cnn_lstm_ae_cur1_w1s,group_kfold_seg,3,0,FP,normal_13,2,4,고부하,,
cnn_lstm_ae_cur1_w1s,group_kfold_seg,3,0,FP,normal_21,1,1,저부하,,
cnn_lstm_ae_cur1_w1s,group_kfold_seg,3,0,FP,normal_307,1,3,저부하,,
cnn_lstm_ae_cur1_w1s,group_kfold_seg,3,0,FP,normal_436,1,3,저부하,,
cnn_lstm_ae_cur1_w1s,group_kfold_seg,3,0,FP,normal_445,1,7,고부하,,
cnn_lstm_ae_cur1_w1s,group_kfold_seg,3,0,FP,normal_66,1,9,고부하,,
cnn_lstm_ae_cur1_w1s,group_kfold_seg,3,0,FP,normal_71,4,9,고부하,,
cnn_lstm_ae_cur1_w1s,group_kfold_seg,4,0,FP,normal_0,1,7,고부하,,
cnn_lstm_ae_cur1_w1s,group_kfold_seg,4,0,FP,normal_171,1,4,고부하,,
cnn_lstm_ae_cur1_w1s,group_kfold_seg,4,0,FP,normal_201,2,3,고부하,,
cnn_lstm_ae_cur1_w1s,group_kfold_seg,4,0,FP,normal_301,3,3,고부하,,
cnn_lstm_ae_cur1_w1s,group_kfold_seg,4,0,FP,normal_379,1,7,고부하,,
cnn_lstm_ae_cur1_w1s,group_kfold_seg,4,0,FP,normal_432,1,1,고부하,,
cnn_lstm_ae_cur1_w1s,group_kfold_seg,4,0,FP,normal_53,1,9,고부하,,
cnn_lstm_ae_cur1_w1s,group_kfold_seg,4,0,FP,normal_579,1,3,저부하,,
cnn_lstm_ae_cur1_w1s,time_block,1,0,FP,normal_141,1,1,저부하,,
cnn_lstm_ae_cur1_w1s,time_block,1,0,FP,normal_162,1,1,저부하,,
cnn_lstm_ae_cur1_w1s,time_block,1,0,FP,normal_171,1,4,고부하,,
cnn_lstm_ae_cur1_w1s,time_block,1,0,FP,normal_173,1,1,고부하,,
cnn_lstm_ae_cur1_w1s,time_block,1,0,FP,normal_190,1,4,저부하,,
cnn_lstm_ae_cur1_w1s,time_block,1,0,FP,normal_201,1,3,고부하,,
cnn_lstm_ae_cur1_w1s,time_block,1,0,FP,normal_206,1,3,저부하,,
cnn_lstm_ae_cur1_w1s,time_block,1,0,FP,normal_208,1,1,고부하,,
cnn_lstm_ae_cur1_w1s,time_block,1,0,FP,normal_212,2,6,고부하,,
cnn_lstm_ae_cur1_w1s,time_block,1,0,FP,normal_215,1,1,저부하,,
cnn_lstm_ae_cur1_w1s,time_block,1,0,FP,normal_219,2,3,고부하,,
cnn_lstm_ae_cur1_w1s,time_block,1,0,FP,normal_224,1,4,고부하,,
cnn_lstm_ae_cur1_w1s,time_block,1,0,FP,normal_235,1,7,고부하,,
cnn_lstm_ae_cur1_w1s,time_block,1,0,FP,normal_236,1,4,저부하,,
cnn_lstm_ae_cur1_w1s,time_block,2,0,FP,normal_280,1,9,고부하,,
cnn_lstm_ae_cur1_w1s,time_block,2,0,FP,normal_283,2,3,고부하,,
cnn_lstm_ae_cur1_w1s,time_block,2,0,FP,normal_289,3,3,고부하,,
cnn_lstm_ae_cur1_w1s,time_block,2,0,FP,normal_301,2,3,고부하,,
cnn_lstm_ae_cur1_w1s,time_block,2,0,FP,normal_307,1,3,저부하,,
cnn_lstm_ae_cur1_w1s,time_block,2,0,FP,normal_317,1,7,고부하,,
cnn_lstm_ae_cur1_w1s,time_block,2,0,FP,normal_322,1,9,고부하,,
cnn_lstm_ae_cur1_w1s,time_block,2,0,FP,normal_345,1,1,고부하,,
cnn_lstm_ae_cur1_w1s,time_block,3,0,FP,normal_367,2,6,고부하,,
cnn_lstm_ae_cur1_w1s,time_block,3,0,FP,normal_372,1,9,고부하,,
cnn_lstm_ae_cur1_w1s,time_block,3,0,FP,normal_379,1,7,고부하,,
cnn_lstm_ae_cur1_w1s,time_block,3,0,FP,normal_393,1,1,고부하,,
cnn_lstm_ae_cur1_w1s,time_block,3,0,FP,normal_395,1,9,고부하,,
cnn_lstm_ae_cur1_w1s,time_block,3,0,FP,normal_401,3,8,고부하,,
cnn_lstm_ae_cur1_w1s,time_block,3,0,FP,normal_409,1,1,고부하,,
cnn_lstm_ae_cur1_w1s,time_block,3,0,FP,normal_420,3,3,고부하,,
cnn_lstm_ae_cur1_w1s,time_block,3,0,FP,normal_425,1,3,고부하,,
cnn_lstm_ae_cur1_w1s,time_block,3,0,FP,normal_426,1,1,저부하,,
cnn_lstm_ae_cur1_w1s,time_block,3,0,FP,normal_432,1,1,고부하,,
cnn_lstm_ae_cur1_w1s,time_block,3,0,FP,normal_437,1,1,저부하,,
cnn_lstm_ae_cur1_w1s,time_block,3,0,FP,normal_441,1,2,고부하,,
cnn_lstm_ae_cur1_w1s,time_block,3,0,FP,normal_445,1,7,고부하,,
cnn_lstm_ae_cur1_w1s,time_block,3,0,FP,normal_452,1,3,고부하,,
cnn_lstm_ae_cur1_w1s,time_block,4,0,FP,normal_488,1,3,저부하,,
cnn_lstm_ae_cur1_w1s,time_block,4,0,FP,normal_523,1,1,저부하,,
cnn_lstm_ae_cur1_w1s,time_block,4,0,FP,normal_529,1,1,저부하,,
cnn_lstm_ae_cur1_w1s,time_block,4,0,FP,normal_535,1,1,저부하,,
cnn_lstm_ae_cur1_w1s,time_block,4,0,FP,normal_575,1,9,고부하,,
cnn_lstm_ae_cur1_w1s,time_block,4,0,FP,normal_585,1,1,저부하,,
cnn_lstm_ae_all3_res_w1s,group_kfold_seg,0,0,FP,normal_172,1,4,고부하,,
cnn_lstm_ae_all3_res_w1s,group_kfold_seg,0,0,FP,normal_178,5,5,고부하,,
cnn_lstm_ae_all3_res_w1s,group_kfold_seg,0,0,FP,normal_251,2,9,고부하,,
cnn_lstm_ae_all3_res_w1s,group_kfold_seg,0,0,FP,normal_310,6,9,고부하,,
cnn_lstm_ae_all3_res_w1s,group_kfold_seg,0,0,FP,normal_331,2,5,고부하,,
cnn_lstm_ae_all3_res_w1s,group_kfold_seg,0,0,FP,normal_359,4,9,고부하,,
cnn_lstm_ae_all3_res_w1s,group_kfold_seg,0,0,FP,normal_38,1,1,고부하,,
cnn_lstm_ae_all3_res_w1s,group_kfold_seg,0,0,FP,normal_403,1,3,고부하,,
cnn_lstm_ae_all3_res_w1s,group_kfold_seg,0,0,FP,normal_413,2,4,고부하,,
cnn_lstm_ae_all3_res_w1s,group_kfold_seg,0,0,FP,normal_437,1,1,저부하,,
cnn_lstm_ae_all3_res_w1s,group_kfold_seg,0,0,FP,normal_460,2,9,고부하,,
cnn_lstm_ae_all3_res_w1s,group_kfold_seg,0,0,FP,normal_52,6,9,고부하,,
cnn_lstm_ae_all3_res_w1s,group_kfold_seg,1,0,FP,normal_128,2,6,고부하,,
cnn_lstm_ae_all3_res_w1s,group_kfold_seg,1,0,FP,normal_158,4,9,고부하,,
cnn_lstm_ae_all3_res_w1s,group_kfold_seg,1,0,FP,normal_209,1,9,고부하,,
cnn_lstm_ae_all3_res_w1s,group_kfold_seg,1,0,FP,normal_36,1,6,고부하,,
cnn_lstm_ae_all3_res_w1s,group_kfold_seg,1,0,FP,normal_420,2,3,고부하,,
cnn_lstm_ae_all3_res_w1s,group_kfold_seg,1,0,FP,normal_422,1,9,고부하,,
cnn_lstm_ae_all3_res_w1s,group_kfold_seg,1,0,FP,normal_449,2,9,고부하,,
cnn_lstm_ae_all3_res_w1s,group_kfold_seg,1,0,FP,normal_455,2,9,고부하,,
cnn_lstm_ae_all3_res_w1s,group_kfold_seg,1,0,FP,normal_563,1,7,고부하,,
cnn_lstm_ae_all3_res_w1s,group_kfold_seg,1,0,FP,normal_569,2,7,고부하,,
cnn_lstm_ae_all3_res_w1s,group_kfold_seg,1,0,FP,normal_63,4,9,고부하,,
cnn_lstm_ae_all3_res_w1s,group_kfold_seg,1,0,FP,normal_67,2,9,고부하,,
cnn_lstm_ae_all3_res_w1s,group_kfold_seg,2,0,FP,normal_125,2,9,고부하,,
cnn_lstm_ae_all3_res_w1s,group_kfold_seg,2,0,FP,normal_290,1,1,저부하,,
cnn_lstm_ae_all3_res_w1s,group_kfold_seg,2,0,FP,normal_575,1,9,고부하,,
cnn_lstm_ae_all3_res_w1s,group_kfold_seg,3,0,FP,normal_13,2,4,고부하,,
cnn_lstm_ae_all3_res_w1s,group_kfold_seg,3,0,FP,normal_21,1,1,저부하,,
cnn_lstm_ae_all3_res_w1s,group_kfold_seg,3,0,FP,normal_267,1,4,고부하,,
cnn_lstm_ae_all3_res_w1s,group_kfold_seg,3,0,FP,normal_289,3,3,고부하,,
cnn_lstm_ae_all3_res_w1s,group_kfold_seg,3,0,FP,normal_303,5,9,고부하,,
cnn_lstm_ae_all3_res_w1s,group_kfold_seg,3,0,FP,normal_366,3,9,고부하,,
cnn_lstm_ae_all3_res_w1s,group_kfold_seg,3,0,FP,normal_409,1,1,고부하,,
cnn_lstm_ae_all3_res_w1s,group_kfold_seg,3,0,FP,normal_410,1,9,고부하,,
cnn_lstm_ae_all3_res_w1s,group_kfold_seg,4,0,FP,normal_127,1,8,고부하,,
cnn_lstm_ae_all3_res_w1s,group_kfold_seg,4,0,FP,normal_201,2,3,고부하,,
cnn_lstm_ae_all3_res_w1s,group_kfold_seg,4,0,FP,normal_204,1,8,고부하,,
cnn_lstm_ae_all3_res_w1s,group_kfold_seg,4,0,FP,normal_219,1,3,고부하,,
cnn_lstm_ae_all3_res_w1s,group_kfold_seg,4,0,FP,normal_235,1,7,고부하,,
cnn_lstm_ae_all3_res_w1s,group_kfold_seg,4,0,FP,normal_301,1,3,고부하,,
cnn_lstm_ae_all3_res_w1s,group_kfold_seg,4,0,FP,normal_328,2,9,고부하,,
cnn_lstm_ae_all3_res_w1s,group_kfold_seg,4,0,FP,normal_329,2,9,고부하,,
cnn_lstm_ae_all3_res_w1s,group_kfold_seg,4,0,FP,normal_379,2,7,고부하,,
cnn_lstm_ae_all3_res_w1s,group_kfold_seg,4,0,FP,normal_432,1,1,고부하,,
cnn_lstm_ae_all3_res_w1s,group_kfold_seg,4,0,FP,normal_452,1,3,고부하,,
cnn_lstm_ae_all3_res_w1s,group_kfold_seg,4,0,FP,normal_469,1,6,고부하,,
cnn_lstm_ae_all3_res_w1s,group_kfold_seg,4,0,FP,normal_47,1,9,고부하,,
cnn_lstm_ae_all3_res_w1s,group_kfold_seg,4,0,FP,normal_5,1,9,고부하,,
cnn_lstm_ae_all3_res_w1s,group_kfold_seg,4,0,FP,normal_55,1,9,고부하,,
cnn_lstm_ae_all3_res_w1s,group_kfold_seg,4,0,FP,normal_89,1,9,고부하,,
cnn_lstm_ae_all3_res_w1s,group_kfold_seg,4,0,FP,normal_95,2,9,고부하,,
cnn_lstm_ae_all3_res_w1s,time_block,1,0,FP,normal_122,2,4,고부하,,
cnn_lstm_ae_all3_res_w1s,time_block,1,0,FP,normal_125,4,9,고부하,,
cnn_lstm_ae_all3_res_w1s,time_block,1,0,FP,normal_127,1,8,고부하,,
cnn_lstm_ae_all3_res_w1s,time_block,1,0,FP,normal_144,2,9,고부하,,
cnn_lstm_ae_all3_res_w1s,time_block,1,0,FP,normal_155,1,5,고부하,,
cnn_lstm_ae_all3_res_w1s,time_block,1,0,FP,normal_170,1,7,고부하,,
cnn_lstm_ae_all3_res_w1s,time_block,1,0,FP,normal_172,1,4,고부하,,
cnn_lstm_ae_all3_res_w1s,time_block,1,0,FP,normal_175,1,9,고부하,,
cnn_lstm_ae_all3_res_w1s,time_block,1,0,FP,normal_178,4,5,고부하,,
cnn_lstm_ae_all3_res_w1s,time_block,1,0,FP,normal_179,1,3,고부하,,
cnn_lstm_ae_all3_res_w1s,time_block,1,0,FP,normal_189,1,6,고부하,,
cnn_lstm_ae_all3_res_w1s,time_block,1,0,FP,normal_191,1,1,고부하,,
cnn_lstm_ae_all3_res_w1s,time_block,1,0,FP,normal_193,4,9,고부하,,
cnn_lstm_ae_all3_res_w1s,time_block,1,0,FP,normal_198,3,9,고부하,,
cnn_lstm_ae_all3_res_w1s,time_block,1,0,FP,normal_212,3,6,고부하,,
cnn_lstm_ae_all3_res_w1s,time_block,1,0,FP,normal_216,3,9,고부하,,
cnn_lstm_ae_all3_res_w1s,time_block,1,0,FP,normal_219,1,3,고부하,,
cnn_lstm_ae_all3_res_w1s,time_block,1,0,FP,normal_221,5,9,고부하,,
cnn_lstm_ae_all3_res_w1s,time_block,1,0,FP,normal_227,2,9,고부하,,
cnn_lstm_ae_all3_res_w1s,time_block,2,0,FP,normal_251,3,9,고부하,,
cnn_lstm_ae_all3_res_w1s,time_block,2,0,FP,normal_259,1,5,고부하,,
cnn_lstm_ae_all3_res_w1s,time_block,2,0,FP,normal_265,3,9,고부하,,
cnn_lstm_ae_all3_res_w1s,time_block,2,0,FP,normal_273,2,8,고부하,,
cnn_lstm_ae_all3_res_w1s,time_block,2,0,FP,normal_276,1,5,고부하,,
cnn_lstm_ae_all3_res_w1s,time_block,2,0,FP,normal_283,2,3,고부하,,
cnn_lstm_ae_all3_res_w1s,time_block,2,0,FP,normal_292,5,9,고부하,,
cnn_lstm_ae_all3_res_w1s,time_block,2,0,FP,normal_303,8,9,고부하,,
cnn_lstm_ae_all3_res_w1s,time_block,2,0,FP,normal_310,5,9,고부하,,
cnn_lstm_ae_all3_res_w1s,time_block,2,0,FP,normal_311,1,6,저부하,,
cnn_lstm_ae_all3_res_w1s,time_block,2,0,FP,normal_317,1,7,고부하,,
cnn_lstm_ae_all3_res_w1s,time_block,2,0,FP,normal_331,1,5,고부하,,
cnn_lstm_ae_all3_res_w1s,time_block,2,0,FP,normal_334,1,9,고부하,,
cnn_lstm_ae_all3_res_w1s,time_block,2,0,FP,normal_340,1,9,저부하,,
cnn_lstm_ae_all3_res_w1s,time_block,2,0,FP,normal_355,2,8,저부하,,
cnn_lstm_ae_all3_res_w1s,time_block,2,0,FP,normal_359,6,9,고부하,,
cnn_lstm_ae_all3_res_w1s,time_block,3,0,FP,normal_366,1,9,고부하,,
cnn_lstm_ae_all3_res_w1s,time_block,3,0,FP,normal_395,1,9,고부하,,
cnn_lstm_ae_all3_res_w1s,time_block,3,0,FP,normal_409,1,1,고부하,,
cnn_lstm_ae_all3_res_w1s,time_block,3,0,FP,normal_413,1,4,고부하,,
cnn_lstm_ae_all3_res_w1s,time_block,3,0,FP,normal_420,3,3,고부하,,
cnn_lstm_ae_all3_res_w1s,time_block,3,0,FP,normal_421,1,1,저부하,,
cnn_lstm_ae_all3_res_w1s,time_block,3,0,FP,normal_422,5,9,고부하,,
cnn_lstm_ae_all3_res_w1s,time_block,3,0,FP,normal_425,1,3,고부하,,
cnn_lstm_ae_all3_res_w1s,time_block,3,0,FP,normal_432,1,1,고부하,,
cnn_lstm_ae_all3_res_w1s,time_block,3,0,FP,normal_437,1,1,저부하,,
cnn_lstm_ae_all3_res_w1s,time_block,3,0,FP,normal_445,1,7,고부하,,
cnn_lstm_ae_all3_res_w1s,time_block,3,0,FP,normal_449,3,9,고부하,,
cnn_lstm_ae_all3_res_w1s,time_block,3,0,FP,normal_452,2,3,고부하,,
cnn_lstm_ae_all3_res_w1s,time_block,3,0,FP,normal_455,3,9,고부하,,
cnn_lstm_ae_all3_res_w1s,time_block,3,0,FP,normal_460,1,9,고부하,,
cnn_lstm_ae_all3_res_w1s,time_block,4,0,FP,normal_569,2,7,고부하,,
cnn_lstm_ae_all3_res_w1s,time_block,4,0,FP,normal_585,1,1,저부하,,
cnn_lstm_ae_all3_zwin_w1s,group_kfold_seg,0,0,FP,normal_16,1,9,고부하,,
cnn_lstm_ae_all3_zwin_w1s,group_kfold_seg,0,0,FP,normal_272,1,7,저부하,,
cnn_lstm_ae_all3_zwin_w1s,group_kfold_seg,0,0,FP,normal_35,1,6,저부하,,
cnn_lstm_ae_all3_zwin_w1s,group_kfold_seg,0,0,FP,normal_476,1,1,저부하,,
cnn_lstm_ae_all3_zwin_w1s,group_kfold_seg,0,0,FP,normal_479,1,9,저부하,,
cnn_lstm_ae_all3_zwin_w1s,group_kfold_seg,0,0,FP,normal_481,1,7,저부하,,
cnn_lstm_ae_all3_zwin_w1s,group_kfold_seg,0,0,FP,normal_511,1,6,저부하,,
cnn_lstm_ae_all3_zwin_w1s,group_kfold_seg,0,0,FP,normal_521,1,6,저부하,,
cnn_lstm_ae_all3_zwin_w1s,group_kfold_seg,0,0,FP,normal_61,1,9,저부하,,
cnn_lstm_ae_all3_zwin_w1s,group_kfold_seg,0,0,FP,normal_86,1,5,저부하,,
cnn_lstm_ae_all3_zwin_w1s,group_kfold_seg,1,0,FP,normal_112,1,9,저부하,,
cnn_lstm_ae_all3_zwin_w1s,group_kfold_seg,1,0,FP,normal_184,1,5,저부하,,
cnn_lstm_ae_all3_zwin_w1s,group_kfold_seg,1,0,FP,normal_299,1,8,저부하,,
cnn_lstm_ae_all3_zwin_w1s,group_kfold_seg,1,0,FP,normal_315,1,9,저부하,,
cnn_lstm_ae_all3_zwin_w1s,group_kfold_seg,1,0,FP,normal_365,1,9,저부하,,
cnn_lstm_ae_all3_zwin_w1s,group_kfold_seg,1,0,FP,normal_41,1,9,저부하,,
cnn_lstm_ae_all3_zwin_w1s,group_kfold_seg,1,0,FP,normal_42,1,9,저부하,,
cnn_lstm_ae_all3_zwin_w1s,group_kfold_seg,1,0,FP,normal_503,1,1,저부하,,
cnn_lstm_ae_all3_zwin_w1s,group_kfold_seg,1,0,FP,normal_515,1,9,저부하,,
cnn_lstm_ae_all3_zwin_w1s,group_kfold_seg,1,0,FP,normal_557,1,8,저부하,,
cnn_lstm_ae_all3_zwin_w1s,group_kfold_seg,1,0,FP,normal_561,1,9,저부하,,
cnn_lstm_ae_all3_zwin_w1s,group_kfold_seg,1,0,FP,normal_569,1,7,고부하,,
cnn_lstm_ae_all3_zwin_w1s,group_kfold_seg,2,0,FP,normal_145,1,9,고부하,,
cnn_lstm_ae_all3_zwin_w1s,group_kfold_seg,2,0,FP,normal_23,2,9,저부하,,
cnn_lstm_ae_all3_zwin_w1s,group_kfold_seg,2,0,FP,normal_239,1,9,저부하,,
cnn_lstm_ae_all3_zwin_w1s,group_kfold_seg,2,0,FP,normal_252,1,9,저부하,,
cnn_lstm_ae_all3_zwin_w1s,group_kfold_seg,2,0,FP,normal_257,1,9,저부하,,
cnn_lstm_ae_all3_zwin_w1s,group_kfold_seg,2,0,FP,normal_266,1,6,저부하,,
cnn_lstm_ae_all3_zwin_w1s,group_kfold_seg,2,0,FP,normal_281,1,8,저부하,,
cnn_lstm_ae_all3_zwin_w1s,group_kfold_seg,2,0,FP,normal_286,1,9,고부하,,
cnn_lstm_ae_all3_zwin_w1s,group_kfold_seg,2,0,FP,normal_371,1,9,저부하,,
cnn_lstm_ae_all3_zwin_w1s,group_kfold_seg,2,0,FP,normal_4,1,9,저부하,,
cnn_lstm_ae_all3_zwin_w1s,group_kfold_seg,2,0,FP,normal_439,1,8,저부하,,
cnn_lstm_ae_all3_zwin_w1s,group_kfold_seg,2,0,FP,normal_443,1,9,저부하,,
cnn_lstm_ae_all3_zwin_w1s,group_kfold_seg,2,0,FP,normal_475,1,4,저부하,,
cnn_lstm_ae_all3_zwin_w1s,group_kfold_seg,2,0,FP,normal_483,1,7,저부하,,
cnn_lstm_ae_all3_zwin_w1s,group_kfold_seg,2,0,FP,normal_498,1,9,저부하,,
cnn_lstm_ae_all3_zwin_w1s,group_kfold_seg,2,0,FP,normal_499,1,9,저부하,,
cnn_lstm_ae_all3_zwin_w1s,group_kfold_seg,2,0,FP,normal_542,2,9,저부하,,
cnn_lstm_ae_all3_zwin_w1s,group_kfold_seg,2,0,FP,normal_543,1,9,저부하,,
cnn_lstm_ae_all3_zwin_w1s,group_kfold_seg,2,0,FP,normal_550,1,8,저부하,,
cnn_lstm_ae_all3_zwin_w1s,group_kfold_seg,2,0,FP,normal_555,1,9,저부하,,
cnn_lstm_ae_all3_zwin_w1s,group_kfold_seg,2,0,FP,normal_56,1,9,저부하,,
cnn_lstm_ae_all3_zwin_w1s,group_kfold_seg,2,0,FP,normal_575,2,9,고부하,,
cnn_lstm_ae_all3_zwin_w1s,group_kfold_seg,2,0,FP,normal_69,1,9,저부하,,
cnn_lstm_ae_all3_zwin_w1s,group_kfold_seg,3,0,FP,normal_120,1,9,저부하,,
cnn_lstm_ae_all3_zwin_w1s,group_kfold_seg,3,0,FP,normal_129,1,3,저부하,,
cnn_lstm_ae_all3_zwin_w1s,group_kfold_seg,3,0,FP,normal_152,1,9,저부하,,
cnn_lstm_ae_all3_zwin_w1s,group_kfold_seg,3,0,FP,normal_17,1,6,저부하,,
cnn_lstm_ae_all3_zwin_w1s,group_kfold_seg,3,0,FP,normal_187,1,9,저부하,,
cnn_lstm_ae_all3_zwin_w1s,group_kfold_seg,3,0,FP,normal_222,1,9,저부하,,
cnn_lstm_ae_all3_zwin_w1s,group_kfold_seg,3,0,FP,normal_240,1,9,저부하,,
cnn_lstm_ae_all3_zwin_w1s,group_kfold_seg,3,0,FP,normal_25,1,4,저부하,,
cnn_lstm_ae_all3_zwin_w1s,group_kfold_seg,3,0,FP,normal_294,1,7,저부하,,
cnn_lstm_ae_all3_zwin_w1s,group_kfold_seg,3,0,FP,normal_377,1,9,저부하,,
cnn_lstm_ae_all3_zwin_w1s,group_kfold_seg,3,0,FP,normal_482,1,9,저부하,,
cnn_lstm_ae_all3_zwin_w1s,group_kfold_seg,3,0,FP,normal_486,1,7,저부하,,
cnn_lstm_ae_all3_zwin_w1s,group_kfold_seg,3,0,FP,normal_512,1,4,저부하,,
cnn_lstm_ae_all3_zwin_w1s,group_kfold_seg,3,0,FP,normal_66,1,9,고부하,,
cnn_lstm_ae_all3_zwin_w1s,group_kfold_seg,4,0,FP,normal_12,1,7,고부하,,
cnn_lstm_ae_all3_zwin_w1s,group_kfold_seg,4,0,FP,normal_126,1,9,저부하,,
cnn_lstm_ae_all3_zwin_w1s,group_kfold_seg,4,0,FP,normal_127,1,8,고부하,,
cnn_lstm_ae_all3_zwin_w1s,group_kfold_seg,4,0,FP,normal_200,1,5,저부하,,
cnn_lstm_ae_all3_zwin_w1s,group_kfold_seg,4,0,FP,normal_304,1,9,저부하,,
cnn_lstm_ae_all3_zwin_w1s,group_kfold_seg,4,0,FP,normal_326,1,2,저부하,,
cnn_lstm_ae_all3_zwin_w1s,group_kfold_seg,4,0,FP,normal_337,2,5,저부하,,
cnn_lstm_ae_all3_zwin_w1s,group_kfold_seg,4,0,FP,normal_385,1,7,저부하,,
cnn_lstm_ae_all3_zwin_w1s,group_kfold_seg,4,0,FP,normal_484,1,7,저부하,,
cnn_lstm_ae_all3_zwin_w1s,group_kfold_seg,4,0,FP,normal_504,2,9,저부하,,
cnn_lstm_ae_all3_zwin_w1s,group_kfold_seg,4,0,FP,normal_516,1,7,저부하,,
cnn_lstm_ae_all3_zwin_w1s,group_kfold_seg,4,0,FP,normal_520,1,9,저부하,,
cnn_lstm_ae_all3_zwin_w1s,group_kfold_seg,4,0,FP,normal_536,1,9,저부하,,
cnn_lstm_ae_all3_zwin_w1s,group_kfold_seg,4,0,FP,normal_548,2,9,저부하,,
cnn_lstm_ae_all3_zwin_w1s,group_kfold_seg,4,0,FP,normal_549,1,8,저부하,,
cnn_lstm_ae_all3_zwin_w1s,group_kfold_seg,4,0,FP,normal_579,1,3,저부하,,
cnn_lstm_ae_all3_zwin_w1s,group_kfold_seg,4,0,FP,normal_581,1,9,저부하,,
cnn_lstm_ae_all3_zwin_w1s,group_kfold_seg,4,0,FP,normal_588,1,7,저부하,,
cnn_lstm_ae_all3_zwin_w1s,group_kfold_seg,4,0,FP,normal_91,1,6,저부하,,
cnn_lstm_ae_all3_zwin_w1s,time_block,1,0,FP,normal_120,2,9,저부하,,
cnn_lstm_ae_all3_zwin_w1s,time_block,1,0,FP,normal_122,1,4,고부하,,
cnn_lstm_ae_all3_zwin_w1s,time_block,1,0,FP,normal_123,1,2,저부하,,
cnn_lstm_ae_all3_zwin_w1s,time_block,1,0,FP,normal_126,2,9,저부하,,
cnn_lstm_ae_all3_zwin_w1s,time_block,1,0,FP,normal_127,1,8,고부하,,
cnn_lstm_ae_all3_zwin_w1s,time_block,1,0,FP,normal_132,1,8,저부하,,
cnn_lstm_ae_all3_zwin_w1s,time_block,1,0,FP,normal_136,1,9,고부하,,
cnn_lstm_ae_all3_zwin_w1s,time_block,1,0,FP,normal_139,1,6,저부하,,
cnn_lstm_ae_all3_zwin_w1s,time_block,1,0,FP,normal_146,2,7,저부하,,
cnn_lstm_ae_all3_zwin_w1s,time_block,1,0,FP,normal_148,1,4,저부하,,
cnn_lstm_ae_all3_zwin_w1s,time_block,1,0,FP,normal_158,1,9,고부하,,
cnn_lstm_ae_all3_zwin_w1s,time_block,1,0,FP,normal_159,1,9,저부하,,
cnn_lstm_ae_all3_zwin_w1s,time_block,1,0,FP,normal_170,1,7,고부하,,
cnn_lstm_ae_all3_zwin_w1s,time_block,1,0,FP,normal_178,1,5,고부하,,
cnn_lstm_ae_all3_zwin_w1s,time_block,1,0,FP,normal_183,1,5,저부하,,
cnn_lstm_ae_all3_zwin_w1s,time_block,1,0,FP,normal_193,1,9,고부하,,
cnn_lstm_ae_all3_zwin_w1s,time_block,1,0,FP,normal_198,1,9,고부하,,
cnn_lstm_ae_all3_zwin_w1s,time_block,1,0,FP,normal_199,1,8,고부하,,
cnn_lstm_ae_all3_zwin_w1s,time_block,1,0,FP,normal_203,1,9,저부하,,
cnn_lstm_ae_all3_zwin_w1s,time_block,1,0,FP,normal_210,1,9,저부하,,
cnn_lstm_ae_all3_zwin_w1s,time_block,1,0,FP,normal_211,1,9,고부하,,
cnn_lstm_ae_all3_zwin_w1s,time_block,1,0,FP,normal_221,1,9,고부하,,
cnn_lstm_ae_all3_zwin_w1s,time_block,1,0,FP,normal_230,1,5,저부하,,
cnn_lstm_ae_all3_zwin_w1s,time_block,1,0,FP,normal_231,1,2,고부하,,
cnn_lstm_ae_all3_zwin_w1s,time_block,1,0,FP,normal_234,1,9,저부하,,
cnn_lstm_ae_all3_zwin_w1s,time_block,1,0,FP,normal_236,1,4,저부하,,
cnn_lstm_ae_all3_zwin_w1s,time_block,2,0,FP,normal_240,1,9,저부하,,
cnn_lstm_ae_all3_zwin_w1s,time_block,2,0,FP,normal_248,1,6,고부하,,
cnn_lstm_ae_all3_zwin_w1s,time_block,2,0,FP,normal_251,1,9,고부하,,
cnn_lstm_ae_all3_zwin_w1s,time_block,2,0,FP,normal_257,3,9,저부하,,
cnn_lstm_ae_all3_zwin_w1s,time_block,2,0,FP,normal_264,2,9,고부하,,
cnn_lstm_ae_all3_zwin_w1s,time_block,2,0,FP,normal_265,2,9,고부하,,
cnn_lstm_ae_all3_zwin_w1s,time_block,2,0,FP,normal_273,2,8,고부하,,
cnn_lstm_ae_all3_zwin_w1s,time_block,2,0,FP,normal_274,1,9,저부하,,
cnn_lstm_ae_all3_zwin_w1s,time_block,2,0,FP,normal_277,1,3,저부하,,
cnn_lstm_ae_all3_zwin_w1s,time_block,2,0,FP,normal_281,1,8,저부하,,
cnn_lstm_ae_all3_zwin_w1s,time_block,2,0,FP,normal_288,1,6,저부하,,
cnn_lstm_ae_all3_zwin_w1s,time_block,2,0,FP,normal_292,1,9,고부하,,
cnn_lstm_ae_all3_zwin_w1s,time_block,2,0,FP,normal_296,1,3,저부하,,
cnn_lstm_ae_all3_zwin_w1s,time_block,2,0,FP,normal_313,1,2,고부하,,
cnn_lstm_ae_all3_zwin_w1s,time_block,2,0,FP,normal_323,1,9,저부하,,
cnn_lstm_ae_all3_zwin_w1s,time_block,2,0,FP,normal_330,1,7,저부하,,
cnn_lstm_ae_all3_zwin_w1s,time_block,2,0,FP,normal_338,1,3,저부하,,
cnn_lstm_ae_all3_zwin_w1s,time_block,2,0,FP,normal_344,1,3,저부하,,
cnn_lstm_ae_all3_zwin_w1s,time_block,2,0,FP,normal_348,1,9,고부하,,
cnn_lstm_ae_all3_zwin_w1s,time_block,2,0,FP,normal_349,1,7,저부하,,
cnn_lstm_ae_all3_zwin_w1s,time_block,2,0,FP,normal_354,1,9,고부하,,
cnn_lstm_ae_all3_zwin_w1s,time_block,2,0,FP,normal_355,2,8,저부하,,
cnn_lstm_ae_all3_zwin_w1s,time_block,3,0,FP,normal_371,1,9,저부하,,
cnn_lstm_ae_all3_zwin_w1s,time_block,3,0,FP,normal_377,1,9,저부하,,
cnn_lstm_ae_all3_zwin_w1s,time_block,3,0,FP,normal_389,1,9,고부하,,
cnn_lstm_ae_all3_zwin_w1s,time_block,3,0,FP,normal_433,1,9,저부하,,
cnn_lstm_ae_all3_zwin_w1s,time_block,3,0,FP,normal_446,1,5,저부하,,
cnn_lstm_ae_all3_zwin_w1s,time_block,3,0,FP,normal_449,1,9,고부하,,
cnn_lstm_ae_all3_zwin_w1s,time_block,3,0,FP,normal_452,1,3,고부하,,
cnn_lstm_ae_all3_zwin_w1s,time_block,3,0,FP,normal_463,1,5,저부하,,
cnn_lstm_ae_all3_zwin_w1s,time_block,3,0,FP,normal_474,1,6,저부하,,
cnn_lstm_ae_all3_zwin_w1s,time_block,3,0,FP,normal_475,1,4,저부하,,
cnn_lstm_ae_all3_zwin_w1s,time_block,3,0,FP,normal_476,1,1,저부하,,
cnn_lstm_ae_all3_zwin_w1s,time_block,3,0,FP,normal_477,2,9,저부하,,
cnn_lstm_ae_all3_zwin_w1s,time_block,3,0,FP,normal_478,1,9,저부하,,
cnn_lstm_ae_all3_zwin_w1s,time_block,4,0,FP,normal_480,2,9,저부하,,
cnn_lstm_ae_all3_zwin_w1s,time_block,4,0,FP,normal_483,1,7,저부하,,
cnn_lstm_ae_all3_zwin_w1s,time_block,4,0,FP,normal_485,1,7,저부하,,
cnn_lstm_ae_all3_zwin_w1s,time_block,4,0,FP,normal_486,1,7,저부하,,
cnn_lstm_ae_all3_zwin_w1s,time_block,4,0,FP,normal_487,1,6,저부하,,
cnn_lstm_ae_all3_zwin_w1s,time_block,4,0,FP,normal_498,1,9,저부하,,
cnn_lstm_ae_all3_zwin_w1s,time_block,4,0,FP,normal_499,1,9,저부하,,
cnn_lstm_ae_all3_zwin_w1s,time_block,4,0,FP,normal_500,1,6,저부하,,
cnn_lstm_ae_all3_zwin_w1s,time_block,4,0,FP,normal_504,1,9,저부하,,
cnn_lstm_ae_all3_zwin_w1s,time_block,4,0,FP,normal_510,1,9,저부하,,
cnn_lstm_ae_all3_zwin_w1s,time_block,4,0,FP,normal_512,1,4,저부하,,
cnn_lstm_ae_all3_zwin_w1s,time_block,4,0,FP,normal_514,1,9,저부하,,
cnn_lstm_ae_all3_zwin_w1s,time_block,4,0,FP,normal_519,1,9,저부하,,
cnn_lstm_ae_all3_zwin_w1s,time_block,4,0,FP,normal_524,1,9,저부하,,
cnn_lstm_ae_all3_zwin_w1s,time_block,4,0,FP,normal_527,1,6,저부하,,
cnn_lstm_ae_all3_zwin_w1s,time_block,4,0,FP,normal_543,1,9,저부하,,
cnn_lstm_ae_all3_zwin_w1s,time_block,4,0,FP,normal_545,1,3,저부하,,
cnn_lstm_ae_all3_zwin_w1s,time_block,4,0,FP,normal_548,1,9,저부하,,
cnn_lstm_ae_all3_zwin_w1s,time_block,4,0,FP,normal_549,1,8,저부하,,
cnn_lstm_ae_all3_zwin_w1s,time_block,4,0,FP,normal_557,1,8,저부하,,
cnn_lstm_ae_all3_zwin_w1s,time_block,4,0,FP,normal_561,1,9,저부하,,
cnn_lstm_ae_all3_zwin_w1s,time_block,4,0,FP,normal_562,1,9,저부하,,
cnn_lstm_ae_all3_zwin_w1s,time_block,4,0,FP,normal_570,1,7,저부하,,
cnn_lstm_ae_all3_zwin_w1s,time_block,4,0,FP,normal_579,1,3,저부하,,
cnn_lstm_ae_all3_zwin_w1s,time_block,4,0,FP,normal_582,1,9,저부하,,
cnn_lstm_ae_all3_zwin_w1s,time_block,4,0,FP,normal_588,1,7,저부하,,
cnn_lstm_ae_all3_zwin_w1s,time_block,4,0,FP,normal_593,1,8,저부하,,
