split,fold,cal_rule,rep,n_cal_seg,high_load_cal,high_load_proper,high_load_test_normal
group_kfold_seg,0,time_latest,0,105,0.1619047619047619,0.5221518987341772,0.4036697247706422
group_kfold_seg,0,random,0,105,0.45714285714285713,0.4240506329113924,0.4036697247706422
group_kfold_seg,0,random,1,105,0.4857142857142857,0.41455696202531644,0.4036697247706422
group_kfold_seg,0,random,2,105,0.41904761904761906,0.43670886075949367,0.4036697247706422
group_kfold_seg,0,random,3,105,0.38095238095238093,0.44936708860759494,0.4036697247706422
group_kfold_seg,0,random,4,105,0.4095238095238095,0.439873417721519,0.4036697247706422
group_kfold_seg,1,time_latest,0,107,0.19626168224299065,0.5015673981191222,0.4326923076923077
group_kfold_seg,1,random,0,107,0.4766355140186916,0.40752351097178685,0.4326923076923077
group_kfold_seg,1,random,1,107,0.40186915887850466,0.43260188087774293,0.4326923076923077
group_kfold_seg,1,random,2,107,0.4205607476635514,0.4263322884012539,0.4326923076923077
group_kfold_seg,1,random,3,107,0.42990654205607476,0.4231974921630094,0.4326923076923077
group_kfold_seg,1,random,4,107,0.4766355140186916,0.40752351097178685,0.4326923076923077
group_kfold_seg,2,time_latest,0,107,0.1588785046728972,0.5358255451713395,0.3627450980392157
group_kfold_seg,2,random,0,107,0.4205607476635514,0.4485981308411215,0.3627450980392157
group_kfold_seg,2,random,1,107,0.5233644859813084,0.4143302180685358,0.3627450980392157
group_kfold_seg,2,random,2,107,0.3925233644859813,0.45794392523364486,0.3627450980392157
group_kfold_seg,2,random,3,107,0.4485981308411215,0.4392523364485981,0.3627450980392157
group_kfold_seg,2,random,4,107,0.4766355140186916,0.42990654205607476,0.3627450980392157
group_kfold_seg,3,time_latest,0,105,0.1523809523809524,0.5238095238095238,0.4090909090909091
group_kfold_seg,3,random,0,105,0.5142857142857142,0.4031746031746032,0.4090909090909091
group_kfold_seg,3,random,1,105,0.38095238095238093,0.44761904761904764,0.4090909090909091
group_kfold_seg,3,random,2,105,0.4,0.44126984126984126,0.4090909090909091
group_kfold_seg,3,random,3,105,0.44761904761904764,0.4253968253968254,0.4090909090909091
group_kfold_seg,3,random,4,105,0.41904761904761906,0.43492063492063493,0.4090909090909091
group_kfold_seg,4,time_latest,0,106,0.18867924528301888,0.47335423197492166,0.5238095238095238
group_kfold_seg,4,random,0,106,0.3867924528301887,0.40752351097178685,0.5238095238095238
group_kfold_seg,4,random,1,106,0.3867924528301887,0.40752351097178685,0.5238095238095238
group_kfold_seg,4,random,2,106,0.4339622641509434,0.39184952978056425,0.5238095238095238
group_kfold_seg,4,random,3,106,0.3867924528301887,0.40752351097178685,0.5238095238095238
group_kfold_seg,4,random,4,106,0.4056603773584906,0.4012539184952978,0.5238095238095238
time_block,1,time_latest,0,28,0.5,0.4823529411764706,0.5
time_block,1,random,0,28,0.5357142857142857,0.47058823529411764,0.5
time_block,1,random,1,28,0.5,0.4823529411764706,0.5
time_block,1,random,2,28,0.4642857142857143,0.49411764705882355,0.5
time_block,1,random,3,28,0.5714285714285714,0.4588235294117647,0.5
time_block,1,random,4,28,0.5,0.4823529411764706,0.5
time_block,2,time_latest,0,54,0.5,0.4906832298136646,0.47474747474747475
time_block,2,random,0,54,0.46296296296296297,0.5031055900621118,0.47474747474747475
time_block,2,random,1,54,0.5,0.4906832298136646,0.47474747474747475
time_block,2,random,2,54,0.42592592592592593,0.515527950310559,0.47474747474747475
time_block,2,random,3,54,0.48148148148148145,0.4968944099378882,0.47474747474747475
time_block,2,random,4,54,0.4444444444444444,0.5093167701863354,0.47474747474747475
time_block,3,time_latest,0,79,0.4430379746835443,0.502127659574468,0.5277777777777778
time_block,3,random,0,79,0.4936708860759494,0.4851063829787234,0.5277777777777778
time_block,3,random,1,79,0.5189873417721519,0.4765957446808511,0.5277777777777778
time_block,3,random,2,79,0.3924050632911392,0.5191489361702127,0.5277777777777778
time_block,3,random,3,79,0.46835443037974683,0.49361702127659574,0.5277777777777778
time_block,3,random,4,79,0.4936708860759494,0.4851063829787234,0.5277777777777778
time_block,4,time_latest,0,106,0.5283018867924528,0.4873417721518987,0.14814814814814814
time_block,4,random,0,106,0.5188679245283019,0.49050632911392406,0.14814814814814814
time_block,4,random,1,106,0.5,0.49683544303797467,0.14814814814814814
time_block,4,random,2,106,0.44339622641509435,0.5158227848101266,0.14814814814814814
time_block,4,random,3,106,0.5,0.49683544303797467,0.14814814814814814
time_block,4,random,4,106,0.5188679245283019,0.49050632911392406,0.14814814814814814
