split,fold,n_train_seg,AI0_Vibration,AI1_Vibration,AI2_Current
group_kfold_seg,0,421,-1.942890293094024e-18,6.938893903907229e-20,0.5719999999999998
group_kfold_seg,1,426,-1.942890293094024e-18,6.938893903907229e-20,0.5960000000000025
group_kfold_seg,2,428,-2.7755575615628914e-19,1.1622647289044606e-18,0.5920000000000001
group_kfold_seg,3,420,-2.0816681711721684e-19,6.938893903907229e-20,0.5720000000000002
group_kfold_seg,4,425,0.0,2.7755575615628914e-19,0.5740000000000003
time_block,1,113,-4.163336342344337e-19,-1.3877787807814458e-18,0.5020000000000002
time_block,2,215,-1.942890293094024e-18,-5.551115123125783e-19,0.552000000000001
time_block,3,314,-1.000000000014878e-08,2.7755575615628914e-19,0.5839999999999994
time_block,4,422,-2.7755575615628914e-19,6.938893903907229e-19,0.5720000000000005
전체 정상(노트북 사용값),-1,599,-2.7755575615628914e-19,2.7755575615628914e-19,0.5759999999999994
