label,channel,metric,n_seg,q05,q50,q95
정상,AI0_Vibration,lin_r2,452,9.091673148751785e-05,0.009697242630714007,0.22294089038828993
정상,AI0_Vibration,halfdiff_over_std,452,-0.7053589863981038,0.013347209333919434,0.7201069619257129
정상,AI0_Vibration,lf_frac,452,0.0,0.0,0.23280243867525918
정상,AI1_Vibration,lin_r2,452,6.790788919756729e-05,0.004238547987287558,0.08458682902767503
정상,AI1_Vibration,halfdiff_over_std,452,-0.42317936030888464,0.010416945709192936,0.38204132014447684
정상,AI1_Vibration,lf_frac,452,0.0,0.0,0.05639308772464871
정상,AI2_Current,lin_r2,452,9.002085792040538e-05,0.023222495764896506,0.11333569827624304
정상,AI2_Current,halfdiff_over_std,452,-0.5890917658605973,-0.0006606550182551654,0.6015900621125001
정상,AI2_Current,lf_frac,452,0.0,0.0,8.163391270202364e-05
이상,AI0_Vibration,lin_r2,13,0.011501023576057106,0.028767867543082307,0.14943786867053535
이상,AI0_Vibration,halfdiff_over_std,13,-0.45706752606051904,0.13525150122977114,0.7377085550136174
이상,AI0_Vibration,lf_frac,13,0.0,0.0,0.07929113834669797
이상,AI1_Vibration,lin_r2,13,0.0011433060916704414,0.10686399600261277,0.4070393281811242
이상,AI1_Vibration,halfdiff_over_std,13,-0.8618431692068537,-0.11115275077627029,0.8482416227559919
이상,AI1_Vibration,lf_frac,13,0.0,0.0,0.2206992068818088
이상,AI2_Current,lin_r2,13,0.013127547506852275,0.13646390948795759,0.6955804385499436
이상,AI2_Current,halfdiff_over_std,13,-1.1845053007462583,0.33868802194037617,1.3552850561795187
이상,AI2_Current,lf_frac,13,0.0,0.0,0.5278915227054538
