group,seg_uid,n,current_dc,abs_dc_q95,abs_dc_q99,abs_dc_max
정상 요약,n_seg=413,,,23.30463157894736,34.22807662835249,52.94166666666666
이상,outlier_17,36.0,272.42777777777775,,,272.42777777777775
이상,outlier_16,50.0,231.88400000000001,,,231.88400000000001
이상,outlier_18,24.0,225.54999999999998,,,225.54999999999998
이상,outlier_15,50.0,155.362,,,155.362
이상,outlier_13,28.0,97.24999999999997,,,97.24999999999997
이상,outlier_7,40.0,-81.42,,,81.42
이상,outlier_6,50.0,-74.38799999999999,,,74.38799999999999
이상,outlier_3,31.0,73.4483870967742,,,73.4483870967742
이상,outlier_1,50.0,43.98799999999999,,,43.98799999999999
이상,outlier_8,25.0,-26.232,,,26.232
이상,outlier_11,50.0,-9.795999999999998,,,9.795999999999998
이상,outlier_2,47.0,-9.265957446808509,,,9.265957446808509
이상,outlier_12,42.0,1.9023809523809545,,,1.9023809523809545
