section,length_bin,n_seg,dc_median,absdc_q95,absdc_max,theory_rms_ratio_mean,theory_rms_ratio_min
실측 길이구간(정상 전류),"(0,8]",61.0,11.350000000000001,182.38333333333333,235.6,,
실측 길이구간(정상 전류),"(8,16]",69.0,-2.6812499999999995,90.25555555555533,143.04444444444442,,
실측 길이구간(정상 전류),"(16,25]",77.0,1.6263157894736846,45.274782608695666,52.94166666666666,,
실측 길이구간(정상 전류),"(25,34]",66.0,1.295276292335116,28.16538461538461,34.44444444444445,,
실측 길이구간(정상 전류),"(34,49]",124.0,1.11888888888889,22.507678571428563,31.958536585365852,,
실측 길이구간(정상 전류),[50],202.0,0.5719999999999994,1.1851,1.4520000000000026,,
이론: 평균 제거 후 RMS/참 RMS,n=3,,,,,0.2756930594862578,0.04827904417568143
이론: 평균 제거 후 RMS/참 RMS,n=5,,,,,0.47047340570091567,0.1639286145649338
이론: 평균 제거 후 RMS/참 RMS,n=8,,,,,0.7181087339876431,0.40095960140134196
이론: 평균 제거 후 RMS/참 RMS,n=10,,,,,0.8431358540192679,0.5719304257105453
이론: 평균 제거 후 RMS/참 RMS,n=17,,,,,0.9997815889213584,0.9899830411315987
이론: 평균 제거 후 RMS/참 RMS,n=25,,,,,0.9768106956060237,0.9533520875042981
이론: 평균 제거 후 RMS/참 RMS,n=50,,,,,1.0,0.9999999999999999
