model_id,split,fold,type,seg_uid,n_exceed,n_windows,state,vib_grade,cur_grade
naive_persistence_w1s,group_kfold_seg,0,FP,normal_227,3.0,9.0,고부하,,
naive_persistence_w1s,group_kfold_seg,0,FP,normal_405,1.0,9.0,고부하,,
naive_persistence_w1s,group_kfold_seg,0,FP,normal_413,1.0,4.0,고부하,,
naive_persistence_w1s,group_kfold_seg,0,FP,normal_450,1.0,8.0,고부하,,
naive_persistence_w1s,group_kfold_seg,0,FP,normal_460,2.0,9.0,고부하,,
naive_persistence_w1s,group_kfold_seg,0,FN,outlier_19,,,,정상 유사,확실 이상
ridge_var_w1s,group_kfold_seg,0,FP,normal_178,5.0,5.0,고부하,,
ridge_var_w1s,group_kfold_seg,0,FP,normal_331,4.0,5.0,고부하,,
ridge_var_w1s,group_kfold_seg,0,FP,normal_359,1.0,9.0,고부하,,
ridge_var_w1s,group_kfold_seg,0,FP,normal_413,4.0,4.0,고부하,,
ridge_var_w1s,group_kfold_seg,0,FP,normal_437,1.0,1.0,저부하,,
ridge_var_w1s,group_kfold_seg,0,FP,normal_460,1.0,9.0,고부하,,
ridge_var_w1s,group_kfold_seg,0,FP,normal_52,5.0,9.0,고부하,,
ridge_var_w1s,group_kfold_seg,0,FP,normal_73,2.0,9.0,저부하,,
kalman_innovation_w1s,group_kfold_seg,0,FP,normal_178,5.0,5.0,고부하,,
kalman_innovation_w1s,group_kfold_seg,0,FP,normal_280,1.0,9.0,고부하,,
kalman_innovation_w1s,group_kfold_seg,0,FP,normal_310,1.0,9.0,고부하,,
kalman_innovation_w1s,group_kfold_seg,0,FP,normal_331,1.0,5.0,고부하,,
kalman_innovation_w1s,group_kfold_seg,0,FP,normal_413,2.0,4.0,고부하,,
kalman_innovation_w1s,group_kfold_seg,0,FP,normal_460,5.0,9.0,고부하,,
kalman_innovation_w1s,group_kfold_seg,0,FP,normal_52,2.0,9.0,고부하,,
kalman_innovation_w1s,group_kfold_seg,0,FN,outlier_19,,,,정상 유사,확실 이상
iforest_amp_w1s,group_kfold_seg,0,FP,normal_178,2.0,5.0,고부하,,
iforest_amp_w1s,group_kfold_seg,0,FP,normal_251,2.0,9.0,고부하,,
iforest_amp_w1s,group_kfold_seg,0,FP,normal_310,2.0,9.0,고부하,,
iforest_amp_w1s,group_kfold_seg,0,FP,normal_351,1.0,2.0,고부하,,
iforest_amp_w1s,group_kfold_seg,0,FP,normal_359,1.0,9.0,고부하,,
iforest_amp_w1s,group_kfold_seg,0,FP,normal_427,1.0,9.0,고부하,,
iforest_amp_w1s,group_kfold_seg,0,FP,normal_460,3.0,9.0,고부하,,
iforest_amp_w1s,group_kfold_seg,0,FP,normal_52,1.0,9.0,고부하,,
iforest_amp_w1s,group_kfold_seg,0,FP,normal_62,1.0,9.0,고부하,,
iforest_amp_w1s,group_kfold_seg,0,FN,outlier_19,,,,정상 유사,확실 이상
naive_persistence_w1s,group_kfold_seg,1,FP,normal_193,1.0,9.0,고부하,,
naive_persistence_w1s,group_kfold_seg,1,FP,normal_276,1.0,5.0,고부하,,
naive_persistence_w1s,group_kfold_seg,1,FP,normal_317,1.0,7.0,고부하,,
naive_persistence_w1s,group_kfold_seg,1,FP,normal_322,1.0,9.0,고부하,,
naive_persistence_w1s,group_kfold_seg,1,FP,normal_332,1.0,1.0,고부하,,
naive_persistence_w1s,group_kfold_seg,1,FP,normal_348,1.0,9.0,고부하,,
naive_persistence_w1s,group_kfold_seg,1,FP,normal_354,1.0,9.0,고부하,,
naive_persistence_w1s,group_kfold_seg,1,FP,normal_386,2.0,4.0,고부하,,
naive_persistence_w1s,group_kfold_seg,1,FP,normal_422,2.0,9.0,고부하,,
naive_persistence_w1s,group_kfold_seg,1,FP,normal_94,1.0,9.0,고부하,,
naive_persistence_w1s,group_kfold_seg,1,FN,outlier_20,,,,정상 유사,확실 이상
ridge_var_w1s,group_kfold_seg,1,FP,normal_49,1.0,7.0,고부하,,
ridge_var_w1s,group_kfold_seg,1,FP,normal_569,4.0,7.0,고부하,,
ridge_var_w1s,group_kfold_seg,1,FP,normal_67,3.0,9.0,고부하,,
ridge_var_w1s,group_kfold_seg,1,FP,normal_94,2.0,9.0,고부하,,
kalman_innovation_w1s,group_kfold_seg,1,FP,normal_348,1.0,9.0,고부하,,
kalman_innovation_w1s,group_kfold_seg,1,FP,normal_354,1.0,9.0,고부하,,
kalman_innovation_w1s,group_kfold_seg,1,FP,normal_422,3.0,9.0,고부하,,
kalman_innovation_w1s,group_kfold_seg,1,FP,normal_455,4.0,9.0,고부하,,
kalman_innovation_w1s,group_kfold_seg,1,FP,normal_569,1.0,7.0,고부하,,
kalman_innovation_w1s,group_kfold_seg,1,FP,normal_67,1.0,9.0,고부하,,
kalman_innovation_w1s,group_kfold_seg,1,FN,outlier_20,,,,정상 유사,확실 이상
iforest_amp_w1s,group_kfold_seg,1,FP,normal_140,1.0,3.0,고부하,,
iforest_amp_w1s,group_kfold_seg,1,FP,normal_354,1.0,9.0,고부하,,
iforest_amp_w1s,group_kfold_seg,1,FP,normal_386,2.0,4.0,고부하,,
iforest_amp_w1s,group_kfold_seg,1,FP,normal_422,3.0,9.0,고부하,,
iforest_amp_w1s,group_kfold_seg,1,FP,normal_48,1.0,9.0,저부하,,
iforest_amp_w1s,group_kfold_seg,1,FP,normal_529,1.0,1.0,저부하,,
iforest_amp_w1s,group_kfold_seg,1,FP,normal_569,2.0,7.0,고부하,,
naive_persistence_w1s,group_kfold_seg,2,FP,normal_286,1.0,9.0,고부하,,
naive_persistence_w1s,group_kfold_seg,3,FP,normal_303,1.0,9.0,고부하,,
naive_persistence_w1s,group_kfold_seg,3,FP,normal_342,2.0,8.0,고부하,,
naive_persistence_w1s,group_kfold_seg,3,FP,normal_361,1.0,9.0,고부하,,
naive_persistence_w1s,group_kfold_seg,3,FP,normal_440,1.0,5.0,고부하,,
ridge_var_w1s,group_kfold_seg,3,FP,normal_175,2.0,9.0,고부하,,
kalman_innovation_w1s,group_kfold_seg,3,FP,normal_303,4.0,9.0,고부하,,
kalman_innovation_w1s,group_kfold_seg,3,FP,normal_342,1.0,8.0,고부하,,
kalman_innovation_w1s,group_kfold_seg,3,FP,normal_366,2.0,9.0,고부하,,
kalman_innovation_w1s,group_kfold_seg,3,FP,normal_440,2.0,5.0,고부하,,
iforest_amp_w1s,group_kfold_seg,3,FP,normal_120,1.0,9.0,저부하,,
iforest_amp_w1s,group_kfold_seg,3,FP,normal_13,1.0,4.0,고부하,,
iforest_amp_w1s,group_kfold_seg,3,FP,normal_303,1.0,9.0,고부하,,
iforest_amp_w1s,group_kfold_seg,3,FP,normal_342,2.0,8.0,고부하,,
iforest_amp_w1s,group_kfold_seg,3,FP,normal_366,1.0,9.0,고부하,,
iforest_amp_w1s,group_kfold_seg,3,FP,normal_482,3.0,9.0,저부하,,
iforest_amp_w1s,group_kfold_seg,3,FP,normal_71,1.0,9.0,고부하,,
naive_persistence_w1s,group_kfold_seg,4,FP,normal_108,1.0,9.0,고부하,,
naive_persistence_w1s,group_kfold_seg,4,FP,normal_379,2.0,7.0,고부하,,
naive_persistence_w1s,group_kfold_seg,4,FP,normal_469,3.0,6.0,고부하,,
ridge_var_w1s,group_kfold_seg,4,FP,normal_149,1.0,2.0,고부하,,
ridge_var_w1s,group_kfold_seg,4,FP,normal_201,2.0,3.0,고부하,,
iforest_amp_w1s,group_kfold_seg,4,FP,normal_170,1.0,7.0,고부하,,
naive_persistence_w1s,time_block,1,FP,normal_125,2.0,9.0,고부하,,
naive_persistence_w1s,time_block,1,FP,normal_133,1.0,6.0,고부하,,
naive_persistence_w1s,time_block,1,FP,normal_145,1.0,9.0,고부하,,
naive_persistence_w1s,time_block,1,FP,normal_155,1.0,5.0,고부하,,
naive_persistence_w1s,time_block,1,FP,normal_166,1.0,5.0,고부하,,
naive_persistence_w1s,time_block,1,FP,normal_170,1.0,7.0,고부하,,
naive_persistence_w1s,time_block,1,FP,normal_173,1.0,1.0,고부하,,
naive_persistence_w1s,time_block,1,FP,normal_178,3.0,5.0,고부하,,
naive_persistence_w1s,time_block,1,FP,normal_179,1.0,3.0,고부하,,
naive_persistence_w1s,time_block,1,FP,normal_181,2.0,9.0,고부하,,
naive_persistence_w1s,time_block,1,FP,normal_188,3.0,9.0,고부하,,
naive_persistence_w1s,time_block,1,FP,normal_193,1.0,9.0,고부하,,
naive_persistence_w1s,time_block,1,FP,normal_196,1.0,2.0,고부하,,
naive_persistence_w1s,time_block,1,FP,normal_198,2.0,9.0,고부하,,
naive_persistence_w1s,time_block,1,FP,normal_201,1.0,3.0,고부하,,
naive_persistence_w1s,time_block,1,FP,normal_204,2.0,8.0,고부하,,
naive_persistence_w1s,time_block,1,FP,normal_219,1.0,3.0,고부하,,
naive_persistence_w1s,time_block,1,FP,normal_221,2.0,9.0,고부하,,
naive_persistence_w1s,time_block,1,FP,normal_225,1.0,2.0,고부하,,
naive_persistence_w1s,time_block,1,FP,normal_227,3.0,9.0,고부하,,
naive_persistence_w1s,time_block,1,FN,outlier_19,,,,정상 유사,확실 이상
naive_persistence_w1s,time_block,1,FN,outlier_20,,,,정상 유사,확실 이상
ridge_var_w1s,time_block,1,FP,normal_149,1.0,2.0,고부하,,
ridge_var_w1s,time_block,1,FP,normal_178,5.0,5.0,고부하,,
ridge_var_w1s,time_block,1,FP,normal_201,1.0,3.0,고부하,,
kalman_innovation_w1s,time_block,1,FP,normal_125,2.0,9.0,고부하,,
kalman_innovation_w1s,time_block,1,FP,normal_133,1.0,6.0,고부하,,
kalman_innovation_w1s,time_block,1,FP,normal_145,1.0,9.0,고부하,,
kalman_innovation_w1s,time_block,1,FP,normal_155,1.0,5.0,고부하,,
kalman_innovation_w1s,time_block,1,FP,normal_178,5.0,5.0,고부하,,
kalman_innovation_w1s,time_block,1,FP,normal_181,2.0,9.0,고부하,,
kalman_innovation_w1s,time_block,1,FP,normal_188,2.0,9.0,고부하,,
kalman_innovation_w1s,time_block,1,FP,normal_193,2.0,9.0,고부하,,
kalman_innovation_w1s,time_block,1,FP,normal_198,1.0,9.0,고부하,,
kalman_innovation_w1s,time_block,1,FP,normal_204,1.0,8.0,고부하,,
kalman_innovation_w1s,time_block,1,FP,normal_221,1.0,9.0,고부하,,
kalman_innovation_w1s,time_block,1,FP,normal_227,2.0,9.0,고부하,,
kalman_innovation_w1s,time_block,1,FN,outlier_19,,,,정상 유사,확실 이상
kalman_innovation_w1s,time_block,1,FN,outlier_20,,,,정상 유사,확실 이상
iforest_amp_w1s,time_block,1,FP,normal_120,1.0,9.0,저부하,,
iforest_amp_w1s,time_block,1,FP,normal_122,1.0,4.0,고부하,,
iforest_amp_w1s,time_block,1,FP,normal_145,1.0,9.0,고부하,,
iforest_amp_w1s,time_block,1,FP,normal_149,1.0,2.0,고부하,,
iforest_amp_w1s,time_block,1,FP,normal_154,1.0,8.0,저부하,,
iforest_amp_w1s,time_block,1,FP,normal_155,1.0,5.0,고부하,,
iforest_amp_w1s,time_block,1,FP,normal_170,1.0,7.0,고부하,,
iforest_amp_w1s,time_block,1,FP,normal_178,3.0,5.0,고부하,,
iforest_amp_w1s,time_block,1,FP,normal_188,1.0,9.0,고부하,,
iforest_amp_w1s,time_block,1,FP,normal_201,1.0,3.0,고부하,,
iforest_amp_w1s,time_block,1,FN,outlier_19,,,,정상 유사,확실 이상
naive_persistence_w1s,time_block,2,FP,normal_270,1.0,9.0,고부하,,
naive_persistence_w1s,time_block,2,FP,normal_276,1.0,5.0,고부하,,
naive_persistence_w1s,time_block,2,FP,normal_280,3.0,9.0,고부하,,
naive_persistence_w1s,time_block,2,FP,normal_286,1.0,9.0,고부하,,
naive_persistence_w1s,time_block,2,FP,normal_301,1.0,3.0,고부하,,
naive_persistence_w1s,time_block,2,FP,normal_303,2.0,9.0,고부하,,
naive_persistence_w1s,time_block,2,FP,normal_317,1.0,7.0,고부하,,
naive_persistence_w1s,time_block,2,FP,normal_322,1.0,9.0,고부하,,
naive_persistence_w1s,time_block,2,FP,normal_332,1.0,1.0,고부하,,
naive_persistence_w1s,time_block,2,FP,normal_342,2.0,8.0,고부하,,
naive_persistence_w1s,time_block,2,FP,normal_348,2.0,9.0,고부하,,
naive_persistence_w1s,time_block,2,FP,normal_354,1.0,9.0,고부하,,
naive_persistence_w1s,time_block,2,FP,normal_357,1.0,3.0,고부하,,
naive_persistence_w1s,time_block,2,FN,outlier_19,,,,정상 유사,확실 이상
naive_persistence_w1s,time_block,2,FN,outlier_20,,,,정상 유사,확실 이상
ridge_var_w1s,time_block,2,FP,normal_331,1.0,5.0,고부하,,
kalman_innovation_w1s,time_block,2,FP,normal_270,2.0,9.0,고부하,,
kalman_innovation_w1s,time_block,2,FP,normal_276,1.0,5.0,고부하,,
kalman_innovation_w1s,time_block,2,FP,normal_280,2.0,9.0,고부하,,
kalman_innovation_w1s,time_block,2,FP,normal_283,1.0,3.0,고부하,,
kalman_innovation_w1s,time_block,2,FP,normal_301,2.0,3.0,고부하,,
kalman_innovation_w1s,time_block,2,FP,normal_303,4.0,9.0,고부하,,
kalman_innovation_w1s,time_block,2,FP,normal_310,5.0,9.0,고부하,,
kalman_innovation_w1s,time_block,2,FP,normal_322,2.0,9.0,고부하,,
kalman_innovation_w1s,time_block,2,FP,normal_331,2.0,5.0,고부하,,
kalman_innovation_w1s,time_block,2,FP,normal_334,1.0,9.0,고부하,,
kalman_innovation_w1s,time_block,2,FP,normal_342,2.0,8.0,고부하,,
kalman_innovation_w1s,time_block,2,FP,normal_348,3.0,9.0,고부하,,
kalman_innovation_w1s,time_block,2,FP,normal_354,1.0,9.0,고부하,,
kalman_innovation_w1s,time_block,2,FP,normal_359,3.0,9.0,고부하,,
kalman_innovation_w1s,time_block,2,FN,outlier_19,,,,정상 유사,확실 이상
kalman_innovation_w1s,time_block,2,FN,outlier_20,,,,정상 유사,확실 이상
iforest_amp_w1s,time_block,2,FP,normal_251,1.0,9.0,고부하,,
iforest_amp_w1s,time_block,2,FP,normal_252,1.0,9.0,저부하,,
iforest_amp_w1s,time_block,2,FP,normal_274,1.0,9.0,저부하,,
iforest_amp_w1s,time_block,2,FP,normal_276,1.0,5.0,고부하,,
iforest_amp_w1s,time_block,2,FP,normal_283,1.0,3.0,고부하,,
iforest_amp_w1s,time_block,2,FP,normal_301,1.0,3.0,고부하,,
iforest_amp_w1s,time_block,2,FP,normal_303,1.0,9.0,고부하,,
iforest_amp_w1s,time_block,2,FP,normal_310,2.0,9.0,고부하,,
iforest_amp_w1s,time_block,2,FP,normal_323,1.0,9.0,저부하,,
iforest_amp_w1s,time_block,2,FP,normal_325,1.0,5.0,고부하,,
iforest_amp_w1s,time_block,2,FP,normal_334,1.0,9.0,고부하,,
iforest_amp_w1s,time_block,2,FP,normal_342,2.0,8.0,고부하,,
iforest_amp_w1s,time_block,2,FP,normal_348,1.0,9.0,고부하,,
iforest_amp_w1s,time_block,2,FP,normal_351,1.0,2.0,고부하,,
iforest_amp_w1s,time_block,2,FP,normal_354,1.0,9.0,고부하,,
iforest_amp_w1s,time_block,2,FN,outlier_19,,,,정상 유사,확실 이상
naive_persistence_w1s,time_block,3,FP,normal_361,1.0,9.0,고부하,,
naive_persistence_w1s,time_block,3,FP,normal_379,2.0,7.0,고부하,,
naive_persistence_w1s,time_block,3,FP,normal_386,2.0,4.0,고부하,,
naive_persistence_w1s,time_block,3,FP,normal_405,1.0,9.0,고부하,,
naive_persistence_w1s,time_block,3,FP,normal_410,1.0,9.0,고부하,,
naive_persistence_w1s,time_block,3,FP,normal_411,1.0,9.0,고부하,,
naive_persistence_w1s,time_block,3,FP,normal_413,1.0,4.0,고부하,,
naive_persistence_w1s,time_block,3,FP,normal_422,2.0,9.0,고부하,,
naive_persistence_w1s,time_block,3,FP,normal_440,1.0,5.0,고부하,,
naive_persistence_w1s,time_block,3,FP,normal_450,1.0,8.0,고부하,,
naive_persistence_w1s,time_block,3,FP,normal_460,3.0,9.0,고부하,,
naive_persistence_w1s,time_block,3,FP,normal_469,3.0,6.0,고부하,,
naive_persistence_w1s,time_block,3,FN,outlier_19,,,,정상 유사,확실 이상
naive_persistence_w1s,time_block,3,FN,outlier_20,,,,정상 유사,확실 이상
ridge_var_w1s,time_block,3,FP,normal_413,3.0,4.0,고부하,,
kalman_innovation_w1s,time_block,3,FP,normal_366,2.0,9.0,고부하,,
kalman_innovation_w1s,time_block,3,FP,normal_379,1.0,7.0,고부하,,
kalman_innovation_w1s,time_block,3,FP,normal_413,2.0,4.0,고부하,,
kalman_innovation_w1s,time_block,3,FP,normal_422,3.0,9.0,고부하,,
kalman_innovation_w1s,time_block,3,FP,normal_427,1.0,9.0,고부하,,
kalman_innovation_w1s,time_block,3,FP,normal_440,2.0,5.0,고부하,,
kalman_innovation_w1s,time_block,3,FP,normal_455,4.0,9.0,고부하,,
kalman_innovation_w1s,time_block,3,FP,normal_460,5.0,9.0,고부하,,
kalman_innovation_w1s,time_block,3,FP,normal_469,1.0,6.0,고부하,,
kalman_innovation_w1s,time_block,3,FN,outlier_19,,,,정상 유사,확실 이상
kalman_innovation_w1s,time_block,3,FN,outlier_20,,,,정상 유사,확실 이상
iforest_amp_w1s,time_block,3,FP,normal_386,2.0,4.0,고부하,,
iforest_amp_w1s,time_block,3,FP,normal_422,3.0,9.0,고부하,,
iforest_amp_w1s,time_block,3,FP,normal_460,2.0,9.0,고부하,,
iforest_amp_w1s,time_block,3,FP,normal_469,1.0,6.0,고부하,,
iforest_amp_w1s,time_block,3,FP,normal_472,3.0,9.0,저부하,,
iforest_amp_w1s,time_block,3,FN,outlier_19,,,,정상 유사,확실 이상
naive_persistence_w1s,time_block,4,FN,outlier_19,,,,정상 유사,확실 이상
naive_persistence_w1s,time_block,4,FN,outlier_20,,,,정상 유사,확실 이상
ridge_var_w1s,time_block,4,FP,normal_569,4.0,7.0,고부하,,
kalman_innovation_w1s,time_block,4,FP,normal_569,1.0,7.0,고부하,,
kalman_innovation_w1s,time_block,4,FN,outlier_19,,,,정상 유사,확실 이상
kalman_innovation_w1s,time_block,4,FN,outlier_20,,,,정상 유사,확실 이상
iforest_amp_w1s,time_block,4,FP,normal_482,3.0,9.0,저부하,,
iforest_amp_w1s,time_block,4,FP,normal_514,1.0,9.0,저부하,,
iforest_amp_w1s,time_block,4,FP,normal_529,1.0,1.0,저부하,,
iforest_amp_w1s,time_block,4,FP,normal_532,1.0,9.0,저부하,,
iforest_amp_w1s,time_block,4,FP,normal_551,1.0,8.0,저부하,,
iforest_amp_w1s,time_block,4,FP,normal_557,1.0,8.0,저부하,,
iforest_amp_w1s,time_block,4,FP,normal_569,2.0,7.0,고부하,,
iforest_amp_w1s,time_block,4,FP,normal_582,1.0,9.0,저부하,,
iforest_amp_w1s,time_block,4,FN,outlier_19,,,,정상 유사,확실 이상
