model,split,target_fpr,fold,thr,n_train_seg,train_fpr_realized
rule1_rms_ai0,group_kfold_seg,0.005,0,0.14493380114072768,421,0.004750593824228029
rule1_rms_ai0,group_kfold_seg,0.005,1,0.14720548492544835,426,0.004694835680751174
rule1_rms_ai0,group_kfold_seg,0.005,2,0.1526714703139863,428,0.004672897196261682
rule1_rms_ai0,group_kfold_seg,0.005,3,0.1526714703139863,420,0.004761904761904762
rule1_rms_ai0,group_kfold_seg,0.005,4,0.1526714703139863,425,0.004705882352941176
rule1_rms_ai0,group_kfold_seg,0.01,0,0.1400304614825703,421,0.009501187648456057
rule1_rms_ai0,group_kfold_seg,0.01,1,0.14459898387590914,426,0.009389671361502348
rule1_rms_ai0,group_kfold_seg,0.01,2,0.14720548492544835,428,0.009345794392523364
rule1_rms_ai0,group_kfold_seg,0.01,3,0.14720548492544835,420,0.009523809523809525
rule1_rms_ai0,group_kfold_seg,0.01,4,0.14720548492544835,425,0.009411764705882352
rule1_rms_ai0,group_kfold_seg,0.02,0,0.13381265296671166,421,0.019002375296912115
rule1_rms_ai0,group_kfold_seg,0.02,1,0.13342884081050693,426,0.018779342723004695
rule1_rms_ai0,group_kfold_seg,0.02,2,0.1400304614825703,428,0.018691588785046728
rule1_rms_ai0,group_kfold_seg,0.02,3,0.1362329106303187,420,0.01904761904761905
rule1_rms_ai0,group_kfold_seg,0.02,4,0.1390622528034876,425,0.018823529411764704
rule1_rms_ai0,group_kfold_seg,0.04,0,0.1287741741201916,421,0.03800475059382423
rule1_rms_ai0,group_kfold_seg,0.04,1,0.12414691666139599,426,0.03990610328638498
rule1_rms_ai0,group_kfold_seg,0.04,2,0.12936111649815799,428,0.0397196261682243
rule1_rms_ai0,group_kfold_seg,0.04,3,0.12904932504767314,420,0.0380952380952381
rule1_rms_ai0,group_kfold_seg,0.04,4,0.125543119383979,425,0.04
rule1_rms_ai0,group_kfold_seg,0.08,0,0.11873698379906743,421,0.07838479809976247
rule1_rms_ai0,group_kfold_seg,0.08,1,0.11839411723892243,426,0.07981220657276995
rule1_rms_ai0,group_kfold_seg,0.08,2,0.12121295606923214,428,0.0794392523364486
rule1_rms_ai0,group_kfold_seg,0.08,3,0.12121295606923214,420,0.07857142857142857
rule1_rms_ai0,group_kfold_seg,0.08,4,0.11839411723892243,425,0.08
rule1_rms_ai0,time_block,0.005,1,0.14112158702412753,113,0.0
rule1_rms_ai0,time_block,0.005,2,0.14112158702412753,215,0.004651162790697674
rule1_rms_ai0,time_block,0.005,3,0.14892748295762473,314,0.0031847133757961785
rule1_rms_ai0,time_block,0.005,4,0.1526714703139863,422,0.004739336492890996
rule1_rms_ai0,time_block,0.01,1,0.1362329106303187,113,0.008849557522123894
rule1_rms_ai0,time_block,0.01,2,0.1362329106303187,215,0.009302325581395349
rule1_rms_ai0,time_block,0.01,3,0.14112158702412753,314,0.009554140127388535
rule1_rms_ai0,time_block,0.01,4,0.14720548492544835,422,0.009478672985781991
rule1_rms_ai0,time_block,0.02,1,0.13381265296671166,113,0.017699115044247787
rule1_rms_ai0,time_block,0.02,2,0.13103421802570656,215,0.018604651162790697
rule1_rms_ai0,time_block,0.02,3,0.13381265296671166,314,0.01910828025477707
rule1_rms_ai0,time_block,0.02,4,0.1400304614825703,422,0.018957345971563982
rule1_rms_ai0,time_block,0.04,1,0.1310035631400444,113,0.035398230088495575
rule1_rms_ai0,time_block,0.04,2,0.12457205318950956,215,0.037209302325581395
rule1_rms_ai0,time_block,0.04,3,0.125543119383979,314,0.03821656050955414
rule1_rms_ai0,time_block,0.04,4,0.12952795297880626,422,0.037914691943127965
rule1_rms_ai0,time_block,0.08,1,0.1153500880620106,113,0.07964601769911504
rule1_rms_ai0,time_block,0.08,2,0.11790738015858106,215,0.07906976744186046
rule1_rms_ai0,time_block,0.08,3,0.12110169346162918,314,0.07961783439490445
rule1_rms_ai0,time_block,0.08,4,0.1218921969141405,422,0.07819905213270142
pca_spe_amp18,group_kfold_seg,0.005,0,12.737701788270769,421,0.004750593824228029
pca_spe_amp18,group_kfold_seg,0.005,1,11.871762017059444,426,0.004694835680751174
pca_spe_amp18,group_kfold_seg,0.005,2,9.55331252071795,428,0.004672897196261682
pca_spe_amp18,group_kfold_seg,0.005,3,10.678347677451258,420,0.004761904761904762
pca_spe_amp18,group_kfold_seg,0.005,4,13.005770742227757,425,0.004705882352941176
pca_spe_amp18,group_kfold_seg,0.01,0,9.153666808829412,421,0.009501187648456057
pca_spe_amp18,group_kfold_seg,0.01,1,9.668555876519019,426,0.009389671361502348
pca_spe_amp18,group_kfold_seg,0.01,2,6.702268904726377,428,0.009345794392523364
pca_spe_amp18,group_kfold_seg,0.01,3,9.124101375508967,420,0.009523809523809525
pca_spe_amp18,group_kfold_seg,0.01,4,9.38520733013563,425,0.009411764705882352
pca_spe_amp18,group_kfold_seg,0.02,0,5.831206199858876,421,0.019002375296912115
pca_spe_amp18,group_kfold_seg,0.02,1,6.063841835666546,426,0.018779342723004695
pca_spe_amp18,group_kfold_seg,0.02,2,4.9759232247947,428,0.018691588785046728
pca_spe_amp18,group_kfold_seg,0.02,3,6.434958665857923,420,0.01904761904761905
pca_spe_amp18,group_kfold_seg,0.02,4,6.251076379876963,425,0.018823529411764704
pca_spe_amp18,group_kfold_seg,0.04,0,4.31336729486691,421,0.03800475059382423
pca_spe_amp18,group_kfold_seg,0.04,1,4.449585044904519,426,0.03990610328638498
pca_spe_amp18,group_kfold_seg,0.04,2,4.028229403196789,428,0.0397196261682243
pca_spe_amp18,group_kfold_seg,0.04,3,4.770397719482441,420,0.0380952380952381
pca_spe_amp18,group_kfold_seg,0.04,4,4.693505013149484,425,0.04
pca_spe_amp18,group_kfold_seg,0.08,0,3.1800086185177063,421,0.07838479809976247
pca_spe_amp18,group_kfold_seg,0.08,1,3.0640013723152557,426,0.07981220657276995
pca_spe_amp18,group_kfold_seg,0.08,2,3.022705866434245,428,0.0794392523364486
pca_spe_amp18,group_kfold_seg,0.08,3,3.3381829369462404,420,0.07857142857142857
pca_spe_amp18,group_kfold_seg,0.08,4,3.337677400258969,425,0.08
pca_spe_amp18,time_block,0.005,1,16.192798099593222,113,0.0
pca_spe_amp18,time_block,0.005,2,10.00311654580993,215,0.004651162790697674
pca_spe_amp18,time_block,0.005,3,9.653456749194845,314,0.0031847133757961785
pca_spe_amp18,time_block,0.005,4,12.363811472220513,422,0.004739336492890996
pca_spe_amp18,time_block,0.01,1,9.615709821425678,113,0.008849557522123894
pca_spe_amp18,time_block,0.01,2,7.353984977404208,215,0.009302325581395349
pca_spe_amp18,time_block,0.01,3,6.795265749164399,314,0.009554140127388535
pca_spe_amp18,time_block,0.01,4,9.359159066367647,422,0.009478672985781991
pca_spe_amp18,time_block,0.02,1,6.645167432536057,113,0.017699115044247787
pca_spe_amp18,time_block,0.02,2,6.32662331189027,215,0.018604651162790697
pca_spe_amp18,time_block,0.02,3,5.818225296010011,314,0.01910828025477707
pca_spe_amp18,time_block,0.02,4,5.927410836603178,422,0.018957345971563982
pca_spe_amp18,time_block,0.04,1,5.541499821537105,113,0.035398230088495575
pca_spe_amp18,time_block,0.04,2,4.538921044910506,215,0.037209302325581395
pca_spe_amp18,time_block,0.04,3,4.3568015998006295,314,0.03821656050955414
pca_spe_amp18,time_block,0.04,4,4.764054073931373,422,0.037914691943127965
pca_spe_amp18,time_block,0.08,1,3.8413121384000717,113,0.07964601769911504
pca_spe_amp18,time_block,0.08,2,3.5879720666371675,215,0.07906976744186046
pca_spe_amp18,time_block,0.08,3,3.200168773180698,314,0.07961783439490445
pca_spe_amp18,time_block,0.08,4,3.2547545988456585,422,0.07819905213270142
