seg_uid,f_hz,amp,r2
normal_0,0.5999999999999999,210.79875460674694,0.9990167217037843
normal_4,0.5999999999999999,115.09870876144115,0.995286161266366
normal_5,0.5999999999999999,213.91568849507175,0.998905799165879
normal_6,0.5999999999999999,114.67361572612545,0.9955004750271247
normal_7,0.5999999999999999,249.1684441868857,0.9994578316385595
normal_10,0.5999999999999999,213.32878917049578,0.9976438187341081
normal_11,0.5999999999999999,115.50709166737487,0.9956711503555139
normal_12,0.5999999999999999,190.85873637147137,0.9980248916632963
normal_15,0.5999999999999999,252.70268204749294,0.9992863659117784
normal_16,0.5999999999999999,158.42023604648742,0.9969688859934175
normal_22,0.595,140.49751765325982,0.9955486845802989
normal_23,0.5999999999999999,115.95884735560706,0.9953115896084566
normal_27,0.5999999999999999,118.11238625507958,0.995084246708145
normal_28,0.5999999999999999,126.44248551538647,0.994904852947134
normal_29,0.5999999999999999,138.18884913731517,0.9960754311024654
normal_33,0.5999999999999999,196.7038651044939,0.9981009779944906
normal_34,0.5999999999999999,222.79320424959636,0.9984795742364909
normal_41,0.595,126.87445778519182,0.9944037914087437
normal_42,0.5999999999999999,115.3236697736866,0.9953258482261683
normal_43,0.5999999999999999,240.292735820892,0.9991782867656749
normal_47,0.5999999999999999,207.8691376996694,0.9976750927954565
normal_48,0.5999999999999999,114.28480524168373,0.9954266291715393
normal_49,0.5999999999999999,177.3052230987765,0.9983260342915398
normal_51,0.595,116.10225612839486,0.9956188489718677
normal_52,0.5999999999999999,173.02587696139446,0.998065168610199
normal_53,0.5999999999999999,236.00133666325027,0.9984312937098656
normal_54,0.605,115.7220190999587,0.9939832098828358
normal_55,0.5999999999999999,192.29073761761293,0.9972736436699016
normal_56,0.5999999999999999,118.77215477071103,0.9949443102625076
normal_57,0.5999999999999999,135.96635988934358,0.9955948692566439
normal_58,0.5999999999999999,117.81132712419495,0.9955836580890587
normal_59,0.5999999999999999,237.16384198697432,0.9992275296399619
normal_60,0.5999999999999999,152.44180367338203,0.9962021534792755
normal_61,0.5999999999999999,114.92208521474517,0.9948749426561524
normal_62,0.5999999999999999,252.51607710203297,0.9991874639951304
normal_63,0.5999999999999999,202.92381482849424,0.9978710560407266
normal_64,0.5999999999999999,115.9426707867931,0.9952962602887678
normal_65,0.5999999999999999,205.0251183102179,0.9981861554655826
normal_66,0.5999999999999999,221.77314157420045,0.9984196888824152
normal_67,0.5999999999999999,178.16697193698178,0.9981828008069579
normal_68,0.5999999999999999,235.6716908678778,0.9986115286034755
normal_69,0.5999999999999999,115.34966535111032,0.9953964696237819
normal_70,0.605,163.35597078760895,0.9968782196680465
normal_71,0.5999999999999999,233.43647540656076,0.9979386795576519
normal_72,0.5999999999999999,114.63535796230778,0.994852766880729
normal_73,0.5999999999999999,143.44088361154294,0.9967549496043279
normal_74,0.5999999999999999,251.7836252203217,0.9993130006600622
normal_75,0.5999999999999999,150.7224774028223,0.9958387916145159
normal_76,0.5999999999999999,244.9687253578205,0.9988479534504562
normal_78,0.5999999999999999,147.497631266944,0.9967771506832404
normal_79,0.5999999999999999,241.0648896252879,0.9989856191135177
normal_80,0.595,122.40411729639128,0.9945912948135831
normal_84,0.5999999999999999,242.66123854068695,0.999242036077597
normal_85,0.595,152.2630210999444,0.9964422767135392
normal_89,0.5999999999999999,242.80885565589614,0.9995379687334114
normal_90,0.5999999999999999,183.2428729695096,0.9973435019657603
normal_94,0.5999999999999999,209.7348106436301,0.9983523737751435
normal_95,0.5999999999999999,202.89850174200802,0.9971487406965797
normal_100,0.5999999999999999,128.44816263377362,0.9960220233577682
normal_101,0.5999999999999999,243.79877706145896,0.9996029838329034
normal_102,0.5999999999999999,144.60684105438054,0.9960646705236986
normal_107,0.5999999999999999,145.20765036153196,0.996355479083936
normal_108,0.5999999999999999,250.7292693721519,0.9995503563451288
normal_112,0.5999999999999999,116.5823440826603,0.995039641376599
normal_113,0.5999999999999999,239.82300179681323,0.9991706852199597
normal_114,0.5999999999999999,199.41703568789256,0.9978822295833859
normal_119,0.5999999999999999,224.73021209842668,0.998505640716325
normal_120,0.5999999999999999,113.8530304521816,0.9956386540722536
normal_121,0.5999999999999999,157.3060546183725,0.9970723718172247
normal_125,0.5999999999999999,252.55358659027254,0.9987944703759898
normal_126,0.605,115.26007143580375,0.994627390478098
normal_127,0.5999999999999999,154.39387930992143,0.9973622889086686
normal_131,0.605,115.81586431552978,0.9948572094806231
normal_132,0.605,167.0651729818713,0.9962203626459106
normal_136,0.5999999999999999,167.32755875489875,0.9970804151810921
normal_137,0.5999999999999999,115.33862414296469,0.995586052807476
normal_138,0.595,122.97911330999396,0.9943498466210966
normal_144,0.5999999999999999,203.3133629925077,0.9982786539997318
normal_145,0.5999999999999999,212.04619808602502,0.9985068039982644
normal_146,0.5999999999999999,115.71062507539918,0.9952586935993892
normal_152,0.5999999999999999,113.96504030855421,0.9954619756542703
normal_153,0.5999999999999999,138.0835271794851,0.9955216009188131
normal_154,0.605,120.05843422778155,0.995599499973277
normal_158,0.5999999999999999,158.73652378235926,0.9964314412067601
normal_159,0.5999999999999999,118.21897843355734,0.995084335352085
normal_164,0.5999999999999999,115.26864267927037,0.9956057147818456
normal_165,0.5999999999999999,214.10589942889166,0.9989300179976097
normal_169,0.5999999999999999,115.92317144034496,0.9953875903562741
normal_170,0.5999999999999999,232.19660806321247,0.9993818503155286
normal_175,0.5999999999999999,190.32202962948125,0.9986383979913365
normal_176,0.5999999999999999,220.3083080125065,0.9987043215871021
normal_177,0.5999999999999999,115.98676757548229,0.995002328067211
normal_181,0.5999999999999999,250.348769450361,0.999411546720202
normal_182,0.595,135.55788876687978,0.9954325511214239
normal_187,0.5999999999999999,117.89169896454203,0.9949361071764412
normal_188,0.5999999999999999,240.21679551537716,0.9994493112317271
normal_192,0.5999999999999999,115.89165999964199,0.9956195619062744
normal_193,0.5999999999999999,244.73087990336091,0.9992612984678555
normal_194,0.5999999999999999,199.43837140987242,0.997648045791063
normal_198,0.5999999999999999,228.98123770687624,0.9988405944936151
normal_199,0.5999999999999999,175.8123186796546,0.9980080459082696
normal_203,0.605,130.84102191903375,0.995563780509909
normal_204,0.605,246.989625600258,0.9983965054107035
normal_209,0.5999999999999999,231.13547345982917,0.9983024139920916
normal_210,0.5999999999999999,115.7595482461515,0.9953452323214149
normal_211,0.5999999999999999,179.6244136019564,0.997964071598496
normal_216,0.5999999999999999,248.91828368124723,0.9991899961965599
normal_217,0.5999999999999999,137.21158281707807,0.9956578490618028
normal_221,0.5999999999999999,250.25822427816627,0.9995625632716663
normal_222,0.5999999999999999,157.21319357596923,0.9969531565642813
normal_223,0.5999999999999999,115.42268566055293,0.9953900033239239
normal_227,0.5999999999999999,241.5541302598649,0.9988186107838458
normal_228,0.5999999999999999,238.2144148280677,0.9992492710778964
normal_229,0.5999999999999999,189.84195076259772,0.9970526088597743
normal_233,0.595,113.78121606638818,0.9950760010736349
normal_234,0.5999999999999999,145.49452199943855,0.9967976330234418
normal_235,0.5999999999999999,244.06533155915815,0.999169442199554
normal_239,0.595,140.73280572814363,0.9957793231912386
normal_240,0.605,121.76595140354837,0.9952229248080903
normal_241,0.5999999999999999,241.07291164237347,0.9992276117954789
normal_245,0.5999999999999999,115.0538867928086,0.9953308354454111
normal_246,0.5999999999999999,155.50726218063022,0.9964340979354045
normal_247,0.5999999999999999,129.03191118522057,0.9959392269218481
normal_251,0.5999999999999999,210.5137051319855,0.9983449186424704
normal_252,0.5999999999999999,112.99602704832891,0.9957024261351952
normal_257,0.5999999999999999,114.70823872215574,0.9954582470940174
normal_258,0.5999999999999999,193.88097654075605,0.9984533549874325
normal_264,0.5999999999999999,222.97111823664574,0.9985142177958107
normal_265,0.5999999999999999,194.3689928185301,0.9973450076992338
normal_270,0.5999999999999999,230.51802319845498,0.9987705263999647
normal_271,0.5999999999999999,207.80700032545386,0.9979164492742822
normal_272,0.5999999999999999,115.40637529389022,0.995357639549673
normal_273,0.595,180.1563430941083,0.9977114427585156
normal_274,0.595,115.67965669836393,0.9953794223279919
normal_275,0.5999999999999999,159.3136374386895,0.9977437571841312
normal_280,0.5999999999999999,260.88157063350434,0.9991138768629957
normal_281,0.605,115.69898769736346,0.994807603780621
normal_285,0.605,125.44888334143354,0.9959566047576264
normal_286,0.5999999999999999,251.24914237054645,0.9992549716811525
normal_287,0.595,129.0107427814508,0.9945249958337308
normal_292,0.5999999999999999,241.03237964972803,0.9989810213575804
normal_293,0.5999999999999999,147.18383790815255,0.9967941791441396
normal_294,0.5999999999999999,114.92065705879372,0.9949388572461232
normal_298,0.5999999999999999,205.0727499976818,0.9978215737158296
normal_299,0.5999999999999999,115.44877762005031,0.9952032775850028
normal_303,0.5999999999999999,254.03657759500013,0.9982962750550862
normal_304,0.595,121.34124931193799,0.9950268362313129
normal_309,0.5999999999999999,132.5526001792927,0.9958688531156
normal_310,0.5999999999999999,259.4371217979193,0.9993290424330815
normal_315,0.5999999999999999,113.93919560575367,0.9956649366314928
normal_316,0.5999999999999999,211.13145600594362,0.9993035027743393
normal_317,0.5999999999999999,230.16477093905957,0.998612771544727
normal_322,0.5999999999999999,246.3793877122031,0.9987081721253281
normal_323,0.595,117.26442319252992,0.994561918484324
normal_324,0.5999999999999999,134.01228686907837,0.9964666701693984
normal_328,0.5999999999999999,215.78783358924025,0.9987759839212231
normal_329,0.5999999999999999,204.52850400273763,0.9980360456155858
normal_330,0.5999999999999999,114.91809817755218,0.9954923504640819
normal_334,0.5999999999999999,257.79031182437603,0.9989742713898527
normal_335,0.5999999999999999,124.04177110576727,0.9953177418128749
normal_340,0.5999999999999999,147.0540225508879,0.9968223515244039
normal_341,0.5999999999999999,119.74220286791854,0.995520392572209
normal_342,0.5999999999999999,248.86628665861576,0.9995793919762029
normal_347,0.5999999999999999,148.52223642920566,0.9970477892895021
normal_348,0.5999999999999999,254.04165825374812,0.9993506006491164
normal_349,0.5999999999999999,132.75737602264974,0.9950986979632029
normal_353,0.5999999999999999,119.0301288902893,0.9950149830028691
normal_354,0.5999999999999999,250.62436052527082,0.999326042836811
normal_355,0.5999999999999999,152.30332301021116,0.9959038419853719
normal_359,0.5999999999999999,203.16137179557987,0.9989806745901809
normal_360,0.5999999999999999,115.77880053192006,0.9950665799495586
normal_361,0.5999999999999999,250.78897964333365,0.999472360627218
normal_365,0.5999999999999999,114.51645936450406,0.9954869128226046
normal_366,0.5999999999999999,207.02238035345826,0.9987929441931448
normal_371,0.5999999999999999,115.40470673647111,0.9951489051341701
normal_372,0.5999999999999999,221.80075309570782,0.9983866379376257
normal_373,0.5999999999999999,202.91478048093703,0.9981538355892948
normal_377,0.5999999999999999,114.55638626195021,0.9952706660452899
normal_378,0.5999999999999999,149.67397151216144,0.9964611128391802
normal_379,0.5999999999999999,259.69966214542666,0.9987746549629029
normal_383,0.5999999999999999,249.98751803919504,0.9993261927989053
normal_384,0.5999999999999999,136.9407836280946,0.9949342420786385
normal_385,0.5999999999999999,116.3459853610049,0.9956304854794112
normal_389,0.5999999999999999,237.13557971972725,0.9992534753268846
normal_390,0.5999999999999999,197.49100114379482,0.9977445453284196
normal_395,0.5999999999999999,193.65213539466242,0.9968925203324095
normal_396,0.5999999999999999,116.12485528161977,0.995107617648489
normal_400,0.5999999999999999,246.18811099843072,0.999316200406632
normal_401,0.5999999999999999,188.96945693371174,0.9974085552432818
normal_405,0.5999999999999999,245.07709923296164,0.9994761793161526
normal_406,0.5999999999999999,183.65966024810828,0.9975999349705259
normal_410,0.5999999999999999,220.76992588736832,0.9982785458259357
normal_411,0.5999999999999999,223.0567406687277,0.9984496168894105
normal_412,0.5999999999999999,115.49463238244248,0.9952197373896701
normal_417,0.5999999999999999,189.2885478826456,0.9979351728737059
normal_418,0.5999999999999999,114.8012796103206,0.9956559537063336
normal_422,0.5999999999999999,252.53048641533394,0.9986231695974408
normal_423,0.5999999999999999,142.17976104695023,0.9954772401162899
normal_427,0.5999999999999999,244.78232847105573,0.9991707489020522
normal_428,0.5999999999999999,172.44263726949558,0.9968736339266488
normal_433,0.5999999999999999,114.66021189856205,0.9954260484730476
normal_434,0.5999999999999999,159.34899703602593,0.9967906000212019
normal_438,0.5999999999999999,182.6487794941114,0.9972312126476798
normal_439,0.5999999999999999,118.24092606892097,0.9946337779812181
normal_443,0.5999999999999999,115.7318134893283,0.9951671340714048
normal_444,0.5999999999999999,244.7205998385226,0.9992995685070695
normal_445,0.5999999999999999,195.6166031010101,0.9963727272549868
normal_449,0.5999999999999999,188.72349609928426,0.998465206627216
normal_450,0.5999999999999999,233.68756964370303,0.9986958113597232
normal_454,0.5999999999999999,132.84305067421067,0.9952015096905601
normal_455,0.5999999999999999,253.0223293875824,0.9981566927659383
normal_460,0.5999999999999999,249.3180411846853,0.9988431647182862
normal_461,0.595,125.09134904739831,0.9941391878179313
normal_466,0.5999999999999999,120.11905164458294,0.9950258276551439
normal_467,0.5999999999999999,233.80410651023885,0.999317683865206
normal_472,0.5999999999999999,120.5962716020063,0.9949459892234743
normal_473,0.5999999999999999,121.36541822700713,0.9947326728820061
normal_477,0.5999999999999999,120.6414491462565,0.9953425225730061
normal_478,0.5999999999999999,119.8782077812895,0.9953743902631049
normal_479,0.5999999999999999,119.94406289019,0.9953906708285878
normal_480,0.5999999999999999,119.91383517117802,0.9949388776884802
normal_481,0.5999999999999999,121.3117348020282,0.9951397747821377
normal_482,0.5999999999999999,121.35639169581133,0.9945193079213466
normal_483,0.5999999999999999,120.9685542423094,0.9948216737220603
normal_484,0.5999999999999999,121.38969494527433,0.9944044942620551
normal_485,0.5999999999999999,121.30073443352512,0.9949615839253011
normal_486,0.5999999999999999,120.98768721227188,0.9944614297671062
normal_491,0.5999999999999999,119.67370578277067,0.9953005313369883
normal_492,0.5999999999999999,120.42063555846062,0.9948946083683282
normal_497,0.5999999999999999,121.8887905281042,0.9949255227067979
normal_498,0.5999999999999999,121.24510312512199,0.9954797749109594
normal_499,0.5999999999999999,121.2748690689043,0.9949165144777893
normal_504,0.5999999999999999,121.21341211398695,0.9948423610093728
normal_505,0.5999999999999999,122.18415183035688,0.9943744054836408
normal_509,0.5999999999999999,122.53003719618023,0.9949998399229426
normal_510,0.5999999999999999,121.8589197788057,0.9947572776561031
normal_514,0.5999999999999999,121.0842261858503,0.9948161115094468
normal_515,0.5999999999999999,121.85313310823067,0.9944799688920279
normal_516,0.5999999999999999,121.00094583663342,0.995091942485679
normal_519,0.5999999999999999,120.62453113267551,0.9952545515318578
normal_520,0.5999999999999999,121.3911576371494,0.9948860717776241
normal_524,0.5999999999999999,121.71351533158672,0.9951681967733079
normal_525,0.5999999999999999,121.47607705653752,0.994611666403198
normal_526,0.5999999999999999,121.40469298826129,0.9948882375496136
normal_531,0.5999999999999999,120.19624387422552,0.9952612661063032
normal_532,0.5999999999999999,120.41517612245514,0.9948402561613758
normal_536,0.5999999999999999,122.40622631234262,0.9950788470957549
normal_537,0.5999999999999999,122.49857445003681,0.9946071998658927
normal_542,0.5999999999999999,121.50026451844728,0.9948269706385634
normal_543,0.5999999999999999,121.24977302198346,0.9947095846368506
normal_548,0.5999999999999999,121.45388532729041,0.994900722758812
normal_549,0.5999999999999999,121.10912915418874,0.9951543007907513
normal_550,0.605,120.1231829791758,0.9949795181273524
normal_551,0.5999999999999999,120.37283578596924,0.9952596111826687
normal_555,0.5999999999999999,121.34846534298603,0.9953600518013431
normal_556,0.5999999999999999,121.4449099596884,0.9951179073930904
normal_557,0.5999999999999999,121.28337857486626,0.9952132325288509
normal_561,0.5999999999999999,123.68467892379826,0.9947099954548771
normal_562,0.595,116.04001571633623,0.9944697396426118
normal_563,0.5999999999999999,192.89914543822968,0.9979251204582951
normal_567,0.5999999999999999,224.66934002109872,0.9981005786288627
normal_568,0.5999999999999999,116.73483213996931,0.9951760578799084
normal_569,0.5999999999999999,175.26995183609918,0.9980024369454914
normal_570,0.5999999999999999,115.23159181188902,0.9953247714413375
normal_574,0.5999999999999999,172.00202525439613,0.9975291299517333
normal_575,0.5999999999999999,256.47869097562625,0.9993361410881022
normal_576,0.595,152.87540640787745,0.9960030003732253
normal_581,0.595,130.07202818502367,0.9948413770782496
normal_582,0.5999999999999999,115.9954935507454,0.9954147636015325
normal_586,0.5999999999999999,256.5494964527351,0.9995091768576753
normal_587,0.595,162.3039218061029,0.996745457980934
normal_588,0.5999999999999999,118.58669074622593,0.9956050870895798
normal_592,0.595,158.82371330849102,0.9972826289136159
normal_593,0.5999999999999999,118.13720302471988,0.9960263682951493
normal_597,0.5999999999999999,209.5410326431246,0.9990716557903507
normal_598,0.5999999999999999,116.46273100243424,0.9966617777578991
