seg_uid,seg_id,len,vib_grade,cur_grade,seg_cur_rms_raw,seg_cur_dc,cur_ac_rms_1s_median,cur_fit_r2,vib_corr01,ai0_rms_1s_median,det_rule1_rms_ai0,det_rule2_rms_state,det_rule3_rms_state_dir,det_rule3b_rms_state_ratio
outlier_0,0,4,확실 이상,경계,57.66268822651092,-24.73593075,,,,,,,,
outlier_1,1,50,확실 이상,경계,99.04865687566948,43.988233092,92.22925861135391,0.3094204090345203,-0.43590284463883816,0.4212658690916918,True,True,True,True
outlier_2,2,47,확실 이상,경계,102.0311751500698,-9.257743742553195,100.92424584161918,0.6405472622539421,-0.35674492028079174,0.6209067013664059,True,True,True,True
outlier_3,3,31,정상 유사,경계,99.127253521441,73.4483128387097,73.79143813011869,0.29072206429627523,0.1842852421026416,0.028820442413094085,False,False,False,False
outlier_4,4,18,확실 이상,경계,153.57296557350423,-120.26894155555556,93.92691364540863,0.4506784707756212,-0.3483707620738941,0.7318234559295252,True,True,True,True
outlier_5,5,3,확실 이상,경계,143.0958597787391,-141.85907,,,,,,,,
outlier_6,6,50,확실 이상,경계,149.53047897765245,-74.3866053,115.15814805735633,0.5193529636297611,-0.5896399745153758,0.5342649506788392,True,True,True,True
outlier_7,7,40,확실 이상,경계,155.85972468694172,-81.41995397999999,99.33190424027923,0.6217362873698842,-0.6306750130569441,0.15766021557271712,True,True,True,True
outlier_8,8,25,확실 이상,경계,94.8804213749907,-26.226046148,87.14106791177105,0.37370518309907763,-0.6440839794482182,0.1919826817481121,True,True,True,True
outlier_9,9,8,확실 이상,경계,120.20501465863862,-108.778490625,,,,,,,,
outlier_10,10,4,확실 이상,확실 이상,199.16695791974945,-184.77441725,,,,,,,,
outlier_11,11,50,확실 이상,경계,63.56952819779493,-9.799004639999998,61.085700585325206,0.3210880857755968,-0.08801452511688401,0.09479299368435201,True,True,True,True
outlier_12,12,42,확실 이상,정상 유사,72.74396034260836,1.9016723523809531,60.39578750646503,0.5348918390164419,-0.27039161184518123,0.15834916056417367,True,True,True,True
outlier_13,13,28,확실 이상,경계,112.62012388547554,97.24073165357144,58.487131345375786,0.37239476155169526,-0.49315638709906123,0.7748051991716962,True,True,True,True
outlier_14,14,15,확실 이상,경계,67.97927268757036,47.047938333333335,47.09871214510649,0.42656487312964975,-0.6415409438318691,0.17381070163690998,True,True,True,True
outlier_15,15,50,확실 이상,확실 이상,199.71653707986908,155.353564158,115.00365317675781,0.7657940394080966,-0.6805530502400275,0.12545361442816227,True,True,True,True
outlier_16,16,50,확실 이상,확실 이상,256.7559191860744,231.88593722,86.1181988664417,0.4411777467634074,-0.25610280104375055,0.061545897369780875,True,True,True,True
outlier_17,17,36,확실 이상,확실 이상,296.8979845506861,272.4263723333334,112.45791198122808,0.7831000094910165,-0.15344050385185207,0.30025184668862087,True,True,True,True
outlier_18,18,24,확실 이상,확실 이상,242.08161089477264,225.553936375,98.80304904202097,0.6607113305322343,-0.012654798948776918,0.914496109776362,True,True,True,True
outlier_19,19,10,정상 유사,확실 이상,207.2360387063011,198.4834892,59.59011327393162,0.46351200267686044,0.583316132707682,0.026272401966512312,False,False,False,False
outlier_20,20,15,정상 유사,확실 이상,183.3830215788965,180.08552199999997,35.224851547124494,0.3488848300047789,0.17489683963402178,0.0227871772628523,False,False,False,False
