model,split,fold,auc,fpr_sample,fpr_segment,delay_median_s,win_s,thr,n_out_seg,n_detected,felt_delay_median_s
cnn_deepant_w1s,group_kfold_seg,0,1.0,0.044511886697015675,0.06727828746177371,0.9,1.0,3.3442099341253453,5.0,5.0,8.858
lstm_ad_w1s,group_kfold_seg,0,0.9999651160762563,0.03995953464845726,0.07033639143730887,0.9,1.0,3.3132199180175874,5.0,5.0,8.858
cnn_deepant_w1s,group_kfold_seg,1,0.9998113563478589,0.01638504864311316,0.032051282051282055,0.9,1.0,3.678418669740362,4.0,4.0,8.858
lstm_ad_w1s,group_kfold_seg,1,0.9990298326461314,0.01894521249359959,0.05128205128205129,0.9,1.0,3.8554194999535922,4.0,4.0,8.858
cnn_deepant_w1s,group_kfold_seg,2,1.0,0.0005402485143165856,0.0032679738562091504,0.9,1.0,3.943934784273305,2.0,2.0,8.858
lstm_ad_w1s,group_kfold_seg,2,1.0,0.0010804970286331713,0.006535947712418301,0.9,1.0,3.798205034762619,2.0,2.0,8.858
cnn_deepant_w1s,group_kfold_seg,3,0.9999117815711701,0.00970402717127608,0.0303030303030303,0.9,1.0,3.8872765428820912,3.0,3.0,8.858
lstm_ad_w1s,group_kfold_seg,3,0.9998235631423404,0.007763221737020864,0.024242424242424242,0.9,1.0,3.718839028904826,3.0,3.0,8.858
cnn_deepant_w1s,group_kfold_seg,4,1.0,0.006666666666666667,0.0253968253968254,0.9,1.0,3.9333332580650784,3.0,3.0,8.858
lstm_ad_w1s,group_kfold_seg,4,1.0,0.004615384615384616,0.022222222222222223,0.9,1.0,3.761307684630152,3.0,3.0,8.858
cnn_deepant_w1s,time_block,1,0.999834384137427,0.023574561403508772,0.07189542483660132,0.9,1.0,3.4600331283311037,17.0,17.0,8.858
lstm_ad_w1s,time_block,1,0.9995488395467836,0.008771929824561403,0.016339869281045753,0.9,1.0,3.8894489349896695,17.0,17.0,8.858
cnn_deepant_w1s,time_block,2,0.9999943905941483,0.011847065158858375,0.030303030303030304,0.9,1.0,3.5662894881516656,17.0,17.0,8.858
lstm_ad_w1s,time_block,2,0.9996634356488961,0.014001077005923533,0.04377104377104377,0.9,1.0,3.306939880400891,17.0,17.0,8.858
cnn_deepant_w1s,time_block,3,0.9999564611633577,0.01567398119122257,0.043209876543209874,0.9,1.0,3.607275745749464,17.0,17.0,8.858
lstm_ad_w1s,time_block,3,0.9995863810518983,0.024033437826541274,0.06481481481481481,0.9,1.0,3.3408181133270163,17.0,17.0,8.858
cnn_deepant_w1s,time_block,4,0.9999317112119684,0.0035300050428643467,0.009259259259259259,0.9,1.0,3.7145831421762714,17.0,17.0,8.858
lstm_ad_w1s,time_block,4,0.999858169440242,0.005547150781643973,0.009259259259259259,0.9,1.0,3.4678477542003,17.0,17.0,8.858
cnn_deepant_w2s,group_kfold_seg,0,1.0,0.04038179148311307,0.08045977011494253,1.8999999999999997,2.0,3.146284972601466,3.0,3.0,9.858
lstm_ad_w2s,group_kfold_seg,0,1.0,0.04698972099853157,0.07662835249042145,1.8999999999999997,2.0,2.926063323509362,3.0,3.0,9.858
cnn_deepant_w2s,group_kfold_seg,1,1.0,0.0235467255334805,0.03745318352059925,1.8999999999999997,2.0,3.2690263453250132,2.0,2.0,9.858
lstm_ad_w2s,group_kfold_seg,1,1.0,0.01692420897718911,0.033707865168539325,1.8999999999999997,2.0,3.385458697378635,2.0,2.0,9.858
cnn_deepant_w2s,group_kfold_seg,2,1.0,0.0007861635220125786,0.003875968992248062,1.8999999999999997,2.0,3.6527340357427813,2.0,2.0,9.858
lstm_ad_w2s,group_kfold_seg,2,1.0,0.0,0.0,1.8999999999999997,2.0,3.6582709714820023,2.0,2.0,9.858
cnn_deepant_w2s,group_kfold_seg,3,1.0,0.008421052631578947,0.017006802721088437,1.8999999999999997,2.0,3.619173149430509,3.0,3.0,9.858
lstm_ad_w2s,group_kfold_seg,3,1.0,0.008421052631578947,0.013605442176870748,1.8999999999999997,2.0,3.457569048702718,3.0,3.0,9.858
cnn_deepant_w2s,group_kfold_seg,4,1.0,0.000744047619047619,0.0036231884057971015,1.8999999999999997,2.0,3.696701835559477,3.0,3.0,9.858
lstm_ad_w2s,group_kfold_seg,4,1.0,0.000744047619047619,0.0036231884057971015,1.8999999999999997,2.0,3.6895030032305285,3.0,3.0,9.858
cnn_deepant_w2s,time_block,1,1.0,0.00887812752219532,0.0196078431372549,1.8999999999999997,2.0,3.5688078433651778,13.0,13.0,9.858
lstm_ad_w2s,time_block,1,1.0,0.007263922518159807,0.011764705882352941,1.8999999999999997,2.0,3.932471952659801,13.0,13.0,9.858
cnn_deepant_w2s,time_block,2,1.0,0.008607198748043818,0.01532567049808429,1.8999999999999997,2.0,3.4177061089293788,13.0,13.0,9.858
lstm_ad_w2s,time_block,2,1.0,0.000782472613458529,0.0038314176245210726,1.8999999999999997,2.0,3.748468559993636,13.0,13.0,9.858
cnn_deepant_w2s,time_block,3,1.0,0.01075268817204301,0.025641025641025644,1.8999999999999997,2.0,3.3788518423512506,13.0,13.0,9.858
lstm_ad_w2s,time_block,3,1.0,0.02227342549923195,0.040293040293040296,1.8999999999999997,2.0,3.0844329172124394,13.0,13.0,9.858
cnn_deepant_w2s,time_block,4,1.0,0.005105762217359591,0.01098901098901099,1.8999999999999997,2.0,3.3467821631265973,13.0,13.0,9.858
lstm_ad_w2s,time_block,4,1.0,0.007293946024799416,0.01098901098901099,1.8999999999999997,2.0,3.1979870452284778,13.0,13.0,9.858
cnn_deepant_w1s,group_kfold_seg,mean,0.9999446275838058,0.015561575538477635,0.03165947981382412,0.9,1.0,3.7574346378172363,3.4,3.4,8.858
lstm_ad_w1s,group_kfold_seg,mean,0.9997637023729457,0.014472770104619101,0.03492380737928498,0.9,1.0,3.6893982332537556,3.4,3.4,8.858
cnn_deepant_w1s,time_block,mean,0.9999292367767254,0.013656403199113515,0.03866689773552519,0.9,1.0,3.587045376102126,17.0,17.0,8.858
lstm_ad_w1s,time_block,mean,0.999664206421955,0.013088398859667547,0.033546246781540896,0.9,1.0,3.501263670729469,17.0,17.0,8.858
cnn_deepant_w2s,group_kfold_seg,mean,1.0,0.014775956157846543,0.028483782750935077,1.8999999999999997,2.0,3.47678406773185,2.6,2.6,9.858
lstm_ad_w2s,group_kfold_seg,mean,1.0,0.01461580604526945,0.025512969648325723,1.8999999999999997,2.0,3.4233730088606493,2.6,2.6,9.858
cnn_deepant_w2s,time_block,mean,1.0,0.008335944164910434,0.017890887566343956,1.8999999999999997,2.0,3.4280369894431013,13.0,13.0,9.858
lstm_ad_w2s,time_block,mean,1.0,0.009403441663912425,0.016719543697231325,1.8999999999999997,2.0,3.4908401187735887,13.0,13.0,9.858
