feature,cluster,cluster_size,representative,is_representative
AI0_Vibration_rms,1,3,AI0_Vibration_p2p,False
AI0_Vibration_peak,1,3,AI0_Vibration_p2p,False
AI0_Vibration_p2p,1,3,AI0_Vibration_p2p,True
AI0_Vibration_kurt,12,2,AI0_Vibration_kurt,True
AI0_Vibration_crest,13,1,AI0_Vibration_crest,True
AI0_Vibration_skew,18,1,AI0_Vibration_skew,True
AI0_Vibration_shape_crest,12,2,AI0_Vibration_kurt,False
AI1_Vibration_rms,4,3,AI1_Vibration_p2p,False
AI1_Vibration_peak,4,3,AI1_Vibration_p2p,False
AI1_Vibration_p2p,4,3,AI1_Vibration_p2p,True
AI1_Vibration_kurt,8,2,AI1_Vibration_kurt,True
AI1_Vibration_crest,9,1,AI1_Vibration_crest,True
AI1_Vibration_skew,14,1,AI1_Vibration_skew,True
AI1_Vibration_shape_crest,8,2,AI1_Vibration_kurt,False
AI2_Current_rms,2,2,AI2_Current_rms,True
AI2_Current_peak,2,2,AI2_Current_rms,False
AI2_Current_p2p,3,1,AI2_Current_p2p,True
AI2_Current_kurt,16,2,AI2_Current_kurt,True
AI2_Current_crest,17,1,AI2_Current_crest,True
AI2_Current_skew,19,1,AI2_Current_skew,True
AI2_Current_shape_crest,16,2,AI2_Current_kurt,False
cur_fit_resid_rms,15,1,cur_fit_resid_rms,True
cur_fit_r2,5,1,cur_fit_r2,True
cur_fit_f_dev,11,1,cur_fit_f_dev,True
vib_corr01,6,1,vib_corr01,True
cur_ac1,7,1,cur_ac1,True
vib_rms_ratio,10,1,vib_rms_ratio,True
