feature_a,feature_b,rho_state0_high,rho_state1_low,abs_diff
AI2_Current_peak,cur_fit_resid_rms,-0.36277346705897406,0.363129132594281,0.7259025996532551
cur_fit_f_dev,vib_corr01,-0.3071985706191195,0.4000074102679615,0.707205980887081
AI1_Vibration_p2p,AI1_Vibration_skew,-0.447073261179321,0.23694863821167683,0.6840218993909979
AI1_Vibration_rms,AI1_Vibration_skew,-0.4617220226703866,0.20859581644031092,0.6703178391106975
AI2_Current_rms,cur_fit_resid_rms,-0.3707531144201758,0.29940556819245595,0.6701586826126318
AI1_Vibration_skew,vib_rms_ratio,0.482447875692029,-0.14479831120487135,0.6272461868969004
cur_fit_r2,cur_fit_f_dev,-0.4636084640418023,0.1512971668558995,0.6149056308977018
AI1_Vibration_skew,cur_fit_r2,-0.45672674860005014,0.15070928718061088,0.607436035780661
AI1_Vibration_peak,AI1_Vibration_skew,-0.3057979985100843,0.2898438587550769,0.5956418572651612
vib_corr01,vib_rms_ratio,-0.3217644794520334,0.2549376701053697,0.5767021495574032
