fold,component,explained_ratio,cumulative,n90,n95
0,1,0.37466129194467074,0.37466129194467074,10,13
0,2,0.0988295095643183,0.47349080150898903,10,13
0,3,0.0898409979895294,0.5633317994985184,10,13
0,4,0.08326387248917756,0.646595671987696,10,13
0,5,0.06160851921214919,0.7082041911998451,10,13
0,6,0.057388854553287995,0.7655930457531331,10,13
0,7,0.04432092511995996,0.8099139708730931,10,13
0,8,0.037090905631251454,0.8470048765043446,10,13
0,9,0.03312487239820839,0.880129748902553,10,13
0,10,0.025699569647071926,0.9058293185496249,10,13
0,11,0.019140643440740655,0.9249699619903655,10,13
0,12,0.01620236064506932,0.9411723226354348,10,13
0,13,0.015359334430645667,0.9565316570660805,10,13
0,14,0.010927787755995415,0.9674594448220759,10,13
0,15,0.0097665434802523,0.9772259883023282,10,13
0,16,0.007652075648966031,0.9848780639512943,10,13
0,17,0.0034349654787827455,0.988313029430077,10,13
0,18,0.002837363964037554,0.9911503933941146,10,13
0,19,0.0024997732402982525,0.9936501666344129,10,13
0,20,0.0017334197190304965,0.9953835863534434,10,13
0,21,0.0014313991039539508,0.9968149854573973,10,13
0,22,0.0013293583747432448,0.9981443438321406,10,13
0,23,0.0011351836015191478,0.9992795274336597,10,13
0,24,0.0002994379199166101,0.9995789653535763,10,13
0,25,0.00021378396906247121,0.9997927493226387,10,13
0,26,0.000169162655181812,0.9999619119778206,10,13
0,27,3.80880221795978e-05,1.0000000000000002,10,13
1,1,0.37505514637680193,0.37505514637680193,10,13
1,2,0.09759173674607755,0.4726468831228795,10,13
1,3,0.09036856330943258,0.563015446432312,10,13
1,4,0.08394847691383538,0.6469639233461474,10,13
1,5,0.06350904834069246,0.7104729716868399,10,13
1,6,0.05514285569272837,0.7656158273795682,10,13
1,7,0.04508773804774927,0.8107035654273175,10,13
1,8,0.03715763385671498,0.8478611992840325,10,13
1,9,0.033064901634899786,0.8809261009189323,10,13
1,10,0.024044738239734905,0.9049708391586672,10,13
1,11,0.019719896744828488,0.9246907359034956,10,13
1,12,0.016996038334059604,0.9416867742375552,10,13
1,13,0.015621946903884257,0.9573087211414395,10,13
1,14,0.010681749902811337,0.9679904710442508,10,13
1,15,0.009559324092979467,0.9775497951372303,10,13
1,16,0.00785847959064566,0.985408274727876,10,13
1,17,0.0033516458672162405,0.9887599205950922,10,13
1,18,0.0027334342825293843,0.9914933548776216,10,13
1,19,0.002418954491336094,0.9939123093689577,10,13
1,20,0.0016146847968392297,0.9955269941657969,10,13
1,21,0.0013787739244846115,0.9969057680902815,10,13
1,22,0.0012715746151864102,0.998177342705468,10,13
1,23,0.0011151484906226385,0.9992924911960906,10,13
1,24,0.00029119200694743125,0.999583683203038,10,13
1,25,0.0002028920011335749,0.9997865752041716,10,13
1,26,0.00017477592767271976,0.9999613511318443,10,13
1,27,3.864886815574351e-05,1.0,10,13
2,1,0.37126424925243307,0.37126424925243307,10,13
2,2,0.09710852922851974,0.4683727784809528,10,13
2,3,0.09239756432458182,0.5607703428055346,10,13
2,4,0.08429977691175408,0.6450701197172887,10,13
2,5,0.0626936921382221,0.7077638118555107,10,13
2,6,0.05679874987714716,0.7645625617326579,10,13
2,7,0.04416103904678222,0.8087236007794402,10,13
2,8,0.03703774331622239,0.8457613440956626,10,13
2,9,0.032810906105004325,0.878572250200667,10,13
2,10,0.024311137604606733,0.9028833878052737,10,13
2,11,0.019549336662298064,0.9224327244675717,10,13
2,12,0.017997785885149893,0.9404305103527216,10,13
2,13,0.016657705218435917,0.9570882155711575,10,13
2,14,0.010809810194324606,0.9678980257654821,10,13
2,15,0.009463648148860176,0.9773616739143423,10,13
2,16,0.00765757247263113,0.9850192463869734,10,13
2,17,0.0032958528672163696,0.9883150992541897,10,13
2,18,0.002892140790557045,0.9912072400447467,10,13
2,19,0.0024976774271017405,0.9937049174718484,10,13
2,20,0.0017464687265322902,0.9954513861983807,10,13
2,21,0.0013945317653903473,0.9968459179637711,10,13
2,22,0.001298816989415351,0.9981447349531865,10,13
2,23,0.0011487370532852008,0.9992934720064717,10,13
2,24,0.00029527871596583236,0.9995887507224375,10,13
2,25,0.0001969121507456996,0.9997856628731832,10,13
2,26,0.00017563891837609518,0.9999613017915593,10,13
2,27,3.869820844072696e-05,1.0,10,13
3,1,0.37401204924023723,0.37401204924023723,10,13
3,2,0.09603427833271959,0.47004632757295683,10,13
3,3,0.09038848034824362,0.5604348079212005,10,13
3,4,0.0842435600254143,0.6446783679466148,10,13
3,5,0.06068638491070051,0.7053647528573154,10,13
3,6,0.05938243074778155,0.764747183605097,10,13
3,7,0.04501983645675131,0.8097670200618483,10,13
3,8,0.037032554669826655,0.846799574731675,10,13
3,9,0.03331414158416427,0.8801137163158392,10,13
3,10,0.02392608880101621,0.9040398051168554,10,13
3,11,0.01964575892389131,0.9236855640407468,10,13
3,12,0.017256880651386836,0.9409424446921336,10,13
3,13,0.015534576054346314,0.9564770207464799,10,13
3,14,0.010971332485398609,0.9674483532318785,10,13
3,15,0.009912299908013695,0.9773606531398922,10,13
3,16,0.007934126213646793,0.9852947793535389,10,13
3,17,0.0033254165360868805,0.9886201958896258,10,13
3,18,0.0028297806807998944,0.9914499765704257,10,13
3,19,0.0023760258361986675,0.9938260024066243,10,13
3,20,0.0016885772019908695,0.9955145796086152,10,13
3,21,0.001369210638158182,0.9968837902467734,10,13
3,22,0.0012973205848151514,0.9981811108315886,10,13
3,23,0.0011129082510589808,0.9992940190826476,10,13
3,24,0.0002959169958004397,0.999589936078448,10,13
3,25,0.0001951840767379613,0.999785120155186,10,13
3,26,0.00017577648228940532,0.9999608966374753,10,13
3,27,3.910336252469042e-05,1.0,10,13
4,1,0.37064594457943695,0.37064594457943695,10,13
4,2,0.09740920472580852,0.4680551493052455,10,13
4,3,0.08992679881228231,0.5579819481175278,10,13
4,4,0.08565317231158572,0.6436351204291135,10,13
4,5,0.062247803968169695,0.7058829243972832,10,13
4,6,0.058378417508879406,0.7642613419061626,10,13
4,7,0.04374249089782621,0.8080038328039888,10,13
4,8,0.0370555420788784,0.8450593748828672,10,13
4,9,0.033391096794192145,0.8784504716770594,10,13
4,10,0.024739246951873472,0.9031897186289328,10,13
4,11,0.019042440454826812,0.9222321590837597,10,13
4,12,0.017606992945514863,0.9398391520292745,10,13
4,13,0.016102315963774372,0.9559414679930489,10,13
4,14,0.011331754252540556,0.9672732222455894,10,13
4,15,0.009794550853369267,0.9770677730989586,10,13
4,16,0.007826765292322397,0.984894538391281,10,13
4,17,0.0033617434997661832,0.9882562818910472,10,13
4,18,0.002891603935469392,0.9911478858265166,10,13
4,19,0.0024829999249470435,0.9936308857514636,10,13
4,20,0.00177375980169104,0.9954046455531547,10,13
4,21,0.001433472148001326,0.996838117701156,10,13
4,22,0.0013263485235119237,0.9981644662246679,10,13
4,23,0.0011249734765440963,0.999289439701212,10,13
4,24,0.00028773671651791295,0.9995771764177299,10,13
4,25,0.00020635673010172435,0.9997835331478316,10,13
4,26,0.00017946436568990295,0.9999629975135216,10,13
4,27,3.700248647849729e-05,1.0,10,13
