feature,group,reason
AI0_Vibration_rms,amp,kept
AI0_Vibration_peak,amp,kept
AI0_Vibration_p2p,amp,kept
AI0_Vibration_kurt,amp,kept
AI0_Vibration_crest,amp,kept
AI0_Vibration_skew,amp,kept
AI0_Vibration_shape_kurt,shape,dropped_duplicate:AI0_Vibration_kurt
AI0_Vibration_shape_crest,shape,kept
AI0_Vibration_shape_skew,shape,dropped_duplicate:AI0_Vibration_skew
AI1_Vibration_rms,amp,dropped_cluster:AI1_Vibration_p2p
AI1_Vibration_peak,amp,dropped_cluster:AI1_Vibration_p2p
AI1_Vibration_p2p,amp,kept
AI1_Vibration_kurt,amp,kept
AI1_Vibration_crest,amp,kept
AI1_Vibration_skew,amp,kept
AI1_Vibration_shape_kurt,shape,dropped_duplicate:AI1_Vibration_kurt
AI1_Vibration_shape_crest,shape,kept
AI1_Vibration_shape_skew,shape,dropped_duplicate:AI1_Vibration_skew
AI2_Current_rms,amp,kept
AI2_Current_peak,amp,dropped_cluster:AI2_Current_rms
AI2_Current_p2p,amp,kept
AI2_Current_kurt,amp,kept
AI2_Current_crest,amp,kept
AI2_Current_skew,amp,kept
AI2_Current_shape_kurt,shape,dropped_duplicate:AI2_Current_kurt
AI2_Current_shape_crest,shape,dropped_cluster:AI2_Current_kurt
AI2_Current_shape_skew,shape,dropped_duplicate:AI2_Current_skew
cur_fit_resid_rms,sine,kept
cur_fit_r2,sine,kept
cur_fit_f_dev,sine,kept
vib_corr01,rel,kept
cur_ac1,rel,kept
vib_rms_ratio,rel,kept
