stratum,feature,n,spearman_rho,spearman_p,mk_s,mk_z,mk_p,slope_per_unit,nonstationary_flag
all,AI0_Vibration_rms,530,-0.21195111625094282,8.478741956929059e-07,-19155.0,-4.702785396625705,2.566361237299475e-06,-0.003394909597719263,False
all,AI0_Vibration_peak,530,-0.21731416657044597,4.3805690683269564e-07,-19901.0,-4.88594702896792,1.0293287218132718e-06,-0.007214594034003166,False
all,AI0_Vibration_kurt,530,-0.03235091482220125,0.45735449828028196,-2941.0,-0.7218434304103359,0.4703907443455604,-0.008380986464619721,False
all,AI0_Vibration_crest,530,-0.08243944795305799,0.05787453963083583,-7857.0,-1.928844214048843,0.053750205049149624,-0.010267157572928691,False
all,AI1_Vibration_rms,530,-0.191039443640758,9.487957797259367e-06,-17173.0,-4.216154893539554,2.485031058929721e-05,-0.0053954000778388125,False
all,AI1_Vibration_peak,530,-0.19032642297335506,1.0256818028386385e-05,-17143.0,-4.208789144249653,2.5674283442800316e-05,-0.009651999408889788,False
all,AI1_Vibration_kurt,530,0.11031786285636677,0.011038652123672346,10267.0,2.5205594070042547,0.011716845829149891,0.02629309054053705,False
all,AI1_Vibration_crest,530,0.11997878509612701,0.005681925201052646,11127.0,2.7317108866480946,0.006300640353098075,0.015494152823305683,False
all,AI2_Current_rms,530,-0.11723527566176174,0.006894259958018731,-10943.0,-2.686534291003366,0.00721975370199468,-2.1163837913239707,False
all,AI2_Current_peak,530,-0.12362057746308056,0.004369452626775375,-11575.0,-2.841707218079219,0.004487267994773614,-3.6071321246932753,False
all,AI2_Current_kurt,530,0.10381451145369044,0.01681126227818853,9663.0,2.372262321300907,0.01767953374794562,0.010686713475668429,False
all,AI2_Current_crest,530,-0.1304361528722437,0.0026242083900027595,-11991.0,-2.9438444661972545,0.0032416286150793727,-0.006936644719265855,False
all,vib_rms_ratio,530,0.09456200835498048,0.02950142674579708,9509.0,2.3344514749460794,0.019572094127517703,0.023038607322389573,False
all,cur_ac1,530,-0.013287969549519815,0.7602113706101296,-1033.0,-0.2533817755726077,0.799973209243515,-0.00018577094270579345,False
all,cur_fit_r2,530,-0.24103923205594546,1.9195896739263958e-08,-22125.0,-5.431994576325943,5.572761696548412e-08,-0.0002471008962509726,False
state0,AI0_Vibration_rms,226,0.18248177458968462,0.005937202919836995,3253.0,2.8620895027108197,0.004208580408544327,0.002332147884958514,False
state0,AI0_Vibration_peak,226,0.18432705677491457,0.0054436883357494165,3269.0,2.8761711238803684,0.0040253142008082055,0.004880966077327125,False
state0,AI0_Vibration_kurt,226,0.11972866554910142,0.07243042293048856,2063.0,1.814768928225618,0.06955942729478504,0.04065623428426269,False
state0,AI0_Vibration_crest,226,0.018886853014177484,0.7776502927095283,283.0,0.24818857311329987,0.8039885071520703,0.0023473815571716156,False
state0,AI1_Vibration_rms,226,0.23550218964822683,0.000355483373381914,4289.0,3.773874473439113,0.00016073165717833682,0.0069689918947562265,False
state0,AI1_Vibration_peak,226,0.25247670656114773,0.00012461976023566074,4521.0,3.978057980397572,6.948043120891256e-05,0.010828297294007267,False
state0,AI1_Vibration_kurt,226,-0.01367847907164113,0.8379612730060572,-281.0,-0.24642837046710625,0.8053506467923157,-0.0016732004921524034,False
state0,AI1_Vibration_crest,226,0.027390745000194925,0.6821238104041657,425.0,0.3731629609930466,0.7090271612075325,0.002133423971510759,False
state0,AI2_Current_rms,226,0.049073590373344765,0.4628942362260037,861.0,0.7568871378632549,0.44911748178855504,0.8713119007514233,False
state0,AI2_Current_peak,226,0.06324383103652748,0.343924713181379,1035.0,0.9100254729683918,0.3628090761049716,1.5427817017278356,False
state0,AI2_Current_kurt,226,0.014838667758242044,0.8244311707467487,271.0,0.23762735723613818,0.8121701301862838,0.0014902299890810528,False
state0,AI2_Current_crest,226,0.06313204163580366,0.3447800144891188,1021.0,0.8977033495587442,0.3693437232460528,0.0018737961410944315,False
state0,vib_rms_ratio,226,-0.039987524852832246,0.5498064559364957,-733.0,-0.6442341685068634,0.5194235972012415,-0.0038389989707099973,False
state0,cur_ac1,226,0.035401868673086166,0.5965129887569054,589.0,0.5174995779809232,0.6048074634552336,0.0005675929523528873,False
state0,cur_fit_r2,226,0.030008446714228167,0.6536297485227286,603.0,0.5298209965042784,0.5962360461444696,1.7560736088857576e-05,False
state1,AI0_Vibration_rms,304,-0.31743437070195374,1.523617115456559e-08,-10044.0,-5.670369657356561,1.4248974000707904e-08,-0.004077730466930931,True
state1,AI0_Vibration_peak,304,-0.331480706310493,3.1405020683309666e-09,-10658.0,-6.017039673249912,1.776355507132621e-09,-0.00813723352407775,True
state1,AI0_Vibration_kurt,304,-0.048715604951349314,0.39733572850957555,-1472.0,-0.8305400543633875,0.40623351131742913,-0.01067885283203705,False
state1,AI0_Vibration_crest,304,-0.09241151897760957,0.10782317638363406,-2918.0,-1.6469648800666223,0.09956526472918692,-0.010878613440585449,False
state1,AI1_Vibration_rms,304,-0.2194495937945822,0.00011450673597437517,-6842.0,-3.8624911705641973,0.00011223662301373949,-0.002441537642395646,False
state1,AI1_Vibration_peak,304,-0.22643026166292213,6.789577313096069e-05,-7094.0,-4.004772675458537,6.207714852224377e-05,-0.005055010868621663,False
state1,AI1_Vibration_kurt,304,0.004230345381388873,0.9414440031530783,104.0,0.05815474207982931,0.9536253702613289,0.0008970431791049988,False
state1,AI1_Vibration_crest,304,-0.00876651944745812,0.8790112675749181,-278.0,-0.15639673355449243,0.8757203117402075,-0.0011646294581129013,False
state1,AI2_Current_rms,304,0.0897991611067923,0.11819147420763203,2764.0,1.5600150715200816,0.11875631961136501,0.4393024072768714,False
state1,AI2_Current_peak,304,0.06491072652777845,0.25919956670738603,1950.0,1.1004252141991706,0.2711468975417488,0.5339155905566701,False
state1,AI2_Current_kurt,304,0.10820099266182011,0.05952272254424136,3368.0,1.9010389959493719,0.057296905019337485,0.012594574593371231,False
state1,AI2_Current_crest,304,-0.10072356674839182,0.07953299233387769,-3010.0,-1.6989089215359845,0.08933634577340155,-0.0043922766085726945,False
state1,vib_rms_ratio,304,-0.12025346192945438,0.03611203156218326,-3578.0,-2.019606916694655,0.04342417713844848,-0.023106040474339833,False
state1,cur_ac1,304,0.003841652500021357,0.9468159119194368,194.0,0.1089695652563792,0.9132266299599263,9.861957169879655e-05,False
state1,cur_fit_r2,304,-0.2725471770645572,1.4065191751317903e-06,-8276.0,-4.672140686510559,2.9807666834802404e-06,-0.0001391147543596778,False
