kind,name,value,stratum,feature,n_a,n_b,mean_a,mean_b,median_a,median_b,welch_t,welch_p,mwu_u,mwu_p,cohen_d,cliff_delta,p_adj_bh,significant,median_b_over_q99_a
summary,n_segments_sequence,599.0,,,,,,,,,,,,,,,,,
summary,n_transitions,325.0,,,,,,,,,,,,,,,,,
summary,n_segments_with_window_rep,530.0,,,,,,,,,,,,,,,,,
run_length,state0_n_runs,163.0,,,,,,,,,,,,,,,,,
run_length,state0_median,1.0,,,,,,,,,,,,,,,,,
run_length,state0_max,5.0,,,,,,,,,,,,,,,,,
run_length,state0_share_len1,0.5644171779141104,,,,,,,,,,,,,,,,,
run_length,state1_n_runs,163.0,,,,,,,,,,,,,,,,,
run_length,state1_median,1.0,,,,,,,,,,,,,,,,,
run_length,state1_max,90.0,,,,,,,,,,,,,,,,,
run_length,state1_share_len1,0.5950920245398773,,,,,,,,,,,,,,,,,
group_test,all:rep_AI0_Vibration_rms,,all,rep_AI0_Vibration_rms,242.0,288.0,0.06017577999861904,0.0691406489963946,0.05980077360724731,0.07134276080888836,4.865925163273069,1.542014539958961e-06,26117.0,6.647175846225685e-07,0.4288170997353135,0.2505452249770431,1.329435169245137e-06,True,0.6108533067401061
group_test,all:rep_AI2_Current_rms,,all,rep_AI2_Current_rms,242.0,288.0,107.87600789280022,124.76547089855048,90.82818486897273,111.22431746555807,5.430201571202901,8.622285560664503e-08,28482.0,0.0002892980961320642,0.4633382595988233,0.18267906336088158,0.0002892980961320642,True,0.6028133440717447
group_test,state0:rep_AI0_Vibration_rms,,state0,rep_AI0_Vibration_rms,81.0,145.0,0.08070043517663221,0.0805483986985586,0.07917091273336099,0.07883518866907341,-0.07001637822591793,0.9442709038714872,5888.0,0.9746131272001505,-0.009932399282120452,-0.0026394210302256305,0.9746131272001505,False,0.6423823463436226
group_test,state0:rep_AI2_Current_rms,,state0,rep_AI2_Current_rms,81.0,145.0,146.42166211127,161.05718075495457,144.50413088905105,168.23861880079733,5.064152532521467,1.0324843617752827e-06,3528.0,6.596233290118653e-07,0.6891241330141612,0.39923371647509576,1.3192466580237305e-06,True,0.9030719073805201
group_test,state1:rep_AI0_Vibration_rms,,state1,rep_AI0_Vibration_rms,161.0,143.0,0.04984971124446333,0.0575733503473472,0.04434693308628562,0.05648246582791512,3.916742554480013,0.0001113239678735597,8355.0,3.6962260999711646e-05,0.44993704741648066,0.2742040568127525,7.392452199942329e-05,True,0.6291024112909747
group_test,state1:rep_AI2_Current_rms,,state1,rep_AI2_Current_rms,161.0,143.0,88.48347378288686,87.96618468051841,87.48484780806331,84.5891373270974,-0.42171232060785574,0.6735352487465422,13324.0,0.017848652172470728,-0.048043011446335986,-0.15745124440776626,0.017848652172470728,True,0.7138765379084243
