k,seed,kind,dur_min,t_attention,t_alarm,true_remaining_min,eta_min,abs_err_min
1,0,amplitude,2.0,1108.853,1172.457,1.0600666666666674,,
1,0,amplitude,5.0,1108.853,1245.112,2.2709833333333336,,
1,0,amplitude,10.0,1245.112,1293.339,0.8037833333333311,5.499825857348969,4.696042524015638
1,0,antiphase,2.0,1149.409,1204.617,0.9201333333333309,,
1,0,antiphase,5.0,1157.355,1285.785,2.140500000000001,3.4144909774213534,1.2739909774213523
1,0,antiphase,10.0,1245.112,1285.785,0.6778833333333334,,
1,0,current,2.0,1108.853,1149.409,0.675933333333334,,
1,0,current,5.0,1149.409,1204.617,0.9201333333333309,8.001129640657803,7.080996307324472
1,0,current,10.0,1204.617,1285.785,1.352800000000002,1.0847148974770393,0.2680851025229627
1,0,spike,2.0,1108.853,1149.409,0.675933333333334,,
1,0,spike,5.0,1149.409,1157.355,0.13243333333333188,41.60309215882064,41.470658825487305
1,0,spike,10.0,1197.825,1260.397,1.0428666666666648,1.3812162147947378,0.33834954812807294
1,1,amplitude,2.0,1108.853,1172.457,1.0600666666666674,,
1,1,amplitude,5.0,1108.853,1245.112,2.2709833333333336,,
1,1,amplitude,10.0,1245.112,1293.339,0.8037833333333311,9.120274946233334,8.316491612900002
1,1,antiphase,2.0,1149.409,1204.617,0.9201333333333309,319.753951373489,318.8338180401556
1,1,antiphase,5.0,1157.355,1285.785,2.140500000000001,2.92869328929203,0.7881932892920287
1,1,antiphase,10.0,1245.112,1285.785,0.6778833333333334,,
1,1,current,2.0,1108.853,1149.409,0.675933333333334,,
1,1,current,5.0,1149.409,1204.617,0.9201333333333309,4.842731796706724,3.9225984633733932
1,1,current,10.0,1172.457,1285.785,1.8887999999999996,1.0670029760106405,0.821797023989359
1,1,spike,2.0,1108.853,1149.409,0.675933333333334,,
1,1,spike,5.0,1149.409,1157.355,0.13243333333333188,12.705620066422,12.573186733088669
1,1,spike,10.0,1197.825,1260.397,1.0428666666666648,1.3351088863976324,0.29224221973096753
1,2,amplitude,2.0,1108.853,1172.457,1.0600666666666674,,
1,2,amplitude,5.0,1149.409,1245.112,1.5950499999999996,13.47138827847622,11.876338278476219
1,2,amplitude,10.0,1220.518,1293.339,1.213683333333332,5.709154199297189,4.495470865963857
1,2,antiphase,2.0,1149.409,1204.617,0.9201333333333309,89.04088952865615,88.12075619532283
1,2,antiphase,5.0,1197.825,1285.785,1.4660000000000006,0.7750011547770997,0.6909988452229009
1,2,antiphase,10.0,1245.112,1285.785,0.6778833333333334,,
1,2,current,2.0,1108.853,1149.409,0.675933333333334,,
1,2,current,5.0,1149.409,1204.617,0.9201333333333309,4.58470551756693,3.664572184233599
1,2,current,10.0,1212.55,1285.785,1.2205833333333354,2.3362734973477624,1.115690164014427
1,2,spike,2.0,1108.853,1149.409,0.675933333333334,,
1,2,spike,5.0,1149.409,1157.355,0.13243333333333188,9.724222447234116,9.591789113900784
1,2,spike,10.0,1197.825,1260.397,1.0428666666666648,1.3350411613812194,0.2921744947145546
2,0,amplitude,2.0,2029.409,2061.968,0.5426499999999957,,
2,0,amplitude,5.0,2077.149,2157.277,1.3354666666666692,0.8507506688300575,0.4847159978366118
2,0,amplitude,10.0,2157.277,2157.277,0.0,0.4512783885918091,0.4512783885918091
2,0,antiphase,2.0,2055.34,2101.152,0.7635333333333316,5.273209334298348,4.509676000965016
2,0,antiphase,5.0,2101.152,2157.277,0.9354166666666667,3.33922147709156,2.403804810424893
2,0,antiphase,10.0,2157.277,2405.241,4.1327333333333325,2.297961013530178,1.8347723198031547
2,0,current,2.0,2037.379,2061.968,0.4098166666666657,1.0591746583675772,0.6493579917009115
2,0,current,5.0,2055.34,2134.195,1.3142500000000004,3.2812001591738738,1.9669501591738734
2,0,current,10.0,2101.152,2149.296,0.8023999999999963,3.9750050073560743,3.172605007356078
2,0,spike,2.0,2021.515,2055.34,0.5637500000000008,,
2,0,spike,5.0,2037.379,2093.037,0.9276333333333316,5.0274716850091705,4.099838351675839
2,0,spike,10.0,2093.037,2157.277,1.0706666666666707,2.7696454435644426,1.698978776897772
2,1,amplitude,2.0,2029.409,2055.34,0.432183333333334,282.6607497615411,282.2285664282078
2,1,amplitude,5.0,2037.379,2134.195,1.6136000000000044,4.576342555911718,2.9627425559117135
2,1,amplitude,10.0,2085.909,2277.217,3.1884666666666663,1.7101606222398402,1.4783060444268261
2,1,antiphase,2.0,2037.379,2101.152,1.0628833333333356,3.748801928476156,2.6859185951428204
2,1,antiphase,5.0,2101.152,2157.277,0.9354166666666667,4.154316735068365,3.218900068401698
2,1,antiphase,10.0,2157.277,2405.241,4.1327333333333325,2.5174529678930937,1.6152803654402388
2,1,current,2.0,2029.409,2061.968,0.5426499999999957,4.507682851632951,3.965032851632955
2,1,current,5.0,2037.379,2134.195,1.6136000000000044,1.9213295221908562,0.3077295221908518
2,1,current,10.0,2101.152,2149.296,0.8023999999999963,5.124888400148832,4.322488400148836
2,1,spike,2.0,2021.515,2055.34,0.5637500000000008,,
2,1,spike,5.0,2037.379,2085.909,0.8088333333333366,5.0274716850091705,4.218638351675834
2,1,spike,10.0,2085.909,2157.277,1.1894666666666656,2.147573430345858,0.9581067636791925
2,2,amplitude,2.0,2029.409,2055.34,0.432183333333334,254.0782203271956,253.64603699386225
2,2,amplitude,5.0,2037.379,2101.152,1.0628833333333356,4.576342555911718,3.5134592225783825
2,2,amplitude,10.0,2037.379,2237.407,3.333800000000004,4.885262728787981,1.551462728787977
2,2,antiphase,2.0,2037.379,2101.152,1.0628833333333356,3.748801928476156,2.6859185951428204
2,2,antiphase,5.0,2101.152,2157.277,0.9354166666666667,4.356174527480753,3.420757860814086
2,2,antiphase,10.0,2157.277,2157.277,0.0,2.0306654675726636,2.0306654675726636
2,2,current,2.0,2029.409,2061.968,0.5426499999999957,4.496037301411061,3.953387301411065
2,2,current,5.0,2037.379,2134.195,1.6136000000000044,1.8539193343004634,0.24031933430045904
2,2,current,10.0,2101.152,2181.541,1.3398166666666687,5.071304036093965,3.7314873694272963
2,2,spike,2.0,2021.515,2055.34,0.5637500000000008,,
2,2,spike,5.0,2037.379,2085.909,0.8088333333333366,5.0274716850091705,4.218638351675834
2,2,spike,10.0,2037.379,2157.277,1.9983000000000024,3.293889869301532,1.2955898693015298
3,0,amplitude,2.0,2926.777,2967.348,0.6761833333333319,1.001900339417823,0.32571700608449106
3,0,amplitude,5.0,2974.689,3015.808,0.685316666666669,0.19428307540071504,0.491033591265954
3,0,amplitude,10.0,2974.689,3167.677,3.2164666666666712,0.6007576742992241,2.615708992367447
3,0,antiphase,2.0,2942.695,2990.568,0.7978833333333342,1.4302051331385301,0.632321799805196
3,0,antiphase,5.0,2974.689,3070.844,1.6025833333333366,4.332239347897446,2.72965601456411
3,0,antiphase,10.0,3078.929,3175.597,1.6111333333333353,2.975946384975212,1.3648130516418768
3,0,current,2.0,2920.126,2934.565,0.2406499999999975,2.4253076453893794,2.184657645389382
3,0,current,5.0,2967.348,2974.689,0.12234999999999824,1.1159113701017118,0.9935613701017136
3,0,current,10.0,2982.68,3078.929,1.6041500000000042,10.288606933184559,8.684456933184554
3,0,spike,2.0,2926.777,2934.565,0.1298000000000002,1.132108172537427,1.0023081725374268
3,0,spike,5.0,2967.348,2974.689,0.12234999999999824,0.33295863930335495,0.21060863930335672
3,0,spike,10.0,2982.68,3103.429,2.0124833333333374,5.4366955191842035,3.424212185850866
3,1,amplitude,2.0,2926.777,2967.348,0.6761833333333319,1.0837768877584313,0.40759355442509937
3,1,amplitude,5.0,2974.689,3056.405,1.3619333333333392,0.26805965105670454,1.0938736822766346
3,1,amplitude,10.0,2982.68,3167.677,3.0832833333333385,2.0561682147861866,1.0271151185471519
3,1,antiphase,2.0,2942.695,2990.568,0.7978833333333342,1.6694732634102485,0.8715899300769143
3,1,antiphase,5.0,2974.689,3167.677,3.2164666666666712,4.2962669732214716,1.0798003065548003
3,1,antiphase,10.0,3038.887,3175.597,2.2785000000000006,,
3,1,current,2.0,2920.126,2934.565,0.2406499999999975,2.4893292809769676,2.2486792809769702
3,1,current,5.0,2967.348,2974.689,0.12234999999999824,1.2519539963952782,1.12960399639528
3,1,current,10.0,2982.68,3078.929,1.6041500000000042,11.472836563033907,9.868686563033902
3,1,spike,2.0,2920.126,2934.565,0.2406499999999975,2.0332850274788563,1.7926350274788587
3,1,spike,5.0,2967.348,2974.689,0.12234999999999824,0.45293462179046107,0.33058462179046283
3,1,spike,10.0,2982.68,3103.429,2.0124833333333374,6.277872685967058,4.26538935263372
3,2,amplitude,2.0,2926.777,2967.348,0.6761833333333319,1.064059213569249,0.3878758802359171
3,2,amplitude,5.0,2967.348,3038.887,1.1923166666666702,0.35400728568305406,0.8383093809836162
3,2,amplitude,10.0,2974.689,3167.677,3.2164666666666712,0.6777236995737804,2.5387429670928907
3,2,antiphase,2.0,2942.695,2990.568,0.7978833333333342,1.6349795928918385,0.8370962595585043
3,2,antiphase,5.0,2974.689,3070.844,1.6025833333333366,4.990912763564933,3.3883294302315963
3,2,antiphase,10.0,3078.929,3175.597,1.6111333333333353,3.1880496497067314,1.5769163163733961
3,2,current,2.0,2920.126,2934.565,0.2406499999999975,2.5989555156982993,2.358305515698302
3,2,current,5.0,2967.348,2974.689,0.12234999999999824,1.0900312206248826,0.9676812206248844
3,2,current,10.0,2974.689,3078.929,1.7373333333333372,0.8554723422613721,0.881860991071965
3,2,spike,2.0,2920.126,2934.565,0.2406499999999975,2.1020666504503636,1.861416650450366
3,2,spike,5.0,2967.348,2974.689,0.12234999999999824,0.335492243508276,0.21314224350827776
3,2,spike,10.0,2974.689,3103.429,2.1456666666666706,1.131698496877105,1.0139681697895655
4,0,amplitude,2.0,3880.42,4009.154,2.1455666666666655,,
4,0,amplitude,5.0,3920.801,4307.771,6.449499999999997,4.6461495628606695,1.8033504371393274
4,0,amplitude,10.0,3986.739,4315.677,5.482299999999994,,
4,0,antiphase,2.0,3904.825,4089.179,3.0725666666666713,,
4,0,antiphase,5.0,3961.077,4226.228,4.419183333333331,,
4,0,antiphase,10.0,4057.236,4349.366,4.868833333333336,,
4,0,current,2.0,3857.836,3864.79,0.11590000000000297,2.9887052561581897,2.8728052561581867
4,0,current,5.0,3880.42,3953.211,1.2131833333333286,2.3316449808342257,1.118461647500897
4,0,current,10.0,3920.801,3969.202,0.8066833333333382,1.2937870665543787,0.4871037332210405
4,0,spike,2.0,3864.79,3872.48,0.12816666666666757,1.2328176717396282,1.1046510050729605
4,0,spike,5.0,3880.42,3920.801,0.6730166666666643,6.115337645283975,5.44232097861731
4,0,spike,10.0,3920.801,3969.202,0.8066833333333382,1.0493170639188887,0.2426337305855505
4,1,amplitude,2.0,3898.237,4009.154,1.8486166666666652,,
4,1,amplitude,5.0,3920.801,4307.771,6.449499999999997,3.5409408326026495,2.9085591673973474
4,1,amplitude,10.0,3986.739,4315.677,5.482299999999994,,
4,1,antiphase,2.0,3904.825,4089.179,3.0725666666666713,,
4,1,antiphase,5.0,3969.202,4349.366,6.336066666666663,14.923946188990856,8.587879522324194
4,1,antiphase,10.0,4129.657,4349.366,3.661816666666664,9.95599918442132,6.294182517754655
4,1,current,2.0,3864.79,3864.79,0.0,0.817590935111764,0.817590935111764
4,1,current,5.0,3880.42,3953.211,1.2131833333333286,2.200702035441867,0.9875187021085383
4,1,current,10.0,3920.801,3969.202,0.8066833333333382,1.374426020054298,0.5677426867209597
4,1,spike,2.0,3864.79,3872.48,0.12816666666666757,1.5064909293938038,1.3783242627271362
4,1,spike,5.0,3880.42,3920.801,0.6730166666666643,4.6276655235090915,3.9546488568424274
4,1,spike,10.0,3920.801,3969.202,0.8066833333333382,1.0683534594254112,0.26167012609207296
4,2,amplitude,2.0,3898.237,4009.154,1.8486166666666652,,
4,2,amplitude,5.0,3920.801,4307.771,6.449499999999997,3.758610302447023,2.690889697552974
4,2,amplitude,10.0,4041.248,4315.677,4.57381666666666,,
4,2,antiphase,2.0,3904.825,4089.179,3.0725666666666713,,
4,2,antiphase,5.0,3986.739,4349.366,6.043783333333333,5.5929277999060325,0.45085553342730034
4,2,antiphase,10.0,4129.657,4349.366,3.661816666666664,10.02801026055894,6.366193593892276
4,2,current,2.0,3864.79,3880.42,0.26050000000000184,1.2509551951436457,0.9904551951436439
4,2,current,5.0,3880.42,3953.211,1.2131833333333286,2.050221546760117,0.8370382134267882
4,2,current,10.0,3920.801,3993.389,1.2098000000000033,1.1459060221108999,0.06389397788910345
4,2,spike,2.0,3864.79,3872.48,0.12816666666666757,1.2318734392007498,1.1037067725340821
4,2,spike,5.0,3880.42,3920.801,0.6730166666666643,3.946074765428212,3.2730580987615476
4,2,spike,10.0,3920.801,3969.202,0.8066833333333382,0.9454340674314853,0.1387507340981471
