feature_a,feature_b,rho_normal,rho_outlier,diff,abs_diff
AI1_Vibration_p2p,vib_rms_ratio,-0.7591161085351338,0.5058211107128179,1.2649372192479515,1.2649372192479515
AI1_Vibration_peak,vib_corr01_cum,0.6842850396934241,-0.4575500353248147,-1.1418350750182389,1.1418350750182389
AI1_Vibration_rms,vib_corr01_cum,0.6968545444313259,-0.44424850786760717,-1.141103052298933,1.141103052298933
AI1_Vibration_peak,vib_rms_ratio,-0.7345750130850992,0.3941896486971504,1.1287646617822495,1.1287646617822495
AI1_Vibration_rms,vib_rms_ratio,-0.7606524167685208,0.3349294628323386,1.0955818796008594,1.0955818796008594
AI1_Vibration_p2p,vib_corr01_cum,0.6842657575723499,-0.40790165330153894,-1.0921674108738888,1.0921674108738888
AI2_Current_rms,vib_corr01,0.6815923438697868,-0.3689855298530549,-1.0505778737228417,1.0505778737228417
cur_fit_r2,vib_corr01,0.709364797942128,-0.30721469412262387,-1.016579492064752,1.016579492064752
AI0_Vibration_rms,vib_corr01_cum,0.6058750670818075,-0.40672816060770484,-1.0126032276895123,1.0126032276895123
cur_fit_r2,vib_rms_ratio,-0.6738881989661581,0.3318903786890146,1.0057785776551729,1.0057785776551729
AI0_Vibration_peak,vib_corr01_cum,0.6062895531029873,-0.39118491043505277,-0.99747446353804,0.99747446353804
AI1_Vibration_p2p,vib_corr01_win,0.5778858071334066,-0.41540313698214254,-0.9932889441155492,0.9932889441155492
AI1_Vibration_peak,vib_corr01_win,0.5834900948194208,-0.40905129167983023,-0.992541386499251,0.992541386499251
AI2_Current_peak,vib_corr01_cum,0.6702475826803904,-0.3070025214017582,-0.9772501040821486,0.9772501040821486
AI0_Vibration_p2p,vib_corr01_cum,0.6178347011366898,-0.3587961000939709,-0.9766308012306607,0.9766308012306607
AI1_Vibration_rms,vib_corr01_win,0.5909712794205093,-0.36576234400434077,-0.95673362342485,0.95673362342485
AI1_Vibration_rms,vib_corr01,0.7161887947934598,-0.240278348480665,-0.9564671432741247,0.9564671432741247
AI2_Current_peak,vib_corr01,0.6875608598947425,-0.2643791236614594,-0.9519399835562019,0.9519399835562019
AI2_Current_rms,vib_rms_ratio,-0.6711142416951555,0.2758410200759631,0.9469552617711187,0.9469552617711187
AI2_Current_rms,vib_corr01_cum,0.6605485902529868,-0.28309820944112857,-0.9436467996941154,0.9436467996941154
AI0_Vibration_peak,vib_rms_ratio,-0.12026413672802004,0.8188755288039634,0.9391396655319835,0.9391396655319835
AI1_Vibration_p2p,AI1_Vibration_crest,-0.4037852782507147,0.5197185248733576,0.9235038031240723,0.9235038031240723
AI1_Vibration_peak,vib_corr01,0.7029325954716935,-0.21629140714394046,-0.919224002615634,0.919224002615634
AI0_Vibration_p2p,vib_corr01_win,0.5580652469781071,-0.3373904197178542,-0.8954556666959613,0.8954556666959613
AI2_Current_p2p,cur_fit_r2,0.8053502881239131,-0.07776280437664551,-0.8831130925005586,0.8831130925005586
AI2_Current_crest,cur_fit_r2,0.4320434992305042,-0.43995815264682564,-0.8720016518773299,0.8720016518773299
cur_fit_r2,vib_corr01_cum,0.6749356244989071,-0.19127846331019333,-0.8662140878091005,0.8662140878091005
AI0_Vibration_rms,vib_corr01_win,0.5537301819310798,-0.31070265870862723,-0.864432840639707,0.864432840639707
AI0_Vibration_p2p,vib_rms_ratio,-0.11367314222696268,0.7480050870087616,0.8616782292357242,0.8616782292357242
AI0_Vibration_peak,vib_corr01_win,0.5371219615042244,-0.3242102987407174,-0.8613322602449418,0.8613322602449418
AI1_Vibration_crest,AI2_Current_p2p,-0.45927266615813866,0.40057246991417633,0.8598451360723149,0.8598451360723149
AI1_Vibration_p2p,vib_corr01,0.7034432635925337,-0.15460770142336702,-0.8580509650159007,0.8580509650159007
AI0_Vibration_peak,vib_corr01,0.6160609003047609,-0.2257850240889481,-0.841845924393709,0.841845924393709
AI2_Current_p2p,vib_rms_ratio,-0.6362085833289932,0.20031675760664053,0.8365253409356337,0.8365253409356337
AI0_Vibration_rms,vib_corr01,0.6066172563250873,-0.22464573205393393,-0.8312629883790212,0.8312629883790212
AI1_Vibration_skew,AI1_Vibration_shape_crest,0.3856978459806944,-0.43279978296256105,-0.8184976289432555,0.8184976289432555
AI0_Vibration_rms,vib_rms_ratio,-0.05286245447347279,0.7639310906131308,0.8167935450866036,0.8167935450866036
AI2_Current_peak,vib_rms_ratio,-0.6746408055737051,0.12915676115799554,0.8037975667317007,0.8037975667317007
AI0_Vibration_p2p,vib_corr01,0.6191660663383876,-0.1736079790700192,-0.7927740454084068,0.7927740454084068
AI1_Vibration_crest,AI2_Current_rms,-0.4915579703733278,0.287805208898535,0.7793631792718628,0.7793631792718628
AI2_Current_kurt,cur_ac1_win,-0.7640066171069984,-0.01806836679327184,0.7459382503137265,0.7459382503137265
AI0_Vibration_p2p,AI1_Vibration_crest,-0.26994338578236166,0.47490631630396496,0.7448497020863266,0.7448497020863266
AI1_Vibration_peak,AI1_Vibration_crest,-0.31079830607607184,0.43384330678786076,0.7446416128639326,0.7446416128639326
AI1_Vibration_p2p,AI2_Current_crest,0.44538883616859626,-0.2960508690548532,-0.7414397052234495,0.7414397052234495
AI1_Vibration_crest,AI2_Current_peak,-0.5010799287919581,0.23790999636865373,0.7389899251606118,0.7389899251606118
AI1_Vibration_rms,AI2_Current_crest,0.45106300767563023,-0.2759495387954422,-0.7270125464710724,0.7270125464710724
AI1_Vibration_rms,cur_fit_r2,0.8951411545914382,0.17018327465079688,-0.7249578799406413,0.7249578799406413
AI0_Vibration_peak,AI1_Vibration_crest,-0.261676021076657,0.4625209435715046,0.7241969646481616,0.7241969646481616
AI2_Current_p2p,vib_corr01_cum,0.6185700248205279,-0.10404153810748178,-0.7226115629280097,0.7226115629280097
AI0_Vibration_p2p,AI2_Current_crest,0.36359998133318133,-0.35790758801245276,-0.7215075693456341,0.7215075693456341
cur_fit_r2,vib_corr01_win,0.5620227984205988,-0.15825132982377935,-0.7202741282443781,0.7202741282443781
AI1_Vibration_peak,AI2_Current_crest,0.44317141586504577,-0.2732208942685277,-0.7163923101335734,0.7163923101335734
AI2_Current_shape_crest,cur_ac1_win,-0.7519342709569935,-0.03676071622354856,0.7151735547334449,0.7151735547334449
AI2_Current_rms,AI2_Current_crest,0.26655695719267575,-0.4396500271296799,-0.7062069843223556,0.7062069843223556
AI1_Vibration_rms,AI1_Vibration_crest,-0.48971528740249554,0.2073521432447097,0.6970674306472052,0.6970674306472052
AI1_Vibration_peak,cur_fit_r2,0.8764912280947773,0.18160804045987503,-0.6948831876349023,0.6948831876349023
AI0_Vibration_rms,AI2_Current_crest,0.3482126192312786,-0.339270211611503,-0.6874828308427816,0.6874828308427816
cur_ac1_win,cur_ac1_cum,-0.17504535920445635,0.506578947368421,0.6816243065728773,0.6816243065728773
AI0_Vibration_peak,AI2_Current_crest,0.3386621876719234,-0.34257846245028395,-0.6812406501222074,0.6812406501222074
AI1_Vibration_p2p,cur_fit_r2,0.8870766096187408,0.21243167564339693,-0.6746449339753439,0.6746449339753439
AI2_Current_peak,vib_corr01_win,0.5570688023109607,-0.11249071619369772,-0.6695595185046583,0.6695595185046583
AI2_Current_rms,cur_fit_resid_rms,-0.17292683061747013,0.4922233362876328,0.665150166905103,0.665150166905103
AI1_Vibration_kurt,AI1_Vibration_skew,0.29701673822749647,-0.35751492132392837,-0.6545316595514248,0.6545316595514248
AI2_Current_rms,vib_corr01_win,0.5504347090237651,-0.09834508952794357,-0.6487797985517088,0.6487797985517088
cur_fit_r2,cur_ac1,0.17003454716536276,0.8185477818261214,0.6485132346607587,0.6485132346607587
AI0_Vibration_rms,AI1_Vibration_crest,-0.2480655009834616,0.3960255018990776,0.6440910028825392,0.6440910028825392
AI1_Vibration_kurt,AI2_Current_p2p,-0.4528313971988413,0.18797204156546335,0.6408034387643047,0.6408034387643047
AI1_Vibration_crest,cur_fit_r2,-0.4869003927548037,0.14900645352964204,0.6359068462844457,0.6359068462844457
AI2_Current_p2p,vib_corr01,0.6411104347943499,0.014793335209922195,-0.6263170995844277,0.6263170995844277
AI2_Current_crest,cur_ac1_win,-0.6729082626637578,-0.051790558871405316,0.6211177037923525,0.6211177037923525
AI1_Vibration_shape_crest,AI2_Current_p2p,-0.4141696776332138,0.2044542723237384,0.6186239499569521,0.6186239499569521
AI2_Current_peak,cur_fit_resid_rms,-0.1631679014971446,0.44540330591529653,0.6085712074124412,0.6085712074124412
AI2_Current_peak,cur_fit_r2,0.8623121765038704,0.27463861204235185,-0.5876735644615185,0.5876735644615185
AI1_Vibration_rms,AI2_Current_p2p,0.8053287706502789,0.22054310004333855,-0.5847856706069403,0.5847856706069403
AI1_Vibration_kurt,cur_fit_r2,-0.47662167131475275,0.10131949045245107,0.5779411617672038,0.5779411617672038
AI2_Current_rms,cur_ac1,0.14880841565196612,0.7017330493905325,0.5529246337385664,0.5529246337385664
AI2_Current_crest,cur_ac1,0.09886167208359879,-0.44990370757105574,-0.5487653796546546,0.5487653796546546
AI1_Vibration_p2p,AI2_Current_p2p,0.797627807113841,0.25391883571754287,-0.5437089713962981,0.5437089713962981
AI1_Vibration_p2p,AI2_Current_peak,0.8636591128406681,0.32062839690273487,-0.5430307159379333,0.5430307159379333
AI0_Vibration_rms,AI1_Vibration_skew,0.12679799673479758,-0.41549104720564295,-0.5422890439404405,0.5422890439404405
vib_corr01,cur_ac1,0.12746380163857854,-0.41439117915967305,-0.5418549807982516,0.5418549807982516
AI1_Vibration_kurt,AI2_Current_rms,-0.4919825251598016,0.04446554530656538,0.536448070466367,0.536448070466367
cur_fit_f_dev,vib_rms_ratio,0.26489854838010174,-0.2679276295909846,-0.5328261779710863,0.5328261779710863
AI1_Vibration_shape_crest,cur_fit_r2,-0.4344923300683885,0.09818344337989972,0.5326757734482882,0.5326757734482882
AI1_Vibration_rms,AI2_Current_peak,0.8724672599362276,0.3445604745834095,-0.5279067853528181,0.5279067853528181
AI1_Vibration_shape_crest,AI2_Current_rms,-0.44631151859684803,0.08134834508952794,0.527659863686376,0.527659863686376
AI1_Vibration_shape_crest,AI2_Current_peak,-0.4562469932309758,0.0674781503072181,0.5237251435381939,0.5237251435381939
AI0_Vibration_peak,AI1_Vibration_skew,0.09382250862734254,-0.4252012845131459,-0.5190237931404884,0.5190237931404884
AI1_Vibration_peak,AI1_Vibration_skew,0.07604809688243884,-0.4411622081015584,-0.5172103049839972,0.5172103049839972
AI1_Vibration_kurt,AI2_Current_peak,-0.5051456638993496,0.009652332919900617,0.5147979968192502,0.5147979968192502
cur_fit_resid_rms,cur_ac1_cum,0.026281605360616953,0.5344477271321584,0.5081661217715414,0.5081661217715414
AI0_Vibration_kurt,AI1_Vibration_rms,0.15439238797100027,-0.3515463917525773,-0.5059387797235776,0.5059387797235776
AI0_Vibration_p2p,AI1_Vibration_skew,0.1209060250041371,-0.3822161933571936,-0.5031222183613306,0.5031222183613306
vib_corr01,vib_corr01_win,0.7695207733230756,0.2771898266057489,-0.49233094671732663,0.49233094671732663
AI2_Current_p2p,vib_corr01_win,0.5134564848914399,0.027985878234009373,-0.4854706066574305,0.4854706066574305
cur_fit_resid_rms,cur_fit_r2,-0.4829008197782644,0.00016375322389159536,0.483064573002156,0.483064573002156
AI1_Vibration_kurt,AI1_Vibration_crest,0.7792868853592718,0.2963917525773196,-0.48289513278195223,0.48289513278195223
AI1_Vibration_peak,AI1_Vibration_shape_crest,-0.3095808612382326,0.17237742269230621,0.4819582839305388,0.4819582839305388
AI0_Vibration_shape_crest,AI1_Vibration_rms,0.13524743817824267,-0.3439229517091698,-0.47917038988741245,0.47917038988741245
AI1_Vibration_rms,AI1_Vibration_shape_crest,-0.4513965739392875,0.024498100922409116,0.4758946748616966,0.4758946748616966
AI1_Vibration_crest,AI1_Vibration_shape_crest,0.809168367655265,0.33507867607162234,-0.47408969158364267,0.47408969158364267
AI1_Vibration_peak,AI2_Current_peak,0.8524417470304679,0.38070170678975446,-0.4717400402407135,0.4717400402407135
AI0_Vibration_shape_crest,AI1_Vibration_p2p,0.14111889826828583,-0.31964730822738485,-0.4607662064956707,0.4607662064956707
AI0_Vibration_kurt,AI1_Vibration_p2p,0.16141361298987272,-0.29836371348078977,-0.4597773264706625,0.4597773264706625
vib_corr01_cum,cur_ac1_cum,0.07677618574367584,-0.38278621812262614,-0.459562403866302,0.459562403866302
AI2_Current_rms,AI2_Current_p2p,0.9451975005538741,0.4877926367128013,-0.45740486384107276,0.45740486384107276
AI1_Vibration_peak,AI2_Current_p2p,0.788295942143371,0.3344571221177847,-0.45383882002558623,0.45383882002558623
cur_fit_resid_rms,cur_ac1,-0.007194252308032136,0.44574992153491355,0.45294417384294566,0.45294417384294566
AI1_Vibration_p2p,AI1_Vibration_shape_crest,-0.357681368415814,0.09485375160329268,0.4525351200191067,0.4525351200191067
AI1_Vibration_peak,AI1_Vibration_kurt,-0.3682103435452621,0.0828887618659734,0.4510991054112355,0.4510991054112355
AI2_Current_peak,AI2_Current_crest,0.4681891626933807,0.02608775292335754,-0.44210140977002316,0.44210140977002316
AI0_Vibration_crest,AI1_Vibration_crest,-0.07758604871499568,0.36444655453065655,0.44203260324565224,0.44203260324565224
AI1_Vibration_p2p,AI2_Current_rms,0.8516146996745602,0.414121237872166,-0.4374934618023942,0.4374934618023942
AI1_Vibration_rms,AI1_Vibration_kurt,-0.49760749536138565,-0.06589799240368964,0.431709502957696,0.431709502957696
AI1_Vibration_rms,AI1_Vibration_skew,0.016341200786923884,-0.414514378730331,-0.43085557951725484,0.43085557951725484
AI2_Current_p2p,cur_fit_resid_rms,-0.1678485722803404,0.26228321407943683,0.4301317863597772,0.4301317863597772
AI1_Vibration_rms,AI2_Current_rms,0.8602524222954626,0.43183667932718395,-0.42841574296827867,0.42841574296827867
AI0_Vibration_kurt,AI1_Vibration_shape_crest,-0.08674943949990507,0.33928377645143787,0.4260332159513429,0.4260332159513429
AI1_Vibration_rms,cur_fit_resid_rms,-0.29059571252096694,0.13470036460648474,0.42529607712745165,0.42529607712745165
AI0_Vibration_kurt,AI1_Vibration_kurt,-0.08799406463866181,0.3365029842647857,0.4244970489034475,0.4244970489034475
AI0_Vibration_rms,cur_fit_f_dev,-0.0006577207814669454,-0.41853054401346185,-0.4178728232319949,0.4178728232319949
AI0_Vibration_crest,AI1_Vibration_rms,0.14206501414601722,-0.2742810634834509,-0.41634607762946807,0.41634607762946807
AI1_Vibration_peak,cur_fit_resid_rms,-0.2780841698778962,0.13150833228775696,0.4095925021656531,0.4095925021656531
AI0_Vibration_kurt,AI1_Vibration_peak,0.1560022898495412,-0.25120314295781165,-0.4072054328073529,0.4072054328073529
AI1_Vibration_p2p,AI1_Vibration_kurt,-0.39988935280080856,0.007074183977278103,0.40696353677808667,0.40696353677808667
AI0_Vibration_shape_crest,AI1_Vibration_peak,0.13482360748626027,-0.267177204675845,-0.40200081216210526,0.40200081216210526
AI1_Vibration_crest,vib_corr01,-0.3642885677072796,0.037088348458893736,0.4013769161661733,0.4013769161661733
AI0_Vibration_peak,AI1_Vibration_shape_crest,-0.24354666046624737,0.156909428025629,0.40045608849187636,0.40045608849187636
cur_fit_resid_rms,vib_rms_ratio,0.23007090079536593,-0.16957783389275552,-0.39964873468812145,0.39964873468812145
AI0_Vibration_peak,cur_fit_f_dev,-0.02013561095313948,-0.4112220477135319,-0.3910864367603924,0.3910864367603924
AI2_Current_p2p,AI2_Current_shape_crest,-0.3199833545064873,0.0690286676654177,0.389012022171905,0.389012022171905
AI2_Current_rms,cur_ac1_cum,0.06130619332486219,0.44925393380358114,0.38794774047871894,0.38794774047871894
AI1_Vibration_kurt,vib_rms_ratio,0.4395927691533037,0.05417797069994574,-0.38541479845335797,0.38541479845335797
AI0_Vibration_shape_crest,AI1_Vibration_shape_crest,-0.07508182227469658,0.3064432989690722,0.38152512124376875,0.38152512124376875
AI2_Current_p2p,AI2_Current_kurt,-0.29991969305720545,0.081054591589048,0.38097428464625344,0.38097428464625344
AI0_Vibration_shape_crest,AI1_Vibration_kurt,-0.07663088542354113,0.3036082474226804,0.3802391328462215,0.3802391328462215
AI0_Vibration_p2p,cur_fit_r2,0.6444457815604254,0.26434399885199084,-0.3801017827084346,0.3801017827084346
cur_ac1,cur_ac1_win,-0.07144219318709014,0.3067407777622849,0.37818297094937503,0.37818297094937503
cur_fit_resid_rms,cur_fit_f_dev,0.19988529771614869,-0.17405857581409986,-0.37394387353024855,0.37394387353024855
AI1_Vibration_peak,AI2_Current_rms,0.841204709138755,0.46735152966985,-0.373853179468905,0.373853179468905
cur_fit_f_dev,cur_ac1,-0.096971838599131,-0.466222962820066,-0.369251124220935,0.369251124220935
AI1_Vibration_p2p,AI1_Vibration_skew,0.029294357062506042,-0.3379262399807545,-0.36722059704326054,0.36722059704326054
AI0_Vibration_p2p,AI0_Vibration_shape_crest,0.17958783711760032,-0.18613988981056592,-0.36572772692816624,0.36572772692816624
AI0_Vibration_peak,cur_fit_r2,0.6518567763721552,0.2877486856353546,-0.3641080907368006,0.3641080907368006
AI0_Vibration_peak,cur_ac1_win,-0.011235990002237042,0.34922572996703993,0.36046171996927695,0.36046171996927695
AI0_Vibration_p2p,AI0_Vibration_kurt,0.20709961945996383,-0.14900551083108596,-0.3561051302910498,0.3561051302910498
AI0_Vibration_p2p,cur_fit_f_dev,-0.012693416570990369,-0.36834716520890376,-0.3556537486379134,0.3556537486379134
cur_ac1,vib_rms_ratio,-0.13493759951786358,0.21975458705357725,0.35469218657144086,0.35469218657144086
vib_corr01,cur_ac1_cum,0.07923515537228114,-0.27370003886557787,-0.352935194237859,0.352935194237859
AI0_Vibration_peak,AI2_Current_peak,0.6081574289718947,0.2558873110218601,-0.35227011795003466,0.35227011795003466
AI0_Vibration_peak,AI1_Vibration_kurt,-0.28056303760870555,0.07032537715686342,0.350888414765569,0.350888414765569
AI0_Vibration_p2p,AI2_Current_peak,0.6335724132920619,0.28356158902266815,-0.3500108242693938,0.3500108242693938
AI2_Current_rms,cur_fit_r2,0.8552620250206723,0.5062777251203684,-0.3489842999003039,0.3489842999003039
cur_ac1,vib_corr01_cum,0.11580172467385452,-0.23261169978052318,-0.34841342445437773,0.34841342445437773
AI0_Vibration_crest,vib_rms_ratio,-0.19108395746319773,0.1561584373304395,0.3472423947936372,0.3472423947936372
AI2_Current_crest,cur_ac1_cum,0.17138812002342296,-0.17432175800325556,-0.3457098780266785,0.3457098780266785
AI1_Vibration_crest,AI1_Vibration_skew,0.24502487303286627,-0.09919967444384156,-0.34422454747670783,0.34422454747670783
AI1_Vibration_crest,cur_ac1_win,0.0008617743313215891,0.3422951709169832,0.34143339658566163,0.34143339658566163
AI1_Vibration_crest,cur_fit_resid_rms,0.18183382757608912,-0.15723772675694603,-0.33907155433303515,0.33907155433303515
AI2_Current_peak,cur_ac1,0.14501353513645193,0.4806447845711473,0.33563124943469536,0.33563124943469536
AI0_Vibration_skew,AI2_Current_peak,-0.0707899936787906,0.26333300675782273,0.33412300043661336,0.33412300043661336
AI0_Vibration_rms,cur_fit_r2,0.6266994102080006,0.2956795791940235,-0.3310198310139771,0.3310198310139771
AI1_Vibration_skew,vib_corr01,-0.04195578508938609,0.28532586196100146,0.32728164705038754,0.32728164705038754
AI0_Vibration_crest,cur_fit_r2,0.16870724336964305,-0.1578839837458666,-0.32659122711550964,0.32659122711550964
AI2_Current_peak,cur_ac1_win,0.038709495138405055,0.3613553982022949,0.32264590306388985,0.32264590306388985
AI2_Current_crest,cur_fit_f_dev,0.029294136426064415,0.3494279003089212,0.32013376388285675,0.32013376388285675
AI0_Vibration_rms,AI2_Current_peak,0.5976758730736108,0.2800600995058726,-0.31761577356773824,0.31761577356773824
AI1_Vibration_kurt,vib_corr01_win,-0.29343434953788333,0.02249050461204558,0.31592485414992894,0.31592485414992894
AI0_Vibration_p2p,AI1_Vibration_shape_crest,-0.25005705508237003,0.06526833404923028,0.3153253891316003,0.3153253891316003
AI0_Vibration_p2p,cur_ac1_win,-0.017083795028019558,0.29786858842773006,0.3149523834557496,0.3149523834557496
AI1_Vibration_p2p,cur_fit_resid_rms,-0.29371113741798716,0.021095546359566206,0.3148066837775534,0.3148066837775534
AI0_Vibration_peak,AI0_Vibration_shape_crest,0.25120566967939,-0.06251144636165637,-0.31371711604104635,0.31371711604104635
cur_fit_r2,cur_ac1_cum,0.08912228536376941,0.4017133443130214,0.312591058949252,0.312591058949252
AI0_Vibration_rms,AI1_Vibration_shape_crest,-0.225227856598662,0.08731687466087901,0.312544731259541,0.312544731259541
AI1_Vibration_skew,vib_rms_ratio,0.04644093517071114,-0.2601058057514921,-0.30654674092220324,0.30654674092220324
vib_corr01,vib_rms_ratio,-0.4399889241531695,-0.13387723728375434,0.30611168686941514,0.30611168686941514
AI0_Vibration_skew,AI2_Current_p2p,-0.06743427498166044,0.23707281047869502,0.30450708546035543,0.30450708546035543
AI2_Current_shape_crest,vib_corr01_cum,-0.05028745171818584,0.25173629951166576,0.3020237512298516,0.3020237512298516
AI2_Current_kurt,cur_ac1,0.05084114131083691,-0.2509313847401345,-0.3017725260509714,0.3017725260509714
cur_fit_resid_rms,cur_ac1_win,-0.008304327057294588,0.29332584321332333,0.30163017027061795,0.30163017027061795
vib_corr01,vib_corr01_cum,0.914925365754788,0.6157808698640977,-0.29914449589069025,0.29914449589069025
AI0_Vibration_rms,cur_ac1_win,-0.012545942017344776,0.28589256646771566,0.2984385084850604,0.2984385084850604
AI0_Vibration_rms,AI2_Current_p2p,0.546906723450448,0.2491869109454766,-0.29771981250497137,0.29771981250497137
AI0_Vibration_p2p,AI2_Current_p2p,0.5752621113894852,0.278384849886988,-0.29687726150249727,0.29687726150249727
AI1_Vibration_peak,cur_ac1_win,-0.0403206485332891,0.25582917696702556,0.29614982550031466,0.29614982550031466
AI1_Vibration_p2p,cur_ac1_win,-0.03845558801588979,0.2574853751959814,0.2959409632118712,0.2959409632118712
AI1_Vibration_shape_crest,vib_rms_ratio,0.4045203120358987,0.112927292457949,-0.2915930195779497,0.2915930195779497
vib_corr01_win,cur_ac1_cum,0.0647933920357872,-0.225976668475312,-0.2907700605110992,0.2907700605110992
vib_rms_ratio,cur_ac1_win,0.03196512247903808,0.32072707542051004,0.28876195294147194,0.28876195294147194
AI0_Vibration_peak,AI0_Vibration_kurt,0.25606376287636085,-0.03134390121931577,-0.28740766409567664,0.28740766409567664
AI0_Vibration_crest,AI2_Current_p2p,0.13041025132272863,0.41763123960844045,0.28722098828571185,0.28722098828571185
cur_fit_f_dev,cur_ac1_cum,-0.07281881402992565,-0.35772702569570297,-0.2849082116657773,0.2849082116657773
vib_corr01_win,vib_corr01_cum,0.8514984945295009,0.5709848073792729,-0.28051368715022795,0.28051368715022795
AI1_Vibration_kurt,vib_corr01_cum,-0.3378882417845474,-0.060309278350515465,0.27757896343403193,0.27757896343403193
AI1_Vibration_skew,cur_fit_resid_rms,0.2019206781304042,-0.07425152667439933,-0.27617220480480353,0.27617220480480353
AI0_Vibration_crest,AI1_Vibration_peak,0.14155851298140498,-0.13274411372480355,-0.27430262670620853,0.27430262670620853
AI2_Current_peak,cur_ac1_cum,0.09120276702858438,0.36486903731157705,0.2736662702829927,0.2736662702829927
AI0_Vibration_crest,AI1_Vibration_shape_crest,-0.07927350178119644,0.19377373846988605,0.2730472402510825,0.2730472402510825
AI0_Vibration_p2p,AI1_Vibration_kurt,-0.29135354506268873,-0.018760491736482487,0.27259305332620626,0.27259305332620626
AI1_Vibration_shape_crest,vib_corr01_win,-0.2668347429611759,0.0048290830168204015,0.27166382597799626,0.27166382597799626
AI0_Vibration_kurt,vib_rms_ratio,-0.20776549066944822,0.061394465545306566,0.2691599562147548,0.2691599562147548
AI0_Vibration_peak,AI2_Current_p2p,0.5647158070501364,0.2978079711187582,-0.2669078359313782,0.2669078359313782
AI2_Current_shape_crest,cur_ac1,0.04551634049070397,-0.21936003015507838,-0.26487637064578234,0.26487637064578234
AI0_Vibration_crest,AI1_Vibration_kurt,-0.08143917818570708,0.18266413456321215,0.26410331274891924,0.26410331274891924
AI2_Current_kurt,vib_corr01_cum,-0.033751800992558784,0.2296120455778622,0.263363846570421,0.263363846570421
AI2_Current_kurt,cur_fit_r2,-0.03096359734300294,-0.29403332454856274,-0.26306972720555977,0.26306972720555977
AI0_Vibration_rms,AI1_Vibration_kurt,-0.263474105904654,-0.0031334780249593053,0.2603406278796947,0.2603406278796947
AI0_Vibration_skew,AI2_Current_rms,-0.07208733200353602,0.18627238198589258,0.2583597139894286,0.2583597139894286
AI0_Vibration_peak,AI0_Vibration_crest,0.3210575288898709,0.06368489256614493,-0.257372636323726,0.257372636323726
AI0_Vibration_crest,AI1_Vibration_p2p,0.14598209551931854,-0.11022975838803808,-0.2562118539073566,0.2562118539073566
AI2_Current_peak,AI2_Current_p2p,0.8734609594711774,0.6180393039843723,-0.25542165548680507,0.25542165548680507
AI1_Vibration_skew,cur_ac1,-0.03772876391831588,-0.29152992905463887,-0.253801165136323,0.253801165136323
AI1_Vibration_kurt,vib_corr01,-0.336910345478867,-0.08893856708576242,0.24797177839310458,0.24797177839310458
AI2_Current_crest,vib_corr01_win,0.26283957425928145,0.01828540423223006,-0.24455417002705138,0.24455417002705138
AI2_Current_shape_crest,vib_rms_ratio,0.024094083989194305,-0.2169289202387412,-0.2410230042279355,0.2410230042279355
AI1_Vibration_skew,cur_fit_r2,-0.007294214523400111,-0.24772050791097128,-0.24042629338757115,0.24042629338757115
AI1_Vibration_shape_crest,vib_corr01_cum,-0.3180821443391513,-0.08142973412913727,0.23665241021001399,0.23665241021001399
AI1_Vibration_kurt,AI2_Current_shape_crest,0.05554871336053081,-0.1775366250678242,-0.233085338428355,0.233085338428355
AI0_Vibration_rms,AI0_Vibration_shape_crest,0.0023321693166770117,-0.23023602821486708,-0.2325681975315441,0.2325681975315441
AI0_Vibration_skew,AI1_Vibration_peak,-0.05397924241501316,0.17786490291731213,0.23184414533232528,0.23184414533232528
AI1_Vibration_shape_crest,vib_corr01,-0.32149231309798604,-0.09400658241992893,0.2274857306780571,0.2274857306780571
AI2_Current_kurt,cur_ac1_cum,0.13774834714322648,-0.08928377645143787,-0.22703212359466435,0.22703212359466435
AI0_Vibration_crest,cur_ac1_cum,0.014008907583375588,-0.21216766142159524,-0.22617656900497082,0.22617656900497082
AI2_Current_crest,vib_corr01_cum,0.32147202732451596,0.09861638632664134,-0.22285564099787464,0.22285564099787464
AI0_Vibration_p2p,AI1_Vibration_p2p,0.6559114466495185,0.8769152507884831,0.2210038041389646,0.2210038041389646
AI1_Vibration_skew,AI2_Current_skew,0.005517931944793636,-0.21394465545306565,-0.2194625873978593,0.2194625873978593
cur_ac1,vib_corr01_win,0.09884736397267566,-0.11955754295030399,-0.21840490692297965,0.21840490692297965
AI0_Vibration_crest,AI2_Current_skew,0.002989757033482142,-0.21326641345632122,-0.21625617048980336,0.21625617048980336
AI2_Current_kurt,vib_rms_ratio,0.007393641466489144,-0.20835594139989147,-0.2157495828663806,0.2157495828663806
AI1_Vibration_crest,AI2_Current_shape_crest,0.046935844426304774,-0.1687330439500814,-0.21566888837638618,0.21566888837638618
AI0_Vibration_skew,AI1_Vibration_p2p,-0.04581636339256549,0.1686273845091929,0.2144437479017584,0.2144437479017584
AI0_Vibration_peak,AI2_Current_rms,0.5999845931481257,0.38851243757627535,-0.21147215557185034,0.21147215557185034
AI1_Vibration_skew,AI2_Current_rms,0.016589535988935956,-0.19487249050461206,-0.211462026493548,0.211462026493548
vib_rms_ratio,vib_corr01_cum,-0.41869241210236835,-0.20794899620184482,0.21074341590052353,0.21074341590052353
AI0_Vibration_rms,AI1_Vibration_p2p,0.6371214178029548,0.8473285291595387,0.21020711135658388,0.21020711135658388
AI1_Vibration_kurt,AI2_Current_kurt,0.04093872375579278,-0.16923494302767228,-0.21017366678346505,0.21017366678346505
AI0_Vibration_p2p,AI2_Current_rms,0.6164429532197765,0.4112115303685684,-0.2052314228512081,0.2052314228512081
AI0_Vibration_skew,AI1_Vibration_rms,-0.058502697269102684,0.14469614758545848,0.20319884485456116,0.20319884485456116
AI0_Vibration_kurt,AI1_Vibration_crest,-0.08355129750205693,0.11820401519262072,0.20175531269467767,0.20175531269467767
AI0_Vibration_rms,cur_ac1_cum,0.05630979301492277,0.2568638090070537,0.2005540159921309,0.2005540159921309
cur_fit_r2,cur_fit_f_dev,-0.22468757688188798,-0.42231567986656804,-0.19762810298468006,0.19762810298468006
AI1_Vibration_rms,cur_ac1_win,-0.03474769390492218,0.16196418882257188,0.19671188272749407,0.19671188272749407
AI0_Vibration_crest,cur_ac1_win,0.009553059168937325,0.20560227889310906,0.19604921972417172,0.19604921972417172
AI1_Vibration_rms,cur_fit_f_dev,-0.18885618894493814,-0.38393156516553323,-0.1950753762205951,0.1950753762205951
AI2_Current_shape_crest,cur_fit_r2,-0.05492860301456071,-0.2489517975424936,-0.1940231945279329,0.1940231945279329
AI0_Vibration_shape_crest,vib_corr01,0.10467589815577336,-0.08757802605645597,-0.1922539242122293,0.1922539242122293
AI0_Vibration_rms,AI0_Vibration_kurt,0.007505646066513847,-0.1806836679327184,-0.18818931399923225,0.18818931399923225
AI2_Current_shape_crest,vib_corr01,-0.038641760096780706,0.1494418266590201,0.18808358675580078,0.18808358675580078
AI2_Current_skew,AI2_Current_shape_crest,0.009484173064697662,-0.17674986435160064,-0.1862340374162983,0.1862340374162983
AI1_Vibration_crest,vib_corr01_cum,-0.35459986397152515,-0.16885512750949538,0.18574473646202977,0.18574473646202977
AI1_Vibration_rms,cur_ac1_cum,0.09009896469777691,0.27581389039609333,0.18571492569831644,0.18571492569831644
cur_fit_f_dev,cur_ac1_win,-0.010005962318327928,-0.19540729848351984,-0.18540133616519192,0.18540133616519192
AI0_Vibration_rms,AI1_Vibration_rms,0.6517584968380068,0.8368014107433532,0.18504291390534644,0.18504291390534644
AI0_Vibration_crest,cur_fit_f_dev,-0.03873026991193037,0.14523809833979962,0.18396836825173,0.18396836825173
AI0_Vibration_skew,AI1_Vibration_crest,0.04568219744693384,0.22822843190450354,0.1825462344575697,0.1825462344575697
AI2_Current_shape_crest,cur_ac1_cum,0.13941728498911127,-0.042105263157894736,-0.181522548147006,0.181522548147006
AI0_Vibration_rms,AI1_Vibration_peak,0.6550327193246823,0.8365253229036853,0.181492603579003,0.181492603579003
AI1_Vibration_shape_crest,AI2_Current_shape_crest,0.04956657351150681,-0.13160607704829083,-0.18117265055979764,0.18117265055979764
AI0_Vibration_kurt,AI0_Vibration_crest,0.7600163681128803,0.5793814432989691,-0.1806349248139112,0.1806349248139112
AI0_Vibration_peak,cur_fit_resid_rms,-0.18510385130158208,-0.005007164569406587,0.1800966867321755,0.1800966867321755
AI2_Current_kurt,AI2_Current_skew,0.009198391589138375,-0.1708898534997287,-0.1800882450888671,0.1800882450888671
AI2_Current_peak,AI2_Current_shape_crest,-0.10775241085743975,0.07201603556611726,0.179768446423557,0.179768446423557
AI0_Vibration_skew,cur_fit_f_dev,-0.024177240735845207,0.15498735802304123,0.17916459875888643,0.17916459875888643
cur_ac1,cur_ac1_cum,0.4188001885910425,0.5972503010449439,0.1784501124539014,0.1784501124539014
AI1_Vibration_crest,cur_ac1,-0.08435795118073686,0.09372767150892111,0.17808562268965797,0.17808562268965797
AI1_Vibration_peak,cur_ac1_cum,0.09129688242354665,0.2682421421237139,0.17694525970016722,0.17694525970016722
AI1_Vibration_kurt,AI2_Current_crest,-0.2629695001841808,-0.08677428106348345,0.17619521912069736,0.17619521912069736
cur_fit_resid_rms,vib_corr01_win,-0.18894912221263607,-0.013217656099712129,0.17573146611292395,0.17573146611292395
AI0_Vibration_rms,AI2_Current_rms,0.5862697233075418,0.4121812262615301,-0.1740884970460117,0.1740884970460117
AI1_Vibration_skew,vib_corr01_cum,0.0004596889651347973,0.17424036896364622,0.17378067999851143,0.17378067999851143
vib_corr01_win,cur_ac1_win,-0.01189640694700507,-0.18376288659793816,-0.1718664796509331,0.1718664796509331
AI2_Current_p2p,cur_fit_f_dev,-0.2178535819773895,-0.047952510343723394,0.1699010716336661,0.1699010716336661
AI0_Vibration_shape_crest,vib_rms_ratio,-0.1876381631940291,-0.019194248507867606,0.1684439146861615,0.1684439146861615
AI0_Vibration_peak,cur_ac1_cum,0.05932303838234927,0.22672608572967945,0.1674030473473302,0.1674030473473302
cur_fit_r2,cur_ac1_win,-0.019699412093362782,0.14567993071298777,0.16537934280635055,0.16537934280635055
AI1_Vibration_shape_crest,cur_fit_resid_rms,0.13766640028386262,-0.027122385419224012,-0.16478878570308664,0.16478878570308664
AI1_Vibration_shape_crest,AI2_Current_kurt,0.040038007018591046,-0.124511665762344,-0.16454967278093505,0.16454967278093505
AI0_Vibration_rms,AI2_Current_kurt,-0.024930064314712334,-0.18933803581117742,-0.16440797149646508,0.16440797149646508
AI0_Vibration_peak,AI2_Current_kurt,-0.02473296456135217,-0.18581825879748007,-0.16108529423612789,0.16108529423612789
vib_rms_ratio,vib_corr01_win,-0.3239430324132503,-0.16547748236570808,0.1584655500475422,0.1584655500475422
AI1_Vibration_crest,AI2_Current_skew,0.009135207384413964,-0.14929462832338578,-0.15842983570779973,0.15842983570779973
AI0_Vibration_crest,AI0_Vibration_shape_crest,0.7602859252394703,0.6019940314704286,-0.15829189376904163,0.15829189376904163
AI1_Vibration_peak,cur_fit_f_dev,-0.1855648752132207,-0.34365202211806345,-0.15808714690484274,0.15808714690484274
AI0_Vibration_p2p,AI0_Vibration_crest,0.16079902869984342,0.00359474353591313,-0.15720428516393029,0.15720428516393029
AI0_Vibration_shape_crest,AI2_Current_skew,-0.0023996831753733162,-0.1590748779164406,-0.15667519474106728,0.15667519474106728
AI2_Current_kurt,cur_fit_f_dev,0.0061768561038031185,0.16269417503521266,0.15651731893140955,0.15651731893140955
cur_fit_f_dev,vib_corr01,-0.09725297256884748,0.059066562604627844,0.15631953517347533,0.15631953517347533
AI0_Vibration_rms,cur_fit_resid_rms,-0.14813898503190667,0.0068911403134371526,0.15503012534534383,0.15503012534534383
AI0_Vibration_skew,vib_rms_ratio,0.07138065575315584,-0.08208084644601193,-0.15346150219916777,0.15346150219916777
AI0_Vibration_skew,AI0_Vibration_shape_crest,-0.003132301819724905,0.15002712967986978,0.15315943149959468,0.15315943149959468
AI0_Vibration_skew,cur_fit_resid_rms,-0.09007279209711476,0.06256447923265694,0.1526372713297717,0.1526372713297717
AI1_Vibration_skew,AI2_Current_peak,0.030453517280214962,-0.12167501610483294,-0.1521285333850479,0.1521285333850479
AI2_Current_skew,cur_ac1_cum,0.01017645410679526,-0.14115572436245252,-0.1513321784692478,0.1513321784692478
AI0_Vibration_p2p,AI1_Vibration_peak,0.6679422747391188,0.8191441036477177,0.1512018289085989,0.1512018289085989
AI0_Vibration_kurt,AI2_Current_rms,0.13832050826994213,-0.010811177428106349,-0.1491316856980485,0.1491316856980485
AI0_Vibration_p2p,AI1_Vibration_rms,0.6661231156473272,0.8134565495022742,0.14733343385494702,0.14733343385494702
AI1_Vibration_kurt,cur_ac1,-0.08860348693415217,0.05858489672193559,0.14718838365608777,0.14718838365608777
vib_rms_ratio,cur_ac1_cum,-0.08327697884050889,0.06211340206185567,0.14539038090236456,0.14539038090236456
AI1_Vibration_crest,AI2_Current_kurt,0.033530558020269,-0.11134020618556702,-0.144870764205836,0.144870764205836
AI1_Vibration_shape_crest,AI2_Current_crest,-0.21194247560560528,-0.06794628323385785,0.14399619237174743,0.14399619237174743
AI2_Current_rms,cur_fit_f_dev,-0.24059230405419432,-0.3843400536997472,-0.1437477496455529,0.1437477496455529
cur_fit_f_dev,vib_corr01_win,-0.047973215082799434,0.09461275266620707,0.1425859677490065,0.1425859677490065
AI0_Vibration_rms,AI0_Vibration_crest,-0.0013235735141105282,-0.14005697232772654,-0.13873339881361602,0.13873339881361602
AI2_Current_p2p,cur_ac1_cum,-0.023059612705565596,0.11477194512788963,0.13783155783345521,0.13783155783345521
AI0_Vibration_crest,AI1_Vibration_skew,-0.05106851598270393,0.08643516006511123,0.13750367604781516,0.13750367604781516
AI0_Vibration_peak,AI2_Current_shape_crest,-0.04571206521968818,-0.18205373484666418,-0.136341669626976,0.136341669626976
AI1_Vibration_shape_crest,cur_ac1,-0.07644257822579355,0.05931278617261454,0.13575536439840807,0.13575536439840807
AI0_Vibration_rms,cur_ac1,0.11345820711591657,0.2491626814020361,0.13570447428611954,0.13570447428611954
AI0_Vibration_crest,cur_ac1,0.0350746388472474,-0.10046915230913456,-0.13554379115638196,0.13554379115638196
AI2_Current_peak,AI2_Current_skew,0.0027338097396435684,-0.13195139303642076,-0.13468520277606433,0.13468520277606433
AI2_Current_rms,cur_ac1_win,0.22409299131734195,0.35769126424308195,0.13359827292574,0.13359827292574
AI0_Vibration_crest,cur_fit_resid_rms,-0.13502701244281268,-0.0014761870167974945,0.13355082542601518,0.13355082542601518
AI0_Vibration_shape_crest,cur_fit_r2,0.14783262816168521,0.01635370317226349,-0.13147892498942174,0.13147892498942174
cur_fit_resid_rms,vib_corr01_cum,-0.22072047594025776,-0.3521352292050945,-0.13141475326483673,0.13141475326483673
cur_fit_resid_rms,vib_corr01,-0.2556319372081727,-0.38692157585185794,-0.13128963864368526,0.13128963864368526
AI0_Vibration_rms,AI2_Current_shape_crest,-0.04724123971274166,-0.1784861638632664,-0.13124492415052474,0.13124492415052474
AI0_Vibration_peak,AI1_Vibration_p2p,0.6554062442358687,0.785415106459531,0.13000886222366237,0.13000886222366237
AI2_Current_rms,AI2_Current_skew,0.0062962334415706585,-0.12348073792729246,-0.12977697136886313,0.12977697136886313
AI0_Vibration_kurt,vib_corr01_win,0.05495670957905436,0.18172816060770483,0.12677145102865048,0.12677145102865048
AI2_Current_crest,cur_fit_resid_rms,-0.009931156368351873,-0.13640784359826433,-0.12647668722991245,0.12647668722991245
AI2_Current_skew,vib_corr01_cum,-0.0016462891513226163,0.12476939772110689,0.1264156868724295,0.1264156868724295
AI0_Vibration_kurt,cur_fit_f_dev,-0.054550030466034495,0.07136975506942855,0.12591978553546304,0.12591978553546304
AI0_Vibration_peak,cur_ac1,0.12160818495161463,0.24714711206168816,0.12553892711007353,0.12553892711007353
AI0_Vibration_shape_crest,AI1_Vibration_crest,-0.0740097397994725,0.05043407487791644,0.12444381467738894,0.12444381467738894
AI1_Vibration_crest,cur_fit_f_dev,0.15504412442628934,0.030677488919473916,-0.12436663550681543,0.12436663550681543
AI0_Vibration_kurt,AI2_Current_peak,0.13824828129829708,0.01440049387839003,-0.12384778741990705,0.12384778741990705
AI0_Vibration_p2p,cur_ac1_cum,0.054704073719457284,0.17804832558727465,0.12334425186781736,0.12334425186781736
AI0_Vibration_crest,AI2_Current_rms,0.12428355463140474,0.001234400434074878,-0.12304915419732985,0.12304915419732985
AI0_Vibration_kurt,cur_fit_r2,0.16952737985680483,0.04669376812579725,-0.12283361173100757,0.12283361173100757
AI2_Current_peak,AI2_Current_kurt,-0.07982856314086578,0.042306114140140655,0.12213467728100644,0.12213467728100644
AI0_Vibration_kurt,vib_corr01,0.13067308072277709,0.00882991128019884,-0.12184316944257825,0.12184316944257825
AI0_Vibration_shape_crest,cur_fit_resid_rms,-0.10167231088214383,0.02016321805432154,0.12183552893646538,0.12183552893646538
AI2_Current_kurt,vib_corr01,-0.023046507391994393,0.09757119991671181,0.1206177073087062,0.1206177073087062
cur_ac1_win,vib_corr01_cum,-0.018553198980534213,-0.1385105805751492,-0.11995738159461498,0.11995738159461498
AI1_Vibration_kurt,cur_fit_resid_rms,0.11056407713241184,-0.007836716328805133,-0.11840079346121697,0.11840079346121697
AI1_Vibration_crest,vib_rms_ratio,0.4355996861679832,0.55366250678242,0.11806282061443679,0.11806282061443679
AI1_Vibration_shape_crest,cur_fit_f_dev,0.1287559504613616,0.010954300859172999,-0.1178016496021886,0.1178016496021886
AI0_Vibration_p2p,AI0_Vibration_skew,-0.04596928102146372,0.06991437050602367,0.11588365152748739,0.11588365152748739
AI1_Vibration_peak,AI2_Current_kurt,-0.013694134764381182,-0.12708027443199768,-0.1133861396676165,0.1133861396676165
AI0_Vibration_skew,AI2_Current_shape_crest,0.042833725291652226,-0.06991318502441671,-0.11274691031606893,0.11274691031606893
AI1_Vibration_skew,cur_ac1_cum,-0.025676604524091793,-0.13760173629951167,-0.11192513177541988,0.11192513177541988
AI1_Vibration_p2p,cur_ac1_cum,0.09186224309648792,0.20218058502270658,0.11031834192621866,0.11031834192621866
AI1_Vibration_p2p,AI2_Current_shape_crest,-0.03712544689673439,-0.14629249684171755,-0.10916704994498316,0.10916704994498316
AI1_Vibration_skew,cur_fit_f_dev,0.09191832780722337,0.20020023061829784,0.10828190281107447,0.10828190281107447
AI2_Current_rms,AI2_Current_peak,0.9607267644994922,0.852667961838445,-0.10805880266104728,0.10805880266104728
AI0_Vibration_skew,cur_ac1_win,-0.0010507718631023151,0.10564297341291373,0.10669374527601605,0.10669374527601605
AI0_Vibration_crest,AI0_Vibration_skew,-0.03080918549303096,0.07567824199674444,0.10648742748977541,0.10648742748977541
AI0_Vibration_kurt,AI0_Vibration_skew,0.0005129813702028761,0.1068909386869235,0.10637795731672062,0.10637795731672062
cur_fit_f_dev,vib_corr01_cum,-0.07911209847873125,0.02704874910720592,0.10616084758593718,0.10616084758593718
AI0_Vibration_peak,AI1_Vibration_peak,0.6712108650440777,0.7768009470948922,0.10559008205081455,0.10559008205081455
AI2_Current_skew,cur_ac1,-0.006381764804544409,-0.1117276293266454,-0.10534586452210098,0.10534586452210098
AI1_Vibration_peak,AI2_Current_shape_crest,-0.037749486393244006,-0.14290510924650798,-0.10515562285326398,0.10515562285326398
AI2_Current_p2p,AI2_Current_skew,-0.007640196883397344,-0.11107531312654811,-0.10343511624315077,0.10343511624315077
AI1_Vibration_crest,vib_corr01_win,-0.2823507947242717,-0.17892023874118285,0.10343055598308887,0.10343055598308887
AI0_Vibration_skew,AI2_Current_kurt,0.03582345174845427,-0.06663049376017363,-0.10245394550862791,0.10245394550862791
AI1_Vibration_p2p,cur_fit_f_dev,-0.1902688764946468,-0.2924350920876484,-0.1021662155930016,0.1021662155930016
AI0_Vibration_p2p,AI2_Current_kurt,-0.018075940221480007,-0.1198270453754288,-0.1017511051539488,0.1017511051539488
AI0_Vibration_skew,AI1_Vibration_skew,-0.04211376828856644,-0.1433667932718394,-0.10125302498327296,0.10125302498327296
AI0_Vibration_shape_crest,vib_corr01_win,0.04104603945336502,0.14176614215952252,0.1007201027061575,0.1007201027061575
AI0_Vibration_p2p,cur_ac1,0.11158313784658265,0.2116493512863024,0.10006621343971976,0.10006621343971976
AI2_Current_skew,vib_corr01,0.002987407913575123,0.09929228431878448,0.09630487640520935,0.09630487640520935
AI0_Vibration_kurt,cur_ac1_cum,0.02535781323646259,-0.07084915897992404,-0.09620697221638663,0.09620697221638663
AI0_Vibration_kurt,AI2_Current_skew,0.00839605310369672,-0.08777807921866522,-0.09617413232236194,0.09617413232236194
AI2_Current_shape_crest,cur_fit_f_dev,0.006920579019863707,0.10227872082495709,0.09535814180509339,0.09535814180509339
AI0_Vibration_shape_crest,cur_fit_f_dev,-0.04874729307943288,0.04649961147803082,0.09524690455746371,0.09524690455746371
AI2_Current_peak,cur_fit_f_dev,-0.2235183883221651,-0.12939466102537958,0.09412372729678553,0.09412372729678553
AI2_Current_shape_crest,cur_fit_resid_rms,0.013551232840264594,-0.0801766828570289,-0.0937279156972935,0.0937279156972935
AI0_Vibration_p2p,AI2_Current_shape_crest,-0.04096916939239312,-0.13443662570817763,-0.09346745631578451,0.09346745631578451
AI2_Current_kurt,cur_fit_resid_rms,0.025226886535224254,-0.06785698383665903,-0.09308387037188329,0.09308387037188329
AI0_Vibration_shape_crest,vib_corr01_cum,0.07729092292558094,-0.015762344004340748,-0.09305326692992169,0.09305326692992169
AI0_Vibration_skew,vib_corr01_cum,-0.0322993468187218,-0.12521703743895823,-0.09291769062023644,0.09291769062023644
AI2_Current_rms,AI2_Current_shape_crest,-0.24496858135208655,-0.15297069994574064,0.0919978814063459,0.0919978814063459
AI0_Vibration_p2p,cur_fit_resid_rms,-0.13502881732173663,-0.04400064297119453,0.09102817435054211,0.09102817435054211
AI2_Current_skew,cur_fit_r2,0.0009800719519847919,-0.08855761559755661,-0.0895376875495414,0.0895376875495414
AI1_Vibration_skew,AI2_Current_shape_crest,0.011162961469751678,0.09917254476397179,0.08800958329422011,0.08800958329422011
AI0_Vibration_shape_crest,AI2_Current_rms,0.11947118326497216,0.03183667932718394,-0.08763450393778822,0.08763450393778822
AI1_Vibration_p2p,AI2_Current_kurt,-0.012951439049683414,-0.0996083086196608,-0.08665686956997738,0.08665686956997738
AI2_Current_skew,cur_ac1_win,-0.008129151609901563,-0.09378730330982095,-0.08565815169991939,0.08565815169991939
AI2_Current_shape_crest,vib_corr01_win,-0.049340352806138146,0.03362723819858926,0.0829675910047274,0.0829675910047274
AI0_Vibration_skew,AI2_Current_crest,-0.059050040164192685,0.023819858925664676,0.08286989908985737,0.08286989908985737
AI1_Vibration_rms,AI1_Vibration_p2p,0.9866485872578898,0.904701992499707,-0.08194659475818289,0.08194659475818289
AI2_Current_crest,vib_corr01,0.3189813633456487,0.2375368583066125,-0.08144450503903619,0.08144450503903619
AI1_Vibration_rms,AI2_Current_kurt,-0.023323579255522548,-0.1044763971785133,-0.08115281792299076,0.08115281792299076
AI0_Vibration_skew,AI2_Current_skew,0.0017913113299023043,-0.07882528486163863,-0.08061659619154093,0.08061659619154093
AI1_Vibration_skew,AI2_Current_p2p,0.011736919468355214,-0.0648640217042733,-0.07660094117262851,0.07660094117262851
AI0_Vibration_crest,vib_corr01_win,0.04599528372688592,0.12188008681497559,0.07588480308808968,0.07588480308808968
AI1_Vibration_kurt,cur_fit_f_dev,0.1268222101248816,0.05155806116004793,-0.07526414896483366,0.07526414896483366
AI1_Vibration_crest,AI2_Current_crest,-0.2304197503914894,-0.15622626153011396,0.07419348886137545,0.07419348886137545
AI0_Vibration_shape_crest,cur_ac1_cum,0.021656158069212277,-0.052387411828540426,-0.07404356989775271,0.07404356989775271
AI0_Vibration_peak,AI0_Vibration_skew,-0.052673901868469604,0.017879793034866122,0.07055369490333573,0.07055369490333573
AI0_Vibration_rms,AI0_Vibration_skew,-0.04114217048915064,0.02916440586001085,0.07030657634916149,0.07030657634916149
AI0_Vibration_peak,AI1_Vibration_rms,0.667969216195089,0.7378263455818028,0.06985712938671385,0.06985712938671385
AI1_Vibration_peak,cur_ac1,0.16514908960932356,0.23460596640512213,0.06945687679579857,0.06945687679579857
AI0_Vibration_crest,AI2_Current_peak,0.1150863015512353,0.04565695915941747,-0.06942934239181783,0.06942934239181783
AI0_Vibration_skew,AI1_Vibration_kurt,0.0978024467098035,0.029110146500271297,-0.0686923002095322,0.0686923002095322
AI1_Vibration_rms,AI2_Current_shape_crest,-0.047688050654976444,-0.1157080846446012,-0.06802003398962475,0.06802003398962475
AI0_Vibration_kurt,vib_corr01_cum,0.10218247946728673,0.0350244167118828,-0.06715806275540392,0.06715806275540392
AI1_Vibration_kurt,AI2_Current_skew,-0.003013875633262064,0.06367335865436788,0.06668723428762995,0.06668723428762995
AI1_Vibration_skew,vib_corr01_win,0.001448810027606274,0.0671595225176343,0.06571071249002802,0.06571071249002802
AI1_Vibration_kurt,cur_ac1_win,0.003358171743161379,0.06905860010851872,0.06570042836535735,0.06570042836535735
AI1_Vibration_shape_crest,cur_ac1_win,-0.007368268468994795,0.05823385784047748,0.06560212630947228,0.06560212630947228
AI0_Vibration_kurt,cur_fit_resid_rms,-0.11563022438902014,-0.05019035857111481,0.06543986581790533,0.06543986581790533
AI0_Vibration_kurt,AI2_Current_kurt,0.007537195292355795,-0.05537167661421595,-0.06290887190657174,0.06290887190657174
AI2_Current_kurt,vib_corr01_win,-0.03588075960655744,0.026180141074335323,0.06206090068089276,0.06206090068089276
AI1_Vibration_skew,cur_ac1_win,-0.029297742549986492,-0.08956863809007054,-0.06027089554008405,0.06027089554008405
AI1_Vibration_skew,AI2_Current_kurt,0.02123849471113104,0.08037167661421596,0.05913318190308492,0.05913318190308492
AI0_Vibration_crest,AI2_Current_kurt,-0.007732883922998375,0.051003798155181766,0.05873668207818014,0.05873668207818014
AI1_Vibration_peak,AI1_Vibration_p2p,0.9857264896965415,0.9294755289602714,-0.05625096073627012,0.05625096073627012
AI0_Vibration_shape_crest,AI2_Current_peak,0.11759816151681896,0.06367962154042656,-0.0539185399763924,0.0539185399763924
AI2_Current_skew,vib_rms_ratio,0.0028156828659529143,-0.05050189907759088,-0.053317581943543794,0.053317581943543794
AI1_Vibration_skew,AI2_Current_crest,0.124599825045511,0.1775230602278893,0.052923235182378306,0.052923235182378306
AI1_Vibration_shape_crest,AI2_Current_skew,-0.00032868394762678723,0.050868149755832884,0.05119683370345967,0.05119683370345967
AI0_Vibration_p2p,AI2_Current_skew,0.0028829769946269014,-0.047776176352777526,-0.05065915334740443,0.05065915334740443
AI0_Vibration_kurt,AI2_Current_p2p,0.13796408426337986,0.18774820880207937,0.049784124538699515,0.049784124538699515
AI0_Vibration_skew,cur_ac1_cum,0.01971015793388226,0.0677428106348345,0.04803265270095225,0.04803265270095225
AI0_Vibration_shape_crest,AI1_Vibration_skew,-0.04966803805407144,-0.002156809549647314,0.04751122850442412,0.04751122850442412
AI2_Current_p2p,cur_ac1,0.11239060542698291,0.06598664284600614,-0.046403962580976774,0.046403962580976774
AI0_Vibration_kurt,AI1_Vibration_skew,-0.05182853605638011,-0.006782419967444384,0.045046116088935724,0.045046116088935724
AI0_Vibration_kurt,AI2_Current_shape_crest,0.009821195910186525,-0.032745523602821486,-0.042566719513008014,0.042566719513008014
AI1_Vibration_rms,cur_ac1,0.1661225641584504,0.20789747198317157,0.04177490782472118,0.04177490782472118
AI2_Current_kurt,AI2_Current_shape_crest,0.990088640499132,0.9498236570808465,-0.04026498341828555,0.04026498341828555
vib_corr01,cur_ac1_win,-0.023323221743545598,-0.061856997897417595,-0.038533776153872,0.038533776153872
AI0_Vibration_shape_crest,AI2_Current_p2p,0.12284316736522699,0.15711703427353202,0.03427386690830503,0.03427386690830503
AI0_Vibration_skew,vib_corr01,-0.032085737212719824,0.0014353707859183012,0.033521107998638125,0.033521107998638125
AI2_Current_kurt,AI2_Current_crest,0.4665721532977695,0.49970157352143246,0.03312942022366294,0.03312942022366294
AI2_Current_crest,AI2_Current_skew,-0.002100211682977817,0.030765056972327728,0.03286526865530554,0.03286526865530554
AI0_Vibration_kurt,cur_ac1,0.04567606699190723,0.013278880446030919,-0.03239718654587631,0.03239718654587631
AI2_Current_crest,AI2_Current_shape_crest,0.4446384615417326,0.4768448182311449,0.0322063566894123,0.0322063566894123
AI1_Vibration_p2p,AI2_Current_skew,0.0030994149701542065,-0.029002119546348196,-0.032101534516502404,0.032101534516502404
AI0_Vibration_skew,vib_corr01_win,-0.014813062096130526,-0.04652740097666848,-0.03171433888053796,0.03171433888053796
AI2_Current_rms,AI2_Current_kurt,-0.21743096204397286,-0.18785946825827454,0.029571493785698316,0.029571493785698316
AI0_Vibration_skew,AI1_Vibration_shape_crest,0.05847005911757266,0.02908301682040152,-0.029387042297171137,0.029387042297171137
AI1_Vibration_kurt,AI1_Vibration_shape_crest,0.9275412627483042,0.9552631578947368,0.02772189514643264,0.02772189514643264
AI1_Vibration_rms,AI2_Current_skew,0.0018232893266001084,0.029028757460661966,0.02720546813406186,0.02720546813406186
AI0_Vibration_shape_crest,AI2_Current_kurt,-0.005451223524715941,-0.032067281606077046,-0.026616058081361103,0.026616058081361103
AI1_Vibration_p2p,cur_ac1,0.16473695114049539,0.1913429321043272,0.02660598096383182,0.02660598096383182
AI1_Vibration_rms,AI1_Vibration_peak,0.9756406861337025,0.9505889415238333,-0.025051744609869142,0.025051744609869142
AI0_Vibration_shape_crest,cur_ac1,0.048321639876420484,0.023306067832019432,-0.025015572044401052,0.025015572044401052
AI2_Current_skew,cur_fit_f_dev,0.00422788569684906,-0.02037676971504337,-0.024604655411892433,0.024604655411892433
AI0_Vibration_skew,cur_ac1,-0.01721474730401457,-0.03987065486382542,-0.02265590755981085,0.02265590755981085
AI0_Vibration_rms,AI0_Vibration_peak,0.9384263876140445,0.9596619416384404,0.02123555402439592,0.02123555402439592
AI2_Current_skew,vib_corr01_win,-0.006116567800572257,0.014962018448182311,0.02107858624875457,0.02107858624875457
AI1_Vibration_shape_crest,cur_ac1_cum,-0.0353623989831973,-0.054869777536625065,-0.019507378553427768,0.019507378553427768
AI0_Vibration_peak,AI0_Vibration_p2p,0.9484069765625466,0.9306874966715836,-0.017719479890963008,0.017719479890963008
AI0_Vibration_kurt,AI2_Current_crest,0.04542131688748806,0.027943570265870864,-0.017477746621617194,0.017477746621617194
AI2_Current_skew,cur_fit_resid_rms,0.004121642324072731,-0.011986366468189794,-0.016108008792262526,0.016108008792262526
AI1_Vibration_kurt,cur_ac1_cum,-0.04784882733173795,-0.062805208898535,-0.014956381566797045,0.014956381566797045
AI2_Current_crest,vib_rms_ratio,-0.3222164828590401,-0.33634020618556704,-0.014123723326526949,0.014123723326526949
AI0_Vibration_kurt,AI0_Vibration_shape_crest,0.9267619038995115,0.9368963646228975,0.010134460723385974,0.010134460723385974
AI0_Vibration_shape_crest,AI2_Current_crest,0.03719397665206628,0.027143244709712425,-0.010050731942353855,0.010050731942353855
AI0_Vibration_peak,AI2_Current_skew,0.0006162266253171973,-0.009095903816295702,-0.009712130441612898,0.009712130441612898
AI2_Current_p2p,cur_ac1_win,0.4099464128351154,0.41877075185839524,0.008824339023279837,0.008824339023279837
AI0_Vibration_crest,vib_corr01,0.12129755697302787,0.11249633500820354,-0.00880122196482433,0.00880122196482433
AI0_Vibration_rms,AI2_Current_skew,0.002516713477729337,0.011150298426478567,0.00863358494874923,0.00863358494874923
AI0_Vibration_crest,AI2_Current_shape_crest,-0.006508315861332492,0.0013293543136190993,0.007837670174951591,0.007837670174951591
AI0_Vibration_shape_crest,AI2_Current_shape_crest,-0.0014613193236408994,-0.007230059685295714,-0.005768740361654814,0.005768740361654814
AI0_Vibration_shape_crest,cur_ac1_win,-0.004893165622926059,0.0008545849158979924,0.005747750538824052,0.005747750538824052
AI0_Vibration_crest,AI2_Current_crest,0.02346395981145785,0.0177563754747694,-0.00570758433668845,0.00570758433668845
AI2_Current_p2p,AI2_Current_crest,0.11206130048132026,0.1173019336352298,0.0052406331539095324,0.0052406331539095324
AI1_Vibration_crest,cur_ac1_cum,-0.053116839771939935,-0.05721649484536082,-0.004099655073420888,0.004099655073420888
AI0_Vibration_kurt,cur_ac1_win,-0.015909149813588517,-0.012642430819316331,0.0032667189942721855,0.0032667189942721855
AI0_Vibration_skew,cur_fit_r2,-0.05551663989090184,-0.058101904656531804,-0.002585264765629966,0.002585264765629966
AI1_Vibration_peak,AI2_Current_skew,0.0025509292375934275,0.0007868327640305167,-0.0017640964735629108,0.0017640964735629108
AI0_Vibration_rms,AI0_Vibration_p2p,0.9479136840786433,0.9485307334979534,0.0006170494193100673,0.0006170494193100673
AI0_Vibration_crest,vib_corr01_cum,0.10004634369743522,0.1,-4.634369743521105e-05,4.634369743521105e-05
