notebook,model,split,win_s,metrics_miss_seedmean,error_cases_miss_seed0,diff,ec_covered
21_model_rule_baseline_CHS,rule1_rms_ai0,group_kfold_seg,1.0,3.0,3.0,0.0,True
21_model_rule_baseline_CHS,rule1_rms_ai0,group_kfold_seg,2.0,1.0,0.0,1.0,False
21_model_rule_baseline_CHS,rule1_rms_ai0,group_kfold_seg,3.0,1.0,0.0,1.0,False
21_model_rule_baseline_CHS,rule1_rms_ai0,time_block,1.0,12.0,0.0,12.0,False
21_model_rule_baseline_CHS,rule1_rms_ai0,time_block,2.0,4.0,0.0,4.0,False
21_model_rule_baseline_CHS,rule1_rms_ai0,time_block,3.0,4.0,0.0,4.0,False
21_model_rule_baseline_CHS,rule2_rms_state,group_kfold_seg,1.0,3.0,3.0,0.0,True
21_model_rule_baseline_CHS,rule2_rms_state,group_kfold_seg,2.0,1.0,0.0,1.0,False
21_model_rule_baseline_CHS,rule2_rms_state,group_kfold_seg,3.0,1.0,0.0,1.0,False
21_model_rule_baseline_CHS,rule2_rms_state,time_block,1.0,12.0,0.0,12.0,False
21_model_rule_baseline_CHS,rule2_rms_state,time_block,2.0,4.0,0.0,4.0,False
21_model_rule_baseline_CHS,rule2_rms_state,time_block,3.0,4.0,0.0,4.0,False
21_model_rule_baseline_CHS,rule3_rms_state_dir,group_kfold_seg,1.0,3.0,3.0,0.0,True
21_model_rule_baseline_CHS,rule3_rms_state_dir,group_kfold_seg,2.0,1.0,0.0,1.0,False
21_model_rule_baseline_CHS,rule3_rms_state_dir,group_kfold_seg,3.0,1.0,0.0,1.0,False
21_model_rule_baseline_CHS,rule3_rms_state_dir,time_block,1.0,12.0,0.0,12.0,False
21_model_rule_baseline_CHS,rule3_rms_state_dir,time_block,2.0,4.0,0.0,4.0,False
21_model_rule_baseline_CHS,rule3_rms_state_dir,time_block,3.0,4.0,0.0,4.0,False
21_model_rule_baseline_CHS,rule3b_rms_state_ratio,group_kfold_seg,1.0,3.0,3.0,0.0,True
21_model_rule_baseline_CHS,rule3b_rms_state_ratio,group_kfold_seg,2.0,1.0,0.0,1.0,False
21_model_rule_baseline_CHS,rule3b_rms_state_ratio,group_kfold_seg,3.0,1.0,0.0,1.0,False
21_model_rule_baseline_CHS,rule3b_rms_state_ratio,time_block,1.0,12.0,0.0,12.0,False
21_model_rule_baseline_CHS,rule3b_rms_state_ratio,time_block,2.0,4.0,0.0,4.0,False
21_model_rule_baseline_CHS,rule3b_rms_state_ratio,time_block,3.0,4.0,0.0,4.0,False
25_model_graph_JIW,gdn_w1s,time_block,1.0,1.0,0.0,1.0,True
26_model_distribution_JIW,copod_amp_rel_w1s,group_kfold_seg,1.0,1.0,1.0,0.0,True
26_model_distribution_JIW,copod_amp_rel_w1s,time_block,1.0,4.0,4.0,0.0,True
26_model_distribution_JIW,copod_amp_shape_w1s,group_kfold_seg,1.0,1.0,1.0,0.0,True
26_model_distribution_JIW,copod_amp_shape_w1s,time_block,1.0,6.0,6.0,0.0,True
26_model_distribution_JIW,copod_amp_sine_w1s,time_block,1.0,4.0,4.0,0.0,True
26_model_distribution_JIW,copod_amp_w1s,group_kfold_seg,1.0,1.0,1.0,0.0,True
26_model_distribution_JIW,copod_amp_w1s,time_block,1.0,5.0,5.0,0.0,True
26_model_distribution_JIW,deep_svdd_w1s,group_kfold_seg,1.0,0.666666666666667,1.0,-0.33333333333333304,True
26_model_distribution_JIW,deep_svdd_w1s,time_block,1.0,1.3333333333333321,0.0,1.3333333333333321,True
26_model_distribution_JIW,deep_svdd_w2s,time_block,2.0,0.3333333333333339,0.0,0.3333333333333339,True
26_model_distribution_JIW,hbos_amp_shape_w1s,group_kfold_seg,1.0,1.0,1.0,0.0,True
26_model_distribution_JIW,hbos_amp_shape_w1s,time_block,1.0,4.0,4.0,0.0,True
26_model_distribution_JIW,hbos_amp_w1s,group_kfold_seg,1.0,1.0,1.0,0.0,True
26_model_distribution_JIW,hbos_amp_w1s,time_block,1.0,2.0,2.0,0.0,True
