model_id,fpr_seg_block0,fpr_seg_block1,fpr_seg_block2,fpr_seg_block3,fpr_seg_block4
cnn_deepant_w1s,0.0354,0.049,0.0404,0.037,0.0093
cnn_lstm_ae_all3_res_w1s,0.1062,0.1078,0.1111,0.1389,0.0278
cnn_lstm_ae_all3_w1s,0.1062,0.0588,0.101,0.1111,0.0185
cnn_lstm_ae_all3_zwin_w1s,0.1416,0.1078,0.1313,0.0833,0.2685
cnn_lstm_ae_cur1_w1s,0.0973,0.0686,0.0404,0.0926,0.0278
cnn_lstm_ae_vib2_w1s,0.1062,0.0588,0.0505,0.0926,0.0648
copod_amp_rel_w1s,0.0354,0.0196,0.0909,0.0556,0.0093
copod_amp_shape_w1s,0.0177,0.0294,0.0505,0.0463,0.037
copod_amp_sine_w1s,0.0177,0.0,0.0808,0.037,0.0
copod_amp_w1s,0.0354,0.0196,0.0909,0.0556,0.0
deep_svdd_w1s,0.115,0.1275,0.101,0.0741,0.0463
gdn_w1s,0.0531,0.0294,0.0303,0.0648,0.0093
hbos_amp_rel_w1s,0.0442,0.0686,0.0606,0.0556,0.0278
hbos_amp_shape_w1s,0.0442,0.0686,0.0909,0.0648,0.0648
hbos_amp_sine_w1s,0.0442,0.0392,0.0707,0.1019,0.0278
hbos_amp_w1s,0.0442,0.0588,0.0808,0.0833,0.0093
lstm_ad_w1s,0.0265,0.0392,0.0404,0.0741,0.0185
mcd_amp_rel_w1s,0.0177,0.0294,0.0909,0.0926,0.0278
mcd_amp_shape_w1s,0.0708,0.0294,0.0303,0.0648,0.0463
mcd_amp_sine_w1s,0.0265,0.0392,0.0505,0.1111,0.0463
mcd_amp_w1s,0.0088,0.0098,0.101,0.0833,0.0278
mtad_gat_w1s,0.0354,0.0196,0.0404,0.0463,0.0093
ocsvm_amp_rel_w1s,0.1239,0.1275,0.1111,0.0926,0.1019
ocsvm_amp_shape_w1s,0.0973,0.0588,0.0808,0.0926,0.1019
ocsvm_amp_sine_w1s,0.0973,0.0686,0.0808,0.1019,0.1019
ocsvm_amp_w1s,0.0796,0.0686,0.0707,0.0741,0.0741
pca_raw_ae_all3_w1s,0.0531,0.0294,0.0202,0.0648,0.037
