feature,n_normal,n_outlier,ks_stat,ks_p,p_adj_bh,cliff_delta,group,ks_rank,cliff_rank
cur_fit_r2,530,17,1.0,2.6025224291671644e-32,4.2941620081258214e-31,-1.0,sine,1.5,1.5
cur_fit_resid_rms,530,17,1.0,2.6025224291671644e-32,4.2941620081258214e-31,1.0,sine,1.5,1.5
cur_fit_f_dev,530,17,0.9924528301886792,1.557609673856547e-28,1.713370641242202e-27,0.9984461709211988,sine,3.0,3.0
cur_ac1,530,17,0.9490566037735849,1.786251153576609e-20,1.4736572017007025e-19,-0.9869034406215316,rel,4.0,4.0
AI2_Current_crest,530,17,0.8509433962264151,8.54085297614324e-14,5.636962964254539e-13,0.9436182019977802,amp,5.0,5.0
AI2_Current_shape_kurt,530,17,0.725416204217536,2.775377341958947e-09,1.3083921754949322e-08,,,6.5,
AI2_Current_kurt,530,17,0.725416204217536,2.775377341958947e-09,1.3083921754949322e-08,0.7074361820199778,amp,6.5,7.0
AI0_Vibration_rms,530,17,0.702108768035516,1.2135184700006727e-08,5.0057636887527747e-08,0.5733629300776915,amp,8.0,13.0
AI0_Vibration_peak,530,17,0.6703662597114317,8.441454997569593e-08,3.0952001657755173e-07,0.5849056603773585,amp,9.0,12.0
AI2_Current_shape_crest,530,17,0.662819089900111,1.3014606105557911e-07,4.2948200148341103e-07,0.6226415094339622,shape,10.0,8.0
AI1_Vibration_skew,530,17,0.6549389567147613,1.989762003973693e-07,5.471845510927657e-07,-0.6142064372918978,amp,11.5,9.0
AI1_Vibration_shape_skew,530,17,0.6549389567147613,1.989762003973693e-07,5.471845510927657e-07,,,11.5,
vib_corr01,530,17,0.623196448390677,1.1055443856065836e-06,2.8063819019244046e-06,-0.7178690344062153,rel,13.0,6.0
AI0_Vibration_p2p,530,17,0.6074361820199778,2.3919735686849256e-06,5.638223411900182e-06,0.4728079911209767,amp,14.0,16.0
AI1_Vibration_shape_crest,530,17,0.5804661487236403,8.827834745969586e-06,1.942123644113309e-05,0.5864594894561599,shape,15.0,11.0
vib_rms_ratio,530,17,0.5322974472807991,7.078706325442436e-05,0.00014599831796225025,0.6084350721420644,rel,16.0,10.0
AI1_Vibration_shape_kurt,530,17,0.5012208657047724,0.00023999799809258158,0.0004399963298363996,,,17.5,
AI1_Vibration_kurt,530,17,0.5012208657047724,0.00023999799809258158,0.0004399963298363996,0.5531631520532742,amp,17.5,14.0
AI1_Vibration_peak,530,17,0.4624861265260822,0.0009654935889469044,0.0016769099176446236,0.4692563817980022,amp,19.0,17.0
AI1_Vibration_rms,530,17,0.41908990011098773,0.003907173250288031,0.00644683586297525,0.4279689234184239,amp,20.0,19.0
AI2_Current_rms,530,17,0.41509433962264153,0.004388500415335291,0.006896214938384029,-0.4392896781354052,amp,21.0,18.0
AI0_Vibration_shape_skew,530,17,0.4074361820199779,0.00552817782702585,0.007931733403993611,,,22.5,
AI0_Vibration_skew,530,17,0.4074361820199779,0.00552817782702585,0.007931733403993611,0.4228634850166481,amp,22.5,20.0
AI2_Current_p2p,530,17,0.3905660377358491,0.008938983396707902,0.012291102170473365,-0.4759156492785794,amp,24.0,15.0
AI2_Current_skew,530,17,0.34572697003329633,0.02904907062053787,0.03686997424914422,-0.2359600443951166,amp,25.5,22.0
AI2_Current_shape_skew,530,17,0.34572697003329633,0.02904907062053787,0.03686997424914422,,,25.5,
AI2_Current_peak,530,17,0.31664816870144286,0.057224284927031153,0.06994079268859364,-0.083684794672586,amp,27.0,25.0
AI1_Vibration_p2p,530,17,0.3144284128745838,0.060200271844858,0.07095032038858265,0.3087680355160932,amp,28.0,21.0
AI1_Vibration_crest,530,17,0.21265260821309656,0.38901909516333055,0.44267690139275545,-0.009322974472808,amp,29.0,27.0
AI0_Vibration_crest,530,17,0.19223085460599335,0.5140954209360963,0.565504963029706,-0.1391786903440621,amp,30.0,23.0
AI0_Vibration_shape_crest,530,17,0.17824639289678135,0.6083702383675432,0.6476199311654491,-0.097669256381798,shape,31.0,24.0
AI0_Vibration_kurt,530,17,0.15893451720310764,0.7408188183987809,0.7408188183987809,-0.032630410654828,amp,32.5,26.0
AI0_Vibration_shape_kurt,530,17,0.15893451720310764,0.7408188183987809,0.7408188183987809,,,32.5,
