notebook,model,split,auc,fpr_sample,fpr_segment,delay_median_s,win_s,n_out_seg,n_detected,model_base,family,detect_rate
26_model_distribution_JIW,mcd_amp_sine_w1s,group_kfold_seg,1.0,0.0104320915734991,0.0545799783954128,0.9,1.0,3.4,3.4,mcd_amp_sine,distribution,1.0
26_model_distribution_JIW,ocsvm_amp_sine_w1s,group_kfold_seg,1.0,0.0171824950697984,0.0896155247882177,0.9,1.0,3.4,3.4,ocsvm_amp_sine,distribution,1.0
27_model_cnn_lstm_ae_CHS,cnn_lstm_ae_cur1_w1s,group_kfold_seg,1.0,0.0144932595775744,0.0666147515014217,0.9,1.0,3.4,3.4,cnn_lstm_ae_cur1,cnn,1.0
27_model_cnn_lstm_ae_CHS,cnn_lstm_ae_all3_res_w1s,group_kfold_seg,1.0,0.0304033274571708,0.0979040315683597,0.9,1.0,3.4,3.4,cnn_lstm_ae_all3_res,cnn,1.0
24_model_forecasting_JIW,cnn_deepant_w1s,group_kfold_seg,0.9999446275838058,0.0155615755384776,0.0316594798138241,0.9,1.0,3.4,3.4,cnn_deepant,forecasting,1.0
25_model_graph_JIW,gdn_w1s,group_kfold_seg,0.9998954401136576,0.0114799902372862,0.0426037499108195,0.9,1.0,3.4,3.4,gdn,graph,1.0
25_model_graph_JIW,mtad_gat_w1s,group_kfold_seg,0.999892337214955,0.0129515700802105,0.0286182726549699,0.9,1.0,3.4,3.4,mtad_gat,graph,1.0
26_model_distribution_JIW,ocsvm_amp_rel_w1s,group_kfold_seg,0.9998734744940962,0.0198013640640302,0.1106044926471262,0.9,1.0,3.4,3.4,ocsvm_amp_rel,distribution,1.0
24_model_forecasting_JIW,lstm_ad_w1s,group_kfold_seg,0.9997637023729457,0.0144727701046191,0.0349238073792849,0.9,1.0,3.4,3.4,lstm_ad,forecasting,1.0
27_model_cnn_lstm_ae_CHS,pca_raw_ae_all3_w1s,group_kfold_seg,0.9994943241775636,0.0109169665043282,0.0413442988024747,0.9,1.0,3.4,3.4,pca_raw_ae_all3,cnn,1.0
27_model_cnn_lstm_ae_CHS,cnn_lstm_ae_all3_zwin_w1s,group_kfold_seg,0.999393306828384,0.0259943363149115,0.148168607790842,0.9,1.0,3.4,3.4,cnn_lstm_ae_all3_zwin,cnn,1.0
26_model_distribution_JIW,mcd_amp_shape_w1s,group_kfold_seg,0.9982464105037712,0.0112771635942907,0.0489388611029193,0.9,1.0,3.4,3.4,mcd_amp_shape,distribution,1.0
26_model_distribution_JIW,copod_amp_sine_w1s,group_kfold_seg,0.9980268847063164,0.0057628928602107,0.0263631403674576,0.9,1.0,3.4,3.4,copod_amp_sine,distribution,1.0
26_model_distribution_JIW,hbos_amp_sine_w1s,group_kfold_seg,0.9980066209277096,0.0119392412611845,0.0566429460088391,0.9,1.0,3.4,3.4,hbos_amp_sine,distribution,1.0
26_model_distribution_JIW,ocsvm_amp_w1s,group_kfold_seg,0.9951101929367898,0.0141649862494061,0.0725515409217514,0.9,1.0,3.4,3.4,ocsvm_amp,distribution,1.0
26_model_distribution_JIW,mcd_amp_rel_w1s,group_kfold_seg,0.9940280669747128,0.0109947402850688,0.0506317329010259,0.9,1.0,3.4,3.4,mcd_amp_rel,distribution,1.0
26_model_distribution_JIW,hbos_amp_rel_w1s,group_kfold_seg,0.9940168796956664,0.0098360488058801,0.0512161547752481,0.9,1.0,3.4,3.4,hbos_amp_rel,distribution,1.0
27_model_cnn_lstm_ae_CHS,cnn_lstm_ae_all3_w1s,group_kfold_seg,0.9927417423043896,0.0190513425612155,0.076530649898162,0.9,1.0,3.4,3.1333333333333337,cnn_lstm_ae_all3,cnn,0.9215686274509806
26_model_distribution_JIW,copod_amp_rel_w1s,group_kfold_seg,0.9924862623565822,0.0082144943509474,0.0414691433768606,0.95,1.0,3.4,3.2,copod_amp_rel,distribution,0.9411764705882354
26_model_distribution_JIW,ocsvm_amp_shape_w1s,group_kfold_seg,0.989611845099075,0.0163511586677572,0.0859846764137104,0.9,1.0,3.4,3.4,ocsvm_amp_shape,distribution,1.0
26_model_distribution_JIW,mcd_amp_w1s,group_kfold_seg,0.9842457817261668,0.0091679360953007,0.0450700459820805,0.9,1.0,3.4,3.4,mcd_amp,distribution,1.0
26_model_distribution_JIW,copod_amp_w1s,group_kfold_seg,0.9750905045067322,0.0087892769302484,0.0394411713488885,0.95,1.0,3.4,3.2,copod_amp,distribution,0.9411764705882354
26_model_distribution_JIW,copod_amp_shape_w1s,group_kfold_seg,0.971426512132726,0.0066214597039508,0.0355616563684561,0.95,1.0,3.4,3.2,copod_amp_shape,distribution,0.9411764705882354
26_model_distribution_JIW,hbos_amp_w1s,group_kfold_seg,0.969473399140164,0.0113446225008555,0.0546578659692529,0.95,1.0,3.4,3.2,hbos_amp,distribution,0.9411764705882354
26_model_distribution_JIW,hbos_amp_shape_w1s,group_kfold_seg,0.9632925649320844,0.0112558481625201,0.065869216230792,0.95,1.0,3.4,3.2,hbos_amp_shape,distribution,0.9411764705882354
27_model_cnn_lstm_ae_CHS,cnn_lstm_ae_vib2_w1s,group_kfold_seg,0.9556104786087204,0.0239052622982376,0.0749713822784519,0.9,1.0,3.4,2.8,cnn_lstm_ae_vib2,cnn,0.8235294117647058
26_model_distribution_JIW,deep_svdd_w1s,group_kfold_seg,0.9359043684985964,0.0190598611579825,0.0913775497153802,0.9,1.0,3.4,3.2666666666666666,deep_svdd,distribution,0.9607843137254902
21_model_rule_baseline_CHS,rule3_rms_state_dir,group_kfold_seg,0.8695863340418178,0.013756387036528,0.0357778001814699,0.95,1.0,3.4,2.8,rule3_rms_state_dir,rule,0.8235294117647058
21_model_rule_baseline_CHS,rule3c_rms_state_dirz,group_kfold_seg,0.8671356475369197,0.0119260983218252,0.0302565324583673,0.95,1.0,3.4,2.8,rule3c_rms_state_dirz,rule,0.8235294117647058
21_model_rule_baseline_CHS,rule3e_rms_state_dirz_cum,group_kfold_seg,0.8435360845395488,0.0110409599626566,0.0322523123575471,0.95,1.0,3.4,2.8,rule3e_rms_state_dirz_cum,rule,0.8235294117647058
21_model_rule_baseline_CHS,rule3b_rms_state_ratio,group_kfold_seg,0.8058473087340043,0.0104611687667704,0.0398578135302366,0.95,1.0,3.4,2.8,rule3b_rms_state_ratio,rule,0.8235294117647058
21_model_rule_baseline_CHS,rule2_rms_state,group_kfold_seg,0.7996476180714434,0.0118688600028828,0.0467563251643122,0.95,1.0,3.4,2.8,rule2_rms_state,rule,0.8235294117647058
21_model_rule_baseline_CHS,rule1_rms_ai0,group_kfold_seg,0.7864056639744282,0.0109455476261049,0.0395234051790986,0.95,1.0,3.4,2.8,rule1_rms_ai0,rule,0.8235294117647058
21_model_rule_baseline_CHS,rule3d_rms_state_ratioz,group_kfold_seg,0.7840403413970687,0.010173069377785,0.0418718167962636,0.95,1.0,3.4,2.8,rule3d_rms_state_ratioz,rule,0.8235294117647058
24_model_forecasting_JIW,cnn_deepant_w2s,group_kfold_seg,1.0,0.0147759561578465,0.028483782750935,1.9,2.0,2.6,2.6,cnn_deepant,forecasting,1.0
24_model_forecasting_JIW,lstm_ad_w2s,group_kfold_seg,1.0,0.0146158060452694,0.0255129696483257,1.9,2.0,2.6,2.6,lstm_ad,forecasting,1.0
25_model_graph_JIW,mtad_gat_w2s,group_kfold_seg,1.0,0.0121577591029532,0.0223862501219007,1.9,2.0,2.6,2.6,mtad_gat,graph,1.0
26_model_distribution_JIW,mcd_amp_sine_w2s,group_kfold_seg,1.0,0.0097738658317394,0.0306288942632665,1.9,2.0,2.6,2.6,mcd_amp_sine,distribution,1.0
26_model_distribution_JIW,mcd_amp_shape_w2s,group_kfold_seg,1.0,0.0096959847977691,0.037553421499603,1.9,2.0,2.6,2.6,mcd_amp_shape,distribution,1.0
26_model_distribution_JIW,ocsvm_amp_w2s,group_kfold_seg,1.0,0.0234529889332017,0.0760910447758688,1.9,2.0,2.6,2.6,ocsvm_amp,distribution,1.0
26_model_distribution_JIW,ocsvm_amp_sine_w2s,group_kfold_seg,1.0,0.0315376800244987,0.0827283175602623,1.9,2.0,2.6,2.6,ocsvm_amp_sine,distribution,1.0
26_model_distribution_JIW,ocsvm_amp_shape_w2s,group_kfold_seg,1.0,0.0230816093138598,0.0827562930724609,1.9,2.0,2.6,2.6,ocsvm_amp_shape,distribution,1.0
26_model_distribution_JIW,ocsvm_amp_rel_w2s,group_kfold_seg,1.0,0.023265731755922,0.0860674643134163,1.9,2.0,2.6,2.6,ocsvm_amp_rel,distribution,1.0
27_model_cnn_lstm_ae_CHS,pca_raw_ae_all3_w2s,group_kfold_seg,1.0,0.0123908369040887,0.0395176495198164,1.9,2.0,2.6,2.6,pca_raw_ae_all3,cnn,1.0
25_model_graph_JIW,gdn_w2s,group_kfold_seg,0.999977973568282,0.0123195734116617,0.0316619861280357,1.9,2.0,2.6,2.6,gdn,graph,1.0
26_model_distribution_JIW,mcd_amp_rel_w2s,group_kfold_seg,0.9999473684210528,0.0097844593685615,0.0352482138169728,1.9,2.0,2.6,2.6,mcd_amp_rel,distribution,1.0
26_model_distribution_JIW,copod_amp_sine_w2s,group_kfold_seg,0.9999339207048458,0.0051890259475555,0.0153743596890728,1.9,2.0,2.6,2.6,copod_amp_sine,distribution,1.0
26_model_distribution_JIW,mcd_amp_w2s,group_kfold_seg,0.9997618323352028,0.0098352112482608,0.0378399886462169,1.9,2.0,2.6,2.6,mcd_amp,distribution,1.0
26_model_distribution_JIW,copod_amp_rel_w2s,group_kfold_seg,0.999543473220496,0.0053185479097047,0.022297642233847,1.9,2.0,2.6,2.6,copod_amp_rel,distribution,1.0
26_model_distribution_JIW,copod_amp_shape_w2s,group_kfold_seg,0.9991335497333642,0.0087561179773557,0.0269220742039084,1.9,2.0,2.6,2.6,copod_amp_shape,distribution,1.0
26_model_distribution_JIW,hbos_amp_sine_w2s,group_kfold_seg,0.9983947368421052,0.0141362653770756,0.0464956383974253,1.9,2.0,2.6,2.6,hbos_amp_sine,distribution,1.0
26_model_distribution_JIW,hbos_amp_rel_w2s,group_kfold_seg,0.997170762810109,0.0124567695222944,0.0447581587746359,1.9,2.0,2.6,2.6,hbos_amp_rel,distribution,1.0
26_model_distribution_JIW,copod_amp_w2s,group_kfold_seg,0.9963050879595794,0.0069521129543919,0.0199204012750214,1.9,2.0,2.6,2.6,copod_amp,distribution,1.0
27_model_cnn_lstm_ae_CHS,cnn_lstm_ae_all3_w2s,group_kfold_seg,0.9955887095982736,0.01907539580939,0.0637403848553975,1.9,2.0,2.6,2.6,cnn_lstm_ae_all3,cnn,1.0
26_model_distribution_JIW,hbos_amp_shape_w2s,group_kfold_seg,0.9945822864754752,0.0096557200568214,0.0439740947665808,1.9,2.0,2.6,2.6,hbos_amp_shape,distribution,1.0
26_model_distribution_JIW,hbos_amp_w2s,group_kfold_seg,0.9886037290519368,0.0123360025562549,0.0441886286369994,1.9,2.0,2.6,2.6,hbos_amp,distribution,1.0
26_model_distribution_JIW,deep_svdd_w2s,group_kfold_seg,0.9577801536067244,0.0315810945627994,0.1000448543790333,1.9,2.0,2.6,2.6,deep_svdd,distribution,1.0
21_model_rule_baseline_CHS,rule3_rms_state_dir,group_kfold_seg,0.9100047383510173,0.012804699840376,0.0226569299619853,1.9,2.0,2.6,2.4,rule3_rms_state_dir,rule,0.923076923076923
21_model_rule_baseline_CHS,rule3c_rms_state_dirz,group_kfold_seg,0.9061275192612808,0.0127701054482195,0.0243229336948127,1.9,2.0,2.6,2.4,rule3c_rms_state_dirz,rule,0.923076923076923
21_model_rule_baseline_CHS,rule3e_rms_state_dirz_cum,group_kfold_seg,0.8976667255069918,0.0119577294586745,0.027053105273859,1.9,2.0,2.6,2.4,rule3e_rms_state_dirz_cum,rule,0.923076923076923
21_model_rule_baseline_CHS,rule3b_rms_state_ratio,group_kfold_seg,0.86609572853112,0.0105347470604698,0.0245417864757248,1.9,2.0,2.6,2.4,rule3b_rms_state_ratio,rule,0.923076923076923
21_model_rule_baseline_CHS,rule2_rms_state,group_kfold_seg,0.8654715436719552,0.0123095294487495,0.0336351143391844,1.9,2.0,2.6,2.4,rule2_rms_state,rule,0.923076923076923
21_model_rule_baseline_CHS,rule1_rms_ai0,group_kfold_seg,0.8580820640272983,0.0122724572612498,0.0245129900080915,1.9,2.0,2.6,2.4,rule1_rms_ai0,rule,0.923076923076923
21_model_rule_baseline_CHS,rule3d_rms_state_ratioz,group_kfold_seg,0.839124202645045,0.0092453884319149,0.033120847920616,1.9,2.0,2.6,2.4,rule3d_rms_state_ratioz,rule,0.923076923076923
21_model_rule_baseline_CHS,rule3_rms_state_dir,group_kfold_seg,0.9496300279364136,0.009857057274862,0.01647743634045,2.9,3.0,2.0,1.8,rule3_rms_state_dir,rule,0.9
21_model_rule_baseline_CHS,rule3c_rms_state_dirz,group_kfold_seg,0.94529493837687,0.0119768651006609,0.0192932658686083,2.9,3.0,2.0,1.8,rule3c_rms_state_dirz,rule,0.9
21_model_rule_baseline_CHS,rule3e_rms_state_dirz_cum,group_kfold_seg,0.9271506084799628,0.010553496417099,0.0166286149162861,2.9,3.0,2.0,1.8,rule3e_rms_state_dirz_cum,rule,0.9
21_model_rule_baseline_CHS,rule2_rms_state,group_kfold_seg,0.911046555980547,0.0133764430149994,0.0275124439508001,2.9,3.0,2.0,1.8,rule2_rms_state,rule,0.9
21_model_rule_baseline_CHS,rule1_rms_ai0,group_kfold_seg,0.9030265058552336,0.011236569653893,0.021994940145625,2.9,3.0,2.0,1.8,rule1_rms_ai0,rule,0.9
21_model_rule_baseline_CHS,rule3b_rms_state_ratio,group_kfold_seg,0.8956042167273855,0.0111147878408086,0.0192161339421613,2.9,3.0,2.0,1.8,rule3b_rms_state_ratio,rule,0.9
21_model_rule_baseline_CHS,rule3d_rms_state_ratioz,group_kfold_seg,0.8932108910331781,0.013368827001237,0.0305286954964634,3.1,3.0,2.0,1.8,rule3d_rms_state_ratioz,rule,0.9
26_model_distribution_JIW,mcd_amp_sine_w1s,time_block,1.0,0.0117262329388807,0.0682313329372152,0.9,1.0,17.0,17.0,mcd_amp_sine,distribution,1.0
27_model_cnn_lstm_ae_CHS,cnn_lstm_ae_cur1_w1s,time_block,1.0,0.021531753576056,0.1031268568033274,0.9,1.0,17.0,17.0,cnn_lstm_ae_cur1,cnn,1.0
27_model_cnn_lstm_ae_CHS,cnn_lstm_ae_all3_res_w1s,time_block,1.0,0.0455480054009,0.1263245197068726,0.9,1.0,17.0,17.0,cnn_lstm_ae_all3_res,cnn,1.0
24_model_forecasting_JIW,cnn_deepant_w1s,time_block,0.9999292367767254,0.0136564031991135,0.0386668977355251,0.9,1.0,17.0,17.0,cnn_deepant,forecasting,1.0
26_model_distribution_JIW,ocsvm_amp_rel_w1s,time_block,0.9998794009721595,0.0534892610768825,0.2428822539116656,0.9,1.0,17.0,17.0,ocsvm_amp_rel,distribution,1.0
26_model_distribution_JIW,ocsvm_amp_sine_w1s,time_block,0.9998040752351096,0.0342350323819554,0.1556991483462071,0.9,1.0,17.0,17.0,ocsvm_amp_sine,distribution,1.0
27_model_cnn_lstm_ae_CHS,pca_raw_ae_all3_w1s,time_block,0.9997575214249796,0.0090954775506192,0.0380768469003763,0.9,1.0,17.0,17.0,pca_raw_ae_all3,cnn,1.0
25_model_graph_JIW,mtad_gat_w1s,time_block,0.9996734459642296,0.0160874115672179,0.0394054928368653,0.9,1.0,17.0,17.0,mtad_gat,graph,1.0
24_model_forecasting_JIW,lstm_ad_w1s,time_block,0.999664206421955,0.0130883988596675,0.0335462467815408,0.9,1.0,17.0,17.0,lstm_ad,forecasting,1.0
26_model_distribution_JIW,mcd_amp_rel_w1s,time_block,0.9984971080631256,0.0058041206536944,0.0331006139829669,0.9,1.0,17.0,17.0,mcd_amp_rel,distribution,1.0
26_model_distribution_JIW,mcd_amp_shape_w1s,time_block,0.9984003732018863,0.00823951200749,0.0427064765300059,0.9,1.0,17.0,17.0,mcd_amp_shape,distribution,1.0
26_model_distribution_JIW,hbos_amp_sine_w1s,time_block,0.9983470992466412,0.022185433312581,0.1102198455139631,0.9,1.0,17.0,17.0,hbos_amp_sine,distribution,1.0
27_model_cnn_lstm_ae_CHS,cnn_lstm_ae_all3_zwin_w1s,time_block,0.9982622305084764,0.0393088128478761,0.2118736383442265,0.9,1.0,17.0,17.0,cnn_lstm_ae_all3_zwin,cnn,1.0
26_model_distribution_JIW,mcd_amp_w1s,time_block,0.9968465773442114,0.0094134535846164,0.0498613586848881,0.9,1.0,17.0,17.0,mcd_amp,distribution,1.0
26_model_distribution_JIW,ocsvm_amp_w1s,time_block,0.9956033717210144,0.0333408662028822,0.15770449593979,0.9,1.0,17.0,17.0,ocsvm_amp,distribution,1.0
25_model_graph_JIW,gdn_w1s,time_block,0.9950797913628512,0.0123711993520462,0.0457557602165445,0.9,1.0,17.0,16.75,gdn,graph,0.9852941176470589
26_model_distribution_JIW,copod_amp_sine_w1s,time_block,0.994779267839234,0.0032189900790535,0.0199915824915824,0.9,1.0,17.0,16.0,copod_amp_sine,distribution,0.9411764705882353
26_model_distribution_JIW,hbos_amp_rel_w1s,time_block,0.9936790002211984,0.0246805697351233,0.1209521687462863,0.9,1.0,17.0,17.0,hbos_amp_rel,distribution,1.0
26_model_distribution_JIW,ocsvm_amp_shape_w1s,time_block,0.9904648434011828,0.0420229247931884,0.195991780550604,0.9,1.0,17.0,17.0,ocsvm_amp_shape,distribution,1.0
26_model_distribution_JIW,copod_amp_rel_w1s,time_block,0.9874158325113384,0.0035988119172899,0.0197811447811447,0.9,1.0,17.0,16.0,copod_amp_rel,distribution,0.9411764705882353
27_model_cnn_lstm_ae_CHS,cnn_lstm_ae_all3_w1s,time_block,0.9810054234477804,0.0283055571443659,0.094399881164587,0.9,1.0,17.0,15.25,cnn_lstm_ae_all3,cnn,0.8970588235294118
26_model_distribution_JIW,hbos_amp_w1s,time_block,0.9717112254998168,0.0201174845684053,0.0910823925529807,0.9,1.0,17.0,16.5,hbos_amp,distribution,0.9705882352941176
26_model_distribution_JIW,copod_amp_w1s,time_block,0.961048695187416,0.0028151128577288,0.0174663299663299,1.025,1.0,17.0,15.75,copod_amp,distribution,0.9264705882352942
26_model_distribution_JIW,hbos_amp_shape_w1s,time_block,0.9569100126906236,0.0225443134578565,0.1156169538522479,0.9,1.0,17.0,16.0,hbos_amp_shape,distribution,0.9411764705882353
26_model_distribution_JIW,copod_amp_shape_w1s,time_block,0.9525460061904308,0.005909984259339,0.0312066745890275,0.9,1.0,17.0,15.5,copod_amp_shape,distribution,0.9117647058823529
26_model_distribution_JIW,deep_svdd_w1s,time_block,0.942428527699926,0.0205374377095075,0.1066052683699742,0.9,1.0,17.0,16.666666666666668,deep_svdd,distribution,0.9803921568627452
27_model_cnn_lstm_ae_CHS,cnn_lstm_ae_vib2_w1s,time_block,0.920931432828149,0.0297976310529943,0.1125222816399287,0.9,1.0,17.0,14.25,cnn_lstm_ae_vib2,cnn,0.8382352941176471
21_model_rule_baseline_CHS,rule3c_rms_state_dirz,time_block,0.8840595764373811,0.0046203861348104,0.0162037037037037,0.9,1.0,17.0,14.0,rule3c_rms_state_dirz,rule,0.8235294117647058
21_model_rule_baseline_CHS,rule3_rms_state_dir,time_block,0.8685899792049003,0.0069828832674665,0.0186546840958605,0.9,1.0,17.0,14.0,rule3_rms_state_dir,rule,0.8235294117647058
21_model_rule_baseline_CHS,rule3e_rms_state_dirz_cum,time_block,0.8502407128109707,0.0050242633561351,0.0140993265993266,0.9,1.0,17.0,14.0,rule3e_rms_state_dirz_cum,rule,0.8235294117647058
21_model_rule_baseline_CHS,rule3b_rms_state_ratio,time_block,0.790012261523573,0.0036054911689201,0.0195583283818577,0.9,1.0,17.0,14.0,rule3b_rms_state_ratio,rule,0.8235294117647058
21_model_rule_baseline_CHS,rule2_rms_state,time_block,0.7883592903983038,0.0138958519896268,0.0455783323430382,0.9,1.0,17.0,14.0,rule2_rms_state,rule,0.8235294117647058
21_model_rule_baseline_CHS,rule1_rms_ai0,time_block,0.7785795259512771,0.0115669519790472,0.0384358288770053,0.9,1.0,17.0,14.0,rule1_rms_ai0,rule,0.8235294117647058
21_model_rule_baseline_CHS,rule3d_rms_state_ratioz,time_block,0.776271832647168,0.0050933158152727,0.0216008120419885,0.9,1.0,17.0,14.0,rule3d_rms_state_ratioz,rule,0.8235294117647058
24_model_forecasting_JIW,cnn_deepant_w2s,time_block,1.0,0.0083359441649104,0.0178908875663439,1.9,2.0,13.0,13.0,cnn_deepant,forecasting,1.0
24_model_forecasting_JIW,lstm_ad_w2s,time_block,1.0,0.0094034416639124,0.0167195436972313,1.9,2.0,13.0,13.0,lstm_ad,forecasting,1.0
26_model_distribution_JIW,mcd_amp_sine_w2s,time_block,1.0,0.0112055982300527,0.0417816463455408,1.9,2.0,13.0,13.0,mcd_amp_sine,distribution,1.0
26_model_distribution_JIW,mcd_amp_shape_w2s,time_block,1.0,0.010246540592059,0.0394898542971565,1.9,2.0,13.0,13.0,mcd_amp_shape,distribution,1.0
26_model_distribution_JIW,ocsvm_amp_w2s,time_block,1.0,0.0349445108915564,0.1028791357391763,1.9,2.0,13.0,13.0,ocsvm_amp,distribution,1.0
26_model_distribution_JIW,ocsvm_amp_sine_w2s,time_block,1.0,0.0430528955868352,0.1248571577171982,1.9,2.0,13.0,13.0,ocsvm_amp_sine,distribution,1.0
26_model_distribution_JIW,ocsvm_amp_shape_w2s,time_block,1.0,0.042688945422929,0.1283124921055955,1.9,2.0,13.0,13.0,ocsvm_amp_shape,distribution,1.0
26_model_distribution_JIW,ocsvm_amp_rel_w2s,time_block,1.0,0.0652423452168333,0.1923336974046913,1.9,2.0,13.0,13.0,ocsvm_amp_rel,distribution,1.0
27_model_cnn_lstm_ae_CHS,pca_raw_ae_all3_w2s,time_block,1.0,0.0130203973214275,0.0459450623750826,1.9,2.0,13.0,13.0,pca_raw_ae_all3,cnn,1.0
26_model_distribution_JIW,mcd_amp_w2s,time_block,0.9999826334618456,0.0083907514542851,0.0305400144142537,1.9,2.0,13.0,13.0,mcd_amp,distribution,1.0
25_model_graph_JIW,mtad_gat_w2s,time_block,0.9999423498212844,0.0139256920307615,0.0253206676127568,1.9,2.0,13.0,13.0,mtad_gat,graph,1.0
26_model_distribution_JIW,mcd_amp_rel_w2s,time_block,0.9999305338473828,0.0071514058824133,0.02210433244916,1.9,2.0,13.0,13.0,mcd_amp_rel,distribution,1.0
26_model_distribution_JIW,hbos_amp_sine_w2s,time_block,0.9993284678913872,0.01803108272732,0.0570692998684885,1.9,2.0,13.0,13.0,hbos_amp_sine,distribution,1.0
26_model_distribution_JIW,copod_amp_sine_w2s,time_block,0.9992067188325754,0.0046948356807511,0.0114942528735632,1.9,2.0,13.0,13.0,copod_amp_sine,distribution,1.0
26_model_distribution_JIW,copod_amp_rel_w2s,time_block,0.998819737241372,0.0011737089201877,0.0057471264367816,1.9,2.0,13.0,13.0,copod_amp_rel,distribution,1.0
25_model_graph_JIW,gdn_w2s,time_block,0.9987445072190836,0.0143563250793398,0.0405259716618743,1.9,2.0,13.0,13.0,gdn,graph,1.0
26_model_distribution_JIW,hbos_amp_rel_w2s,time_block,0.9981919553207076,0.0154460491366954,0.0481781572045263,1.9,2.0,13.0,13.0,hbos_amp_rel,distribution,1.0
26_model_distribution_JIW,copod_amp_shape_w2s,time_block,0.9971421346987062,0.0029021186149205,0.0141828084018753,1.9,2.0,13.0,13.0,copod_amp_shape,distribution,1.0
26_model_distribution_JIW,hbos_amp_shape_w2s,time_block,0.9945941475388104,0.0220565832561142,0.085570143176634,1.9,2.0,13.0,13.0,hbos_amp_shape,distribution,1.0
27_model_cnn_lstm_ae_CHS,cnn_lstm_ae_all3_w2s,time_block,0.9943827616954264,0.0358328946269421,0.0925668764411157,1.9,2.0,13.0,12.75,cnn_lstm_ae_all3,cnn,0.9807692307692307
26_model_distribution_JIW,copod_amp_w2s,time_block,0.9903380001092292,0.0023474178403755,0.0086206896551724,1.9,2.0,13.0,13.0,copod_amp,distribution,1.0
26_model_distribution_JIW,hbos_amp_w2s,time_block,0.9903105282021908,0.0121927643400352,0.0399363989627681,1.9,2.0,13.0,13.0,hbos_amp,distribution,1.0
26_model_distribution_JIW,deep_svdd_w2s,time_block,0.9581863414945488,0.0557008198555448,0.1782547855570168,1.9,2.0,13.0,12.916666666666666,deep_svdd,distribution,0.9935897435897435
21_model_rule_baseline_CHS,rule3c_rms_state_dirz,time_block,0.9291264889100044,0.0022461656364388,0.0054945054945054,1.9,2.0,13.0,12.0,rule3c_rms_state_dirz,rule,0.9230769230769231
21_model_rule_baseline_CHS,rule3_rms_state_dir,time_block,0.9195715887099032,0.005615414091097,0.0082417582417582,1.9,2.0,13.0,12.0,rule3_rms_state_dir,rule,0.9230769230769231
21_model_rule_baseline_CHS,rule3e_rms_state_dirz_cum,time_block,0.9158909528052708,0.0021881838074398,0.0027472527472527,1.9,2.0,13.0,12.0,rule3e_rms_state_dirz_cum,rule,0.9230769230769231
21_model_rule_baseline_CHS,rule2_rms_state,time_block,0.8621109972689489,0.0166838992302953,0.0362871408510353,1.9,2.0,13.0,12.0,rule2_rms_state,rule,0.9230769230769231
21_model_rule_baseline_CHS,rule1_rms_ai0,time_block,0.8579907538253804,0.0184808092521071,0.0307926353565298,1.9,2.0,13.0,12.0,rule1_rms_ai0,rule,0.9230769230769231
21_model_rule_baseline_CHS,rule3b_rms_state_ratio,time_block,0.8548397309595006,0.00764758039764,0.0144354293441514,1.9,2.0,13.0,12.0,rule3b_rms_state_ratio,rule,0.9230769230769231
21_model_rule_baseline_CHS,rule3d_rms_state_ratioz,time_block,0.8416731822228501,0.0063586389087315,0.0253657431142218,1.9,2.0,13.0,12.0,rule3d_rms_state_ratioz,rule,0.9230769230769231
21_model_rule_baseline_CHS,rule3c_rms_state_dirz,time_block,0.971687867218748,0.0017667844522968,0.0033783783783783,2.9,3.0,10.0,9.0,rule3c_rms_state_dirz,rule,0.9
21_model_rule_baseline_CHS,rule3_rms_state_dir,time_block,0.9713339441554684,0.0036007470206505,0.0069498069498069,2.9,3.0,10.0,9.0,rule3_rms_state_dir,rule,0.9
21_model_rule_baseline_CHS,rule3e_rms_state_dirz_cum,time_block,0.9560922111524912,0.0026501766784452,0.0033783783783783,2.9,3.0,10.0,9.0,rule3e_rms_state_dirz_cum,rule,0.9
21_model_rule_baseline_CHS,rule2_rms_state,time_block,0.9150651314449814,0.0273069148024642,0.0496372996372996,2.9,3.0,10.0,9.0,rule2_rms_state,rule,0.9
21_model_rule_baseline_CHS,rule1_rms_ai0,time_block,0.9129842702154266,0.0273776935637567,0.0428805428805428,2.9,3.0,10.0,9.0,rule1_rms_ai0,rule,0.9
21_model_rule_baseline_CHS,rule3d_rms_state_ratioz,time_block,0.8987910874549041,0.0103634106820028,0.0250234000234,2.9,3.0,10.0,9.0,rule3d_rms_state_ratioz,rule,0.9
21_model_rule_baseline_CHS,rule3b_rms_state_ratio,time_block,0.8948130661740321,0.0104617604617604,0.018073593073593,2.9,3.0,10.0,9.0,rule3b_rms_state_ratio,rule,0.9
