win_s,feature,auc,n_normal,n_outlier,n_outlier_seg,ref_auc_rms
1.0,AI0_Vibration_rms,0.7765,3264,96,17,0.8067
1.0,AI0_Vibration_peak,0.7654,3264,96,17,
1.0,AI0_Vibration_kurt,0.5085,3264,96,17,
1.0,AI0_Vibration_crest,0.5483,3264,96,17,
1.0,AI0_Vibration_skew,0.5706,3264,96,17,
1.0,AI0_Vibration_shape_kurt,0.5085,3264,96,17,
1.0,AI0_Vibration_shape_crest,0.5191,3264,96,17,
1.0,AI0_Vibration_shape_skew,0.5706,3264,96,17,
1.0,AI1_Vibration_rms,0.7256,3264,96,17,0.7913
1.0,AI1_Vibration_peak,0.7002,3264,96,17,
1.0,AI1_Vibration_kurt,0.658,3264,96,17,
1.0,AI1_Vibration_crest,0.5307,3264,96,17,
1.0,AI1_Vibration_skew,0.7914,3264,96,17,
1.0,AI1_Vibration_shape_kurt,0.658,3264,96,17,
1.0,AI1_Vibration_shape_crest,0.6635,3264,96,17,
1.0,AI1_Vibration_shape_skew,0.7914,3264,96,17,
1.0,AI2_Current_rms,0.6841,3264,96,17,0.5194
1.0,AI2_Current_peak,0.5161,3264,96,17,
1.0,AI2_Current_kurt,0.7583,3264,96,17,
1.0,AI2_Current_crest,0.901,3264,96,17,
1.0,AI2_Current_skew,0.539,3264,96,17,
1.0,AI2_Current_shape_kurt,0.7583,3264,96,17,
1.0,AI2_Current_shape_crest,0.6796,3264,96,17,
1.0,AI2_Current_shape_skew,0.539,3264,96,17,
1.0,cur_fit_resid_rms,1.0,3264,96,17,
1.0,cur_fit_r2,1.0,3264,96,17,
1.0,cur_fit_f_dev,1.0,3264,96,17,
2.0,AI0_Vibration_rms,0.8559,2254,63,13,0.8771
2.0,AI0_Vibration_peak,0.859,2254,63,13,
2.0,AI0_Vibration_kurt,0.6837,2254,63,13,
2.0,AI0_Vibration_crest,0.6044,2254,63,13,
2.0,AI0_Vibration_skew,0.5581,2254,63,13,
2.0,AI0_Vibration_shape_kurt,0.6837,2254,63,13,
2.0,AI0_Vibration_shape_crest,0.6255,2254,63,13,
2.0,AI0_Vibration_shape_skew,0.5581,2254,63,13,
2.0,AI1_Vibration_rms,0.8062,2254,63,13,0.8509
2.0,AI1_Vibration_peak,0.8266,2254,63,13,
2.0,AI1_Vibration_kurt,0.6855,2254,63,13,
2.0,AI1_Vibration_crest,0.6143,2254,63,13,
2.0,AI1_Vibration_skew,0.7521,2254,63,13,
2.0,AI1_Vibration_shape_kurt,0.6855,2254,63,13,
2.0,AI1_Vibration_shape_crest,0.6838,2254,63,13,
2.0,AI1_Vibration_shape_skew,0.7521,2254,63,13,
2.0,AI2_Current_rms,0.6711,2254,63,13,0.5023
2.0,AI2_Current_peak,0.6111,2254,63,13,
2.0,AI2_Current_kurt,0.9706,2254,63,13,
2.0,AI2_Current_crest,0.9756,2254,63,13,
2.0,AI2_Current_skew,0.516,2254,63,13,
2.0,AI2_Current_shape_kurt,0.9706,2254,63,13,
2.0,AI2_Current_shape_crest,0.9894,2254,63,13,
2.0,AI2_Current_shape_skew,0.516,2254,63,13,
2.0,cur_fit_resid_rms,1.0,2254,63,13,
2.0,cur_fit_r2,1.0,2254,63,13,
2.0,cur_fit_f_dev,1.0,2254,63,13,
3.0,AI0_Vibration_rms,0.9106,1400,38,10,0.9182
3.0,AI0_Vibration_peak,0.9321,1400,38,10,
3.0,AI0_Vibration_kurt,0.8547,1400,38,10,
3.0,AI0_Vibration_crest,0.7867,1400,38,10,
3.0,AI0_Vibration_skew,0.6031,1400,38,10,
3.0,AI0_Vibration_shape_kurt,0.8547,1400,38,10,
3.0,AI0_Vibration_shape_crest,0.7767,1400,38,10,
3.0,AI0_Vibration_shape_skew,0.6031,1400,38,10,
3.0,AI1_Vibration_rms,0.866,1400,38,10,0.8876
3.0,AI1_Vibration_peak,0.9266,1400,38,10,
3.0,AI1_Vibration_kurt,0.7575,1400,38,10,
3.0,AI1_Vibration_crest,0.7668,1400,38,10,
3.0,AI1_Vibration_skew,0.7375,1400,38,10,
3.0,AI1_Vibration_shape_kurt,0.7575,1400,38,10,
3.0,AI1_Vibration_shape_crest,0.7723,1400,38,10,
3.0,AI1_Vibration_shape_skew,0.7375,1400,38,10,
3.0,AI2_Current_rms,0.6505,1400,38,10,0.5289
3.0,AI2_Current_peak,0.6768,1400,38,10,
3.0,AI2_Current_kurt,0.9934,1400,38,10,
3.0,AI2_Current_crest,0.9983,1400,38,10,
3.0,AI2_Current_skew,0.5045,1400,38,10,
3.0,AI2_Current_shape_kurt,0.9934,1400,38,10,
3.0,AI2_Current_shape_crest,0.9998,1400,38,10,
3.0,AI2_Current_shape_skew,0.5045,1400,38,10,
3.0,cur_fit_resid_rms,1.0,1400,38,10,
3.0,cur_fit_r2,1.0,1400,38,10,
3.0,cur_fit_f_dev,1.0,1400,38,10,
