카드,질문,답,인용
실제 이상 창,이 경보 왜 울렸어?,"선택한 경보의 근거 카드입니다.
[경보] 상부 진동 쪽 이상 의심. CNN 점수가 임계의 33.5배, MCD 점수가 임계의 2.1배. 예측 오차 비중: 상부 진동 69% · 하부 진동 14% · 전류 16%. 정상에서 가장 벗어난 통계: 상부 진동 RMS +22.1σ, 상부 진동 피크-피크 +20.7σ, 상부 진동 피크 +17.8σ. 운전 상태 추정: 저부하. 점검 권고(가정): 상단 체결부·커플링·정렬.
예측 오차가 몰린 신호는 '상부 진동'이지만 이것이 원인 부위라는 뜻은 아닙니다 [F13][F15]. 점검 권고는 가정입니다 [F14].","F13,F14,F15"
실제 이상 창,어떻게 점검해야 해?,"근거 요약입니다.
- 점검 권고(가정): 상부 진동 우세 → 상단 체결부·커플링·정렬, 하부 진동 우세 → 하단 베이스·마운트, 전류 우세 → 전원·부하 변동·토출 압력, 진동과 전류 동시 → 구동부 전반 종합 점검. 가이드북과 일반 설비 상식에서 온 가정이며 이 데이터로 검증하지 않았다. [F14]
- 센서 부착 부위(모터 몸체인지 펌프 몸체인지)를 데이터로 확정할 수 없어 원인이 모터인지 펌프인지, 어떤 부품인지는 구분할 수 없다. 탐지 대상은 '유압펌프 모터-펌프 구동부 이상'으로 쓴다. [F15]","F14,F15"
실제 이상 창,고장 원인이 모터 베어링이야?,"원인(모터/펌프/부품)은 이 데이터로 구분할 수 없습니다. 근거로 말할 수 있는 것은 아래입니다.
- 센서 부착 부위(모터 몸체인지 펌프 몸체인지)를 데이터로 확정할 수 없어 원인이 모터인지 펌프인지, 어떤 부품인지는 구분할 수 없다. 탐지 대상은 '유압펌프 모터-펌프 구동부 이상'으로 쓴다. [F15]
- 근거 카드 정합성: 합성 이상에서 CNN 예측 오차 비중 1위 채널이 주입한 채널과 일치한 비율은 강도 2 이상의 유형·강도별 칸에서 94~100%다(합성 검증이며 실제 원인 진단 성능이 아니다). [F12]
- 실제 이상 창 63개의 오차 비중 1위 채널은 전류 48%, 상부 진동 43%, 하부 진동 10%이고 세그먼트마다 다르다. 이상 하나가 여러 신호에 걸쳐 나타나므로 카드는 '어느 신호가 벗어났는지'까지만 말한다. [F13]","F12,F13,F15"
AND 오경보 창,이 경보 왜 울렸어?,"선택한 경보의 근거 카드입니다.
[경보] 전류 쪽 이상 의심. CNN 점수가 임계의 1.0배, MCD 점수가 임계의 1.7배. 예측 오차 비중: 상부 진동 15% · 하부 진동 6% · 전류 79%. 정상에서 가장 벗어난 통계: 전류 피크 +2.4σ, 전류 RMS +2.0σ, 하부 진동 RMS +1.8σ. 운전 상태 추정: 고부하. 점검 권고(가정): 전원·부하 변동, 토출 압력.
예측 오차가 몰린 신호는 '전류'이지만 이것이 원인 부위라는 뜻은 아닙니다 [F13][F15]. 점검 권고는 가정입니다 [F14].","F13,F14,F15"
AND 오경보 창,어떻게 점검해야 해?,"근거 요약입니다.
- 점검 권고(가정): 상부 진동 우세 → 상단 체결부·커플링·정렬, 하부 진동 우세 → 하단 베이스·마운트, 전류 우세 → 전원·부하 변동·토출 압력, 진동과 전류 동시 → 구동부 전반 종합 점검. 가이드북과 일반 설비 상식에서 온 가정이며 이 데이터로 검증하지 않았다. [F14]
- 센서 부착 부위(모터 몸체인지 펌프 몸체인지)를 데이터로 확정할 수 없어 원인이 모터인지 펌프인지, 어떤 부품인지는 구분할 수 없다. 탐지 대상은 '유압펌프 모터-펌프 구동부 이상'으로 쓴다. [F15]","F14,F15"
AND 오경보 창,고장 원인이 모터 베어링이야?,"원인(모터/펌프/부품)은 이 데이터로 구분할 수 없습니다. 근거로 말할 수 있는 것은 아래입니다.
- 센서 부착 부위(모터 몸체인지 펌프 몸체인지)를 데이터로 확정할 수 없어 원인이 모터인지 펌프인지, 어떤 부품인지는 구분할 수 없다. 탐지 대상은 '유압펌프 모터-펌프 구동부 이상'으로 쓴다. [F15]
- 근거 카드 정합성: 합성 이상에서 CNN 예측 오차 비중 1위 채널이 주입한 채널과 일치한 비율은 강도 2 이상의 유형·강도별 칸에서 94~100%다(합성 검증이며 실제 원인 진단 성능이 아니다). [F12]
- 실제 이상 창 63개의 오차 비중 1위 채널은 전류 48%, 상부 진동 43%, 하부 진동 10%이고 세그먼트마다 다르다. 이상 하나가 여러 신호에 걸쳐 나타나므로 카드는 '어느 신호가 벗어났는지'까지만 말한다. [F13]","F12,F13,F15"
