번호,내용
F1,"경보 규칙: 주의 = CNN 점수가 임계를 넘음, 경보 = CNN과 MCD 점수가 모두 임계를 넘음. 경보는 항상 주의의 부분집합이다. CNN은 신호의 다음 값을 예측해 틀린 정도를 보고, MCD는 윈도우 통계 18개가 정상 무리에서 멀리 떨어진 정도를 본다."
F2,임계는 학습용 정상 점수의 상위 1%(q99)로만 정하고 이상 데이터로 조정하지 않는다. 점수는 임계로 나눈 배수로 표시한다(1배가 임계).
F3,"CNN 단독(주의 단계) 세그먼트 오경보율은 2.8% / 1.8%(group_kfold / time_block), 시간당 약 12.9 / 8.1건이다. 실제 이상 세그먼트는 전부 탐지했다."
F4,"CNN과 MCD를 모두 넘어야 하는 경보 단계의 세그먼트 오경보율은 0.2% / 0.1%, 시간당 약 1.0 / 0.4건이다. 실제 이상 세그먼트는 전부 탐지했다(미탐 0건)."
F5,"MCD 단독 세그먼트 오경보율은 3.8% / 3.1%, CNN 또는 MCD(OR)는 6.4% / 4.8%로 오경보가 늘어 채택하지 않았다."
F6,"약한 이상 탐지: 합성 강도 2에서 경보(AND)의 탐지율은 CNN 단독 대비 32% / 44%(group_kfold / time_block)만 유지되고, 강도 8에서는 87% / 94%다. 합성 강도 1 이하의 약한 이상은 경보도 주의도 거의 잡지 못한다(CNN 단독 강도 1 탐지율 33.6% / 31.5%, 경보 2.3% / 3.0%)."
F7,"오경보는 고부하 운전 구간에 몰린다. CNN 단독 고부하 오경보 3.2% / 2.2%, 저부하 0.1% / 0.0%(group_kfold / time_block). 운전 상태별 임계로 바꿔도 고부하 오경보는 3.1% / 3.0%로 줄지 않아 채택하지 않았다. 경보 단계(CNN AND MCD)가 이 오경보를 지운다."
F8,"조기경보(합성 열화 시나리오): 열화가 완성되기 전에 알린 선행 시간 중앙값은 주의 1.39 / 3.60 / 7.39분, 경보 0.98 / 2.81 / 6.71분이다(열화 2 / 5 / 10분 기준). 선행 시간은 열화 기간의 약 70%라서 실제 설비의 열화 속도를 모르면 '몇 분 전'을 말할 수 없다."
F9,"정상 구간에서 거짓 사건은 주의 시간당 6.2건, 경보 시간당 0.3건이다(정상 약 3.1시간 분량, 사건 수가 적어 불확실하다)."
F10,위험 상승 추세 규칙은 CNN 단독보다 선행 시간이 중앙값 기준 0.11 / 0.25 / 0.88분 길 뿐이라 선택 사항이다.
F11,'약 N분 후 경보 도달' 추정은 쓰지 않는다. 도달 시간 추정 오차(중앙값 1.5~2.4분)가 실제 남은 시간(중앙값 0.7~1.5분)과 같거나 크다.
F12,근거 카드 정합성: 합성 이상에서 CNN 예측 오차 비중 1위 채널이 주입한 채널과 일치한 비율은 강도 2 이상의 유형·강도별 칸에서 94~100%다(합성 검증이며 실제 원인 진단 성능이 아니다).
F13,"실제 이상 창 63개의 오차 비중 1위 채널은 전류 48%, 상부 진동 43%, 하부 진동 10%이고 세그먼트마다 다르다. 이상 하나가 여러 신호에 걸쳐 나타나므로 카드는 '어느 신호가 벗어났는지'까지만 말한다."
F14,"점검 권고(가정): 상부 진동 우세 → 상단 체결부·커플링·정렬, 하부 진동 우세 → 하단 베이스·마운트, 전류 우세 → 전원·부하 변동·토출 압력, 진동과 전류 동시 → 구동부 전반 종합 점검. 가이드북과 일반 설비 상식에서 온 가정이며 이 데이터로 검증하지 않았다."
F15,"센서 부착 부위(모터 몸체인지 펌프 몸체인지)를 데이터로 확정할 수 없어 원인이 모터인지 펌프인지, 어떤 부품인지는 구분할 수 없다. 탐지 대상은 '유압펌프 모터-펌프 구동부 이상'으로 쓴다."
F16,한계: 실제 이상 이벤트가 1건(정상 하루 77분)이라 결과는 이 이벤트의 기술이다. 정상에서 이상으로 넘어가는 구간이 없어 '이상 몇 분 전 경보'는 실데이터로 검증할 수 없다. 합성 열화·합성 이상은 방법 작동 확인이며 실제 고장 예측 성능이 아니다.
F17,조용한 이상(세그먼트 3·19·20)은 진동 전용 입력·규칙은 놓치지만 전류 채널을 입력에 넣은 모델은 모두 탐지한다. 현장 센서 구성에서 전류는 필수다.
