family,model,key,feature_set,model_id,win_s,split,fold,seed,status,auc,fpr_sample,fpr_segment,delay_median_s,felt_delay_median_s,thr,n_out_seg,n_detected,recall_window,fpr_high_load,fpr_low_load,inj_spike_0.25,inj_spike_0.5,inj_spike_1,inj_spike_2,inj_amplitude_0.25,inj_amplitude_0.5,inj_amplitude_1,inj_amplitude_2,inj_antiphase_0.25,inj_antiphase_0.5,inj_antiphase_1,inj_antiphase_2,inj_current_0.25,inj_current_0.5,inj_current_1,inj_current_2,inj_mean,sec
Graph,MTAD-GAT,mtad_gat,,mtad_gat_w1s,1.0,group_kfold_seg,0,0,trained,0.9998430223431531,0.03793626707132018,0.07339449541284404,0.9,8.858,7.779359386444095,5,5,1.0,0.08135593220338982,0.0027472527472527475,0.013657056145675266,0.01669195751138088,0.14871016691957512,0.6722306525037937,0.02276176024279211,0.048558421851289835,0.18512898330804248,0.543247344461305,0.013657056145675266,0.018209408194233688,0.03490136570561457,0.2276176024279211,0.012139605462822459,0.015174506828528073,0.0622154779969651,0.8406676783004552,0.17972306525037934,16.6
Graph,MTAD-GAT,mtad_gat,,mtad_gat_w1s,1.0,group_kfold_seg,0,1,trained,0.9998430223431531,0.030349013657056147,0.05504587155963303,0.9,8.858,8.464170297622681,5,5,1.0,0.06779661016949153,0.0,0.013657056145675266,0.018209408194233688,0.13353566009104703,0.6600910470409712,0.02276176024279211,0.04552352048558422,0.22003034901365706,0.5386949924127465,0.010622154779969651,0.015174506828528073,0.024279210925644917,0.19119878603945373,0.012139605462822459,0.01669195751138088,0.05311077389984825,0.8330804248861912,0.17555007587253413,28.8
Graph,MTAD-GAT,mtad_gat,,mtad_gat_w1s,1.0,group_kfold_seg,0,2,trained,1.0,0.03793626707132018,0.07339449541284404,0.9,8.858,7.725772518157962,5,5,1.0,0.07796610169491526,0.005494505494505495,0.010622154779969651,0.012139605462822459,0.10166919575113809,0.644916540212443,0.019726858877086494,0.03490136570561457,0.17754172989377845,0.496206373292868,0.010622154779969651,0.015174506828528073,0.02276176024279211,0.15629742033383914,0.010622154779969651,0.012139605462822459,0.03945371775417299,0.7405159332321699,0.15658194233687406,27.2
Graph,GDN,gdn,,gdn_w1s,1.0,group_kfold_seg,0,0,trained,0.9989534822876878,0.027314112291350532,0.08256880733944955,0.9,8.858,1.8931057615970182,5,5,1.0,0.0576271186440678,0.0027472527472527475,0.010622154779969651,0.019726858877086494,0.12139605462822459,0.5508345978755691,0.024279210925644917,0.057663125948406675,0.20333839150227617,0.47040971168437024,0.010622154779969651,0.013657056145675266,0.013657056145675266,0.13201820940819423,0.012139605462822459,0.018209408194233688,0.13050075872534142,0.8406676783004552,0.1643588770864947,11.7
Graph,GDN,gdn,,gdn_w1s,1.0,group_kfold_seg,0,1,trained,1.0,0.01669195751138088,0.05504587155963303,0.9,8.858,2.064427545771725,5,5,1.0,0.03728813559322034,0.0,0.015174506828528073,0.03338391502276176,0.15326251896813353,0.5569044006069803,0.054628224582701064,0.1411229135053111,0.29742033383915023,0.5311077389984825,0.006069802731411229,0.012139605462822459,0.019726858877086494,0.1274658573596358,0.010622154779969651,0.03186646433990895,0.24430955993930198,0.9074355083459787,0.19641502276176026,9.9
Graph,GDN,gdn,,gdn_w1s,1.0,group_kfold_seg,0,2,trained,1.0,0.03186646433990895,0.11009174311926606,0.9,8.858,1.7669266312097482,5,5,1.0,0.061016949152542375,0.008241758241758242,0.012139605462822459,0.021244309559939303,0.13505311077389984,0.582701062215478,0.018209408194233688,0.03793626707132018,0.08649468892261002,0.40515933232169954,0.006069802731411229,0.006069802731411229,0.013657056145675266,0.07738998482549317,0.010622154779969651,0.03793626707132018,0.4946889226100152,0.9681335356600911,0.1820940819423369,11.4
Graph,MTAD-GAT,mtad_gat,,mtad_gat_w1s,1.0,group_kfold_seg,1,0,trained,0.9995957636025548,0.02304147465437788,0.04807692307692308,0.9,8.858,8.322798196792606,4,4,1.0,0.05067567567567568,0.0,0.010752688172043012,0.013824884792626729,0.1674347158218126,0.6927803379416283,0.02457757296466974,0.04915514592933948,0.19047619047619047,0.5453149001536098,0.010752688172043012,0.016897081413210446,0.030721966205837174,0.2626728110599078,0.010752688172043012,0.01228878648233487,0.1152073732718894,0.8847926267281107,0.18990015360983103,44.5
Graph,MTAD-GAT,mtad_gat,,mtad_gat_w1s,1.0,group_kfold_seg,1,1,trained,0.9997574581615328,0.02457757296466974,0.057692307692307696,0.9,8.858,8.23750765419008,4,4,1.0,0.05405405405405406,0.0,0.01228878648233487,0.016897081413210446,0.17511520737327188,0.7004608294930875,0.026113671274961597,0.05069124423963134,0.21505376344086022,0.5468509984639017,0.01228878648233487,0.019969278033794162,0.029185867895545316,0.2488479262672811,0.010752688172043012,0.01228878648233487,0.1490015360983103,0.9078341013824884,0.19585253456221197,41.3
Graph,MTAD-GAT,mtad_gat,,mtad_gat_w1s,1.0,group_kfold_seg,1,2,trained,0.9996766108820438,0.018433179723502304,0.04807692307692308,0.9,8.858,8.95471402931214,4,4,1.0,0.04054054054054054,0.0,0.010752688172043012,0.015360983102918587,0.15207373271889402,0.6912442396313364,0.019969278033794162,0.04915514592933948,0.19047619047619047,0.5391705069124424,0.013824884792626729,0.018433179723502304,0.030721966205837174,0.21505376344086022,0.010752688172043012,0.01228878648233487,0.08448540706605223,0.8571428571428571,0.18193164362519199,51.7
Graph,GDN,gdn,,gdn_w1s,1.0,group_kfold_seg,1,0,trained,0.9996766108820438,0.019969278033794162,0.07692307692307693,0.9,8.858,1.8889669316849917,4,4,1.0,0.04391891891891892,0.0,0.007680491551459293,0.013824884792626729,0.1152073732718894,0.5698924731182796,0.02304147465437788,0.05837173579109063,0.16589861751152074,0.44393241167434716,0.010752688172043012,0.010752688172043012,0.019969278033794162,0.11059907834101383,0.013824884792626729,0.015360983102918587,0.15821812596006143,0.8387096774193549,0.16100230414746544,19.1
Graph,GDN,gdn,,gdn_w1s,1.0,group_kfold_seg,1,1,trained,1.0,0.018433179723502304,0.07692307692307693,0.9,8.858,1.976553744596771,4,4,1.0,0.04054054054054054,0.0,0.010752688172043012,0.016897081413210446,0.130568356374808,0.5714285714285714,0.03533026113671275,0.07680491551459294,0.24731182795698925,0.49923195084485406,0.010752688172043012,0.015360983102918587,0.02304147465437788,0.11981566820276497,0.013824884792626729,0.026113671274961597,0.19508448540706605,0.8863287250384024,0.17991551459293392,18.9
Graph,GDN,gdn,,gdn_w1s,1.0,group_kfold_seg,1,2,trained,1.0,0.02457757296466974,0.07692307692307693,0.9,8.858,1.797669950649301,4,4,1.0,0.05067567567567568,0.0028169014084507044,0.010752688172043012,0.009216589861751152,0.10752688172043011,0.5483870967741935,0.01228878648233487,0.02304147465437788,0.055299539170506916,0.2903225806451613,0.010752688172043012,0.01228878648233487,0.015360983102918587,0.04915514592933948,0.007680491551459293,0.019969278033794162,0.45622119815668205,0.9738863287250384,0.16263440860215053,18.7
Graph,MTAD-GAT,mtad_gat,,mtad_gat_w1s,1.0,group_kfold_seg,2,0,trained,1.0,0.0,0.0,0.9,8.858,9.142491683483124,2,2,1.0,0.0,0.0,0.024311183144246355,0.2106969205834684,0.6515397082658023,0.7909238249594813,0.0713128038897893,0.22366288492706646,0.5072933549432739,0.8427876823338736,0.014586709886547812,0.03889789303079417,0.20421393841166938,0.6823338735818476,0.022690437601296597,0.22204213938411668,0.9303079416531604,1.0,0.40235008103727715,50.7
Graph,MTAD-GAT,mtad_gat,,mtad_gat_w1s,1.0,group_kfold_seg,2,1,trained,1.0,0.0,0.0,0.9,8.858,9.535912144660948,2,2,1.0,0.0,0.0,0.022690437601296597,0.16531604538087522,0.6191247974068071,0.7893030794165316,0.06807131280388978,0.22690437601296595,0.4878444084278768,0.8298217179902755,0.009724473257698542,0.017828200972447326,0.16045380875202594,0.6369529983792545,0.017828200972447326,0.17990275526742303,0.9059967585089141,0.9983792544570502,0.38350891410048626,52.1
Graph,MTAD-GAT,mtad_gat,,mtad_gat_w1s,1.0,group_kfold_seg,2,2,trained,1.0,0.0,0.0,0.9,8.858,9.102518089771266,2,2,1.0,0.0,0.0,0.024311183144246355,0.21555915721231766,0.6645056726094003,0.7925445705024311,0.07293354943273905,0.22852512155591573,0.5316045380875203,0.8703403565640194,0.017828200972447326,0.04213938411669368,0.1993517017828201,0.6952998379254457,0.02593192868719611,0.233387358184765,0.93354943273906,1.0,0.4092382495948136,51.5
Graph,GDN,gdn,,gdn_w1s,1.0,group_kfold_seg,2,0,trained,1.0,0.0,0.0,0.9,8.858,1.9707613723772017,2,2,1.0,0.0,0.0,0.011345218800648298,0.04862236628849271,0.3241491085899514,0.6790923824959482,0.03727714748784441,0.1166936790923825,0.30307941653160453,0.6547811993517018,0.006482982171799027,0.006482982171799027,0.029173419773095625,0.293354943273906,0.014586709886547812,0.04213938411669368,0.4813614262560778,0.9692058346839546,0.25111426256077796,12.9
Graph,GDN,gdn,,gdn_w1s,1.0,group_kfold_seg,2,1,trained,1.0,0.0032414910858995136,0.0196078431372549,0.9,8.858,2.017144625197316,2,2,1.0,0.009389671361502348,0.0,0.009724473257698542,0.027552674230145867,0.2366288492706645,0.6482982171799028,0.029173419773095625,0.1053484602917342,0.2852512155591572,0.5186385737439222,0.004862236628849271,0.0032414910858995136,0.0032414910858995136,0.14424635332252836,0.012965964343598054,0.02593192868719611,0.3727714748784441,0.9497568881685575,0.21110210696920584,18.3
Graph,GDN,gdn,,gdn_w1s,1.0,group_kfold_seg,2,2,trained,1.0,0.0016207455429497568,0.00980392156862745,0.9,8.858,1.9298429393790857,2,2,1.0,0.004694835680751174,0.0,0.024311183144246355,0.07293354943273905,0.39222042139384117,0.6920583468395461,0.024311183144246355,0.08589951377633712,0.28687196110210694,0.6904376012965965,0.011345218800648298,0.012965964343598054,0.03727714748784441,0.2625607779578606,0.027552674230145867,0.19286871961102106,0.8768233387358185,0.993517017828201,0.29274716369529985,18.2
Graph,MTAD-GAT,mtad_gat,,mtad_gat_w1s,1.0,group_kfold_seg,3,0,trained,1.0,0.005822416302765648,0.01818181818181818,0.9,8.858,9.054472465515117,3,3,1.0,0.014035087719298246,0.0,0.01455604075691412,0.02911208151382824,0.3915574963609898,0.7292576419213974,0.027656477438136828,0.08296943231441048,0.29839883551673946,0.6826783114992722,0.010189228529839884,0.01455604075691412,0.033478893740902474,0.43522561863173215,0.011644832605531296,0.024745269286754003,0.4410480349344978,0.9694323144104804,0.2622816593886463,41.5
Graph,MTAD-GAT,mtad_gat,,mtad_gat_w1s,1.0,group_kfold_seg,3,1,trained,0.9998015085351329,0.00727802037845706,0.01818181818181818,0.9,8.858,8.848864947318958,3,3,1.0,0.017543859649122806,0.0,0.013100436681222707,0.026200873362445413,0.34934497816593885,0.7263464337700145,0.027656477438136828,0.08879184861717612,0.3071324599708879,0.6768558951965066,0.00727802037845706,0.00727802037845706,0.026200873362445413,0.3508005822416303,0.01455604075691412,0.018922852983988356,0.3784570596797671,0.9665211062590975,0.24909024745269284,32.0
Graph,MTAD-GAT,mtad_gat,,mtad_gat_w1s,1.0,group_kfold_seg,3,2,trained,0.9998676723567553,0.005822416302765648,0.01818181818181818,0.9,8.858,9.161552828788718,3,3,1.0,0.014035087719298246,0.0,0.010189228529839884,0.026200873362445413,0.32023289665211063,0.7132459970887919,0.020378457059679767,0.07132459970887918,0.2794759825327511,0.6491994177583698,0.008733624454148471,0.011644832605531296,0.024745269286754003,0.34934497816593885,0.013100436681222707,0.01455604075691412,0.3435225618631732,0.9592430858806404,0.23844614264919944,33.4
Graph,GDN,gdn,,gdn_w1s,1.0,group_kfold_seg,3,0,trained,0.9998015085351329,0.005822416302765648,0.01818181818181818,0.9,8.858,1.9661132621824278,3,3,1.0,0.014035087719298246,0.0,0.01455604075691412,0.03202328966521106,0.25327510917030566,0.6273653566229985,0.03202328966521106,0.09606986899563319,0.28820960698689957,0.586608442503639,0.008733624454148471,0.011644832605531296,0.01601164483260553,0.2096069868995633,0.01601164483260553,0.036390101892285295,0.3508005822416303,0.9374090247452693,0.2197962154294032,10.6
Graph,GDN,gdn,,gdn_w1s,1.0,group_kfold_seg,3,1,trained,1.0,0.005822416302765648,0.01818181818181818,0.9,8.858,2.045558252925399,3,3,1.0,0.014035087719298246,0.0,0.011644832605531296,0.02911208151382824,0.2081513828238719,0.6157205240174672,0.033478893740902474,0.11062590975254731,0.3027656477438137,0.5735080058224163,0.00727802037845706,0.005822416302765648,0.010189228529839884,0.1222707423580786,0.010189228529839884,0.024745269286754003,0.2954876273653566,0.925764192139738,0.20542212518195047,9.8
Graph,GDN,gdn,,gdn_w1s,1.0,group_kfold_seg,3,2,trained,1.0,0.001455604075691412,0.00909090909090909,0.9,8.858,1.9014820731445077,3,3,1.0,0.0,0.0024875621890547263,0.013100436681222707,0.03056768558951965,0.2925764192139738,0.6506550218340611,0.021834061135371178,0.05240174672489083,0.2052401746724891,0.6098981077147017,0.008733624454148471,0.011644832605531296,0.01601164483260553,0.15429403202328967,0.011644832605531296,0.1339155749636099,0.7671033478893741,0.992721979621543,0.24827147016011647,19.0
Graph,MTAD-GAT,mtad_gat,,mtad_gat_w1s,1.0,group_kfold_seg,4,0,trained,1.0,0.0015384615384615385,0.009523809523809525,0.9,8.858,9.290077375888792,3,3,1.0,0.003003003003003003,0.0,0.018461538461538463,0.09846153846153846,0.5061538461538462,0.76,0.05076923076923077,0.14,0.4123076923076923,0.7430769230769231,0.013846153846153847,0.02,0.10153846153846154,0.5215384615384615,0.015384615384615385,0.06615384615384616,0.7015384615384616,0.9938461538461538,0.3226923076923077,17.5
Graph,MTAD-GAT,mtad_gat,,mtad_gat_w1s,1.0,group_kfold_seg,4,1,trained,1.0,0.0,0.0,0.9,8.858,9.520848953247052,3,3,1.0,0.0,0.0,0.015384615384615385,0.08307692307692308,0.47692307692307695,0.76,0.055384615384615386,0.13538461538461538,0.4046153846153846,0.7415384615384616,0.009230769230769232,0.02,0.08307692307692308,0.47692307692307695,0.013846153846153847,0.04,0.64,0.9938461538461538,0.3093269230769231,17.1
Graph,MTAD-GAT,mtad_gat,,mtad_gat_w1s,1.0,group_kfold_seg,4,2,trained,1.0,0.0015384615384615385,0.009523809523809525,0.9,8.858,9.256492258787151,3,3,1.0,0.003003003003003003,0.0,0.018461538461538463,0.0876923076923077,0.4969230769230769,0.7615384615384615,0.05384615384615385,0.15076923076923077,0.42615384615384616,0.7476923076923077,0.013846153846153847,0.018461538461538463,0.09538461538461539,0.536923076923077,0.015384615384615385,0.05076923076923077,0.68,0.9953846153846154,0.32182692307692307,15.0
Graph,GDN,gdn,,gdn_w1s,1.0,group_kfold_seg,4,0,trained,1.0,0.0015384615384615385,0.009523809523809525,0.9,8.858,2.007423723926261,3,3,1.0,0.003003003003003003,0.0,0.016923076923076923,0.06153846153846154,0.3030769230769231,0.6753846153846154,0.055384615384615386,0.14153846153846153,0.3569230769230769,0.676923076923077,0.010769230769230769,0.013846153846153847,0.04461538461538461,0.32,0.010769230769230769,0.05384615384615385,0.46615384615384614,0.9753846153846154,0.2614423076923077,5.5
Graph,GDN,gdn,,gdn_w1s,1.0,group_kfold_seg,4,1,trained,1.0,0.009230769230769232,0.047619047619047616,0.9,8.858,1.9982014448637615,3,3,1.0,0.018018018018018018,0.0,0.013846153846153847,0.04153846153846154,0.18769230769230769,0.6138461538461538,0.033846153846153845,0.08923076923076922,0.2846153846153846,0.5876923076923077,0.006153846153846154,0.006153846153846154,0.018461538461538463,0.14615384615384616,0.013846153846153847,0.024615384615384615,0.24,0.9215384615384615,0.20182692307692307,5.3
Graph,GDN,gdn,,gdn_w1s,1.0,group_kfold_seg,4,2,trained,1.0,0.004615384615384616,0.02857142857142857,0.9,8.858,1.8778257796064726,3,3,1.0,0.009009009009009009,0.0,0.012307692307692308,0.05692307692307692,0.30153846153846153,0.6753846153846154,0.03230769230769231,0.07384615384615385,0.24769230769230768,0.6815384615384615,0.006153846153846154,0.012307692307692308,0.023076923076923078,0.20923076923076922,0.016923076923076923,0.14,0.7953846153846154,0.9969230769230769,0.2675961538461539,18.7
Graph,MTAD-GAT,mtad_gat,,mtad_gat_w1s,1.0,time_block,1,0,trained,0.9990748355263158,0.014802631578947368,0.0392156862745098,0.9,8.858,6.686878508090972,17,17,0.9895833333333334,0.029508196721311476,0.0,0.008223684210526315,0.019736842105263157,0.24177631578947367,0.6891447368421053,0.02138157894736842,0.10855263157894737,0.36019736842105265,0.7105263157894737,0.009868421052631578,0.011513157894736841,0.018092105263157895,0.37335526315789475,0.013157894736842105,0.013157894736842105,0.05098684210526316,0.7648026315789473,0.2134046052631579,19.6
Graph,MTAD-GAT,mtad_gat,,mtad_gat_w1s,1.0,time_block,1,1,trained,0.9993146929824561,0.014802631578947368,0.0392156862745098,0.9,8.858,6.214127061307429,17,17,0.9895833333333334,0.029508196721311476,0.0,0.009868421052631578,0.03782894736842105,0.3157894736842105,0.7154605263157895,0.039473684210526314,0.14309210526315788,0.4128289473684211,0.7894736842105263,0.009868421052631578,0.011513157894736841,0.029605263157894735,0.5230263157894737,0.011513157894736841,0.01644736842105263,0.12828947368421054,0.8700657894736842,0.2540090460526316,6.2
Graph,MTAD-GAT,mtad_gat,,mtad_gat_w1s,1.0,time_block,1,2,trained,0.9990063048245614,0.01644736842105263,0.0392156862745098,0.9,8.858,6.711348858833311,17,17,0.9895833333333334,0.03278688524590164,0.0,0.011513157894736841,0.027960526315789474,0.27631578947368424,0.7105263157894737,0.03125,0.125,0.3651315789473684,0.7417763157894737,0.008223684210526315,0.009868421052631578,0.024671052631578948,0.4440789473684211,0.011513157894736841,0.014802631578947368,0.07894736842105263,0.7960526315789473,0.2298519736842105,5.5
Graph,GDN,gdn,,gdn_w1s,1.0,time_block,1,0,trained,0.9902515076754386,0.014802631578947368,0.0392156862745098,0.9,8.858,1.982473164062708,17,17,0.9270833333333334,0.029508196721311476,0.0,0.011513157894736841,0.018092105263157895,0.10197368421052631,0.5032894736842105,0.027960526315789474,0.08552631578947369,0.26644736842105265,0.4473684210526316,0.009868421052631578,0.008223684210526315,0.008223684210526315,0.02631578947368421,0.013157894736842105,0.01644736842105263,0.039473684210526314,0.4342105263157895,0.12613075657894737,2.2
Graph,GDN,gdn,,gdn_w1s,1.0,time_block,1,1,trained,0.9578707510964913,0.02138157894736842,0.08823529411764706,0.9,8.858,2.086796608935142,17,15,0.7708333333333334,0.04262295081967213,0.0,0.01644736842105263,0.02138157894736842,0.0805921052631579,0.4753289473684211,0.019736842105263157,0.05592105263157895,0.16611842105263158,0.40131578947368424,0.006578947368421052,0.006578947368421052,0.006578947368421052,0.013157894736842105,0.011513157894736841,0.011513157894736841,0.01644736842105263,0.05756578947368421,0.08542351973684212,4.7
Graph,GDN,gdn,,gdn_w1s,1.0,time_block,1,2,trained,0.994226288377193,0.01644736842105263,0.058823529411764705,0.9,8.858,1.9577293930892976,17,16,0.9375,0.03278688524590164,0.0,0.013157894736842105,0.019736842105263157,0.13486842105263158,0.5904605263157895,0.024671052631578948,0.05263157894736842,0.16282894736842105,0.53125,0.008223684210526315,0.008223684210526315,0.009868421052631578,0.07401315789473684,0.013157894736842105,0.013157894736842105,0.03618421052631579,0.41776315789473684,0.1318873355263158,6.0
Graph,MTAD-GAT,mtad_gat,,mtad_gat_w1s,1.0,time_block,2,0,trained,0.9997980613893377,0.01938610662358643,0.050505050505050504,0.9,8.858,7.632958568930547,17,17,1.0,0.040268456375838924,0.0,0.011308562197092083,0.033925686591276254,0.2988691437802908,0.7237479806138933,0.030694668820678513,0.0840064620355412,0.3053311793214863,0.6898222940226171,0.008077544426494346,0.008077544426494346,0.025848142164781908,0.34894991922455576,0.009693053311793215,0.012924071082390954,0.15508885298869143,0.8917609046849758,0.22738287560581583,25.9
Graph,MTAD-GAT,mtad_gat,,mtad_gat_w1s,1.0,time_block,2,1,trained,0.9998822024771136,0.017770597738287562,0.050505050505050504,0.9,8.858,6.752202798128115,17,17,1.0,0.03691275167785235,0.0,0.014539579967689823,0.0420032310177706,0.3376413570274637,0.7382875605815832,0.04038772213247173,0.10823909531502424,0.3408723747980614,0.7415185783521809,0.009693053311793215,0.009693053311793215,0.03715670436187399,0.44749596122778673,0.011308562197092083,0.014539579967689823,0.2568659127625202,0.9450726978998385,0.25595718901453957,18.3
Graph,MTAD-GAT,mtad_gat,,mtad_gat_w1s,1.0,time_block,2,2,trained,0.9996970920840065,0.024232633279483037,0.050505050505050504,0.9,8.858,6.298724448680853,17,17,1.0,0.050335570469798654,0.0,0.011308562197092083,0.03715670436187399,0.284329563812601,0.7269789983844911,0.029079159935379646,0.0888529886914378,0.3037156704361874,0.6882067851373183,0.008077544426494346,0.011308562197092083,0.029079159935379646,0.4087237479806139,0.012924071082390954,0.01615508885298869,0.14862681744749595,0.8885298869143781,0.23081583198707595,20.1
Graph,GDN,gdn,,gdn_w1s,1.0,time_block,2,0,trained,0.9993436995153473,0.0032310177705977385,0.020202020202020204,0.9,8.858,1.915308263070148,17,17,0.9583333333333334,0.006711409395973154,0.0,0.014539579967689823,0.03715670436187399,0.24232633279483037,0.6106623586429726,0.05492730210016155,0.1421647819063005,0.3554119547657512,0.617124394184168,0.008077544426494346,0.011308562197092083,0.01615508885298869,0.2148626817447496,0.017770597738287562,0.030694668820678513,0.2778675282714055,0.8982229402261712,0.22182956381260094,11.4
Graph,GDN,gdn,,gdn_w1s,1.0,time_block,2,1,trained,0.9998653742595585,0.012924071082390954,0.06060606060606061,0.9,8.858,1.9516518175207422,17,17,1.0,0.026845637583892617,0.0,0.01938610662358643,0.0420032310177706,0.22132471728594508,0.6591276252019386,0.048465266558966075,0.12924071082390953,0.32310177705977383,0.5896607431340872,0.004846526655896607,0.008077544426494346,0.012924071082390954,0.12439418416801293,0.009693053311793215,0.0210016155088853,0.13408723747980614,0.8174474959612278,0.19779886914378028,6.3
Graph,GDN,gdn,,gdn_w1s,1.0,time_block,2,2,trained,1.0,0.012924071082390954,0.050505050505050504,0.9,8.858,1.9174342988270943,17,17,1.0,0.026845637583892617,0.0,0.011308562197092083,0.029079159935379646,0.1777059773828756,0.6058158319870759,0.014539579967689823,0.024232633279483037,0.1050080775444265,0.5201938610662359,0.011308562197092083,0.011308562197092083,0.017770597738287562,0.09208400646203554,0.008077544426494346,0.024232633279483037,0.43618739903069464,0.9515347334410339,0.1900242326332795,11.3
Graph,MTAD-GAT,mtad_gat,,mtad_gat_w1s,1.0,time_block,3,0,trained,0.9999020376175548,0.0219435736677116,0.05555555555555555,0.9,8.858,8.079706045150708,17,17,1.0,0.04154302670623145,0.0,0.007836990595611285,0.023510971786833857,0.2727272727272727,0.6974921630094044,0.03918495297805643,0.08463949843260188,0.31504702194357365,0.6473354231974922,0.009404388714733543,0.014106583072100314,0.032915360501567396,0.2774294670846395,0.0109717868338558,0.014106583072100314,0.19905956112852666,0.9310344827586207,0.22355015673981188,35.4
Graph,MTAD-GAT,mtad_gat,,mtad_gat_w1s,1.0,time_block,3,1,trained,0.9998693834900731,0.025078369905956112,0.06481481481481481,0.9,8.858,8.013482942581176,17,17,1.0,0.04747774480712166,0.0,0.0109717868338558,0.017241379310344827,0.2664576802507837,0.700626959247649,0.03605015673981191,0.07993730407523511,0.3213166144200627,0.6442006269592476,0.009404388714733543,0.012539184952978056,0.03761755485893417,0.2852664576802508,0.0109717868338558,0.01567398119122257,0.14733542319749215,0.9184952978056427,0.2196316614420063,35.8
Graph,MTAD-GAT,mtad_gat,,mtad_gat_w1s,1.0,time_block,3,2,trained,0.9998204022988506,0.0219435736677116,0.05555555555555555,0.9,8.858,7.81377392339704,17,17,1.0,0.04154302670623145,0.0,0.009404388714733543,0.02664576802507837,0.274294670846395,0.7053291536050157,0.03761755485893417,0.08150470219435736,0.32601880877742945,0.664576802507837,0.007836990595611285,0.0109717868338558,0.04231974921630094,0.3275862068965517,0.0109717868338558,0.0219435736677116,0.20376175548589343,0.9294670846394985,0.2300156739811912,36.2
Graph,GDN,gdn,,gdn_w1s,1.0,time_block,3,0,trained,0.9995428422152559,0.0219435736677116,0.06481481481481481,0.9,8.858,1.8483174149569506,17,17,1.0,0.04154302670623145,0.0,0.012539184952978056,0.029780564263322883,0.1833855799373041,0.5689655172413793,0.04075235109717868,0.10658307210031348,0.28683385579937304,0.554858934169279,0.009404388714733543,0.007836990595611285,0.01567398119122257,0.16927899686520376,0.01567398119122257,0.029780564263322883,0.22570532915360503,0.8981191222570533,0.19719827586206898,4.4
Graph,GDN,gdn,,gdn_w1s,1.0,time_block,3,1,trained,0.9999673458725182,0.018808777429467086,0.07407407407407407,0.9,8.858,1.9014969698302924,17,17,1.0,0.03560830860534125,0.0,0.009404388714733543,0.034482758620689655,0.23197492163009403,0.6081504702194357,0.050156739811912224,0.13636363636363635,0.3432601880877743,0.6081504702194357,0.006269592476489028,0.007836990595611285,0.0219435736677116,0.11442006269592477,0.007836990595611285,0.032915360501567396,0.2084639498432602,0.8840125391849529,0.20660266457680246,4.6
Graph,GDN,gdn,,gdn_w1s,1.0,time_block,3,2,trained,1.0,0.007836990595611285,0.027777777777777776,0.9,8.858,1.858824369954984,17,17,1.0,0.01483679525222552,0.0,0.012539184952978056,0.034482758620689655,0.23824451410658307,0.6065830721003135,0.029780564263322883,0.05956112852664577,0.1724137931034483,0.5658307210031348,0.0109717868338558,0.014106583072100314,0.032915360501567396,0.14106583072100312,0.012539184952978056,0.07993730407523511,0.6692789968652038,0.987460815047022,0.22923197492163008,4.1
Graph,MTAD-GAT,mtad_gat,,mtad_gat_w1s,1.0,time_block,4,0,trained,0.9999054462934946,0.0045385779122541605,0.009259259259259259,0.9,8.858,8.263928580999378,17,17,1.0,0.028846153846153848,0.0,0.015128593040847202,0.09984871406959153,0.5960665658093798,0.7806354009077155,0.02723146747352496,0.07110438729198185,0.1815431164901664,0.5885022692889561,0.015128593040847202,0.02723146747352496,0.07261724659606657,0.42511346444780634,0.015128593040847202,0.11043872919818457,0.8774583963691377,1.0,0.30644856278366117,14.8
Graph,MTAD-GAT,mtad_gat,,mtad_gat_w1s,1.0,time_block,4,1,trained,0.9999212052445788,0.006051437216338881,0.009259259259259259,0.9,8.858,8.158083320617676,17,17,1.0,0.038461538461538464,0.0,0.015128593040847202,0.10892586989409984,0.6127080181543116,0.7851739788199698,0.03177004538577912,0.07866868381240545,0.1951588502269289,0.5990922844175491,0.01361573373676248,0.024205748865355523,0.08018154311649017,0.3857791225416036,0.01361573373676248,0.1346444780635401,0.9122541603630863,1.0,0.3119326777609682,15.6
Graph,MTAD-GAT,mtad_gat,,mtad_gat_w1s,1.0,time_block,4,2,trained,0.9998896873424105,0.006051437216338881,0.009259259259259259,0.9,8.858,8.35182869768143,17,17,1.0,0.038461538461538464,0.0,0.015128593040847202,0.1043872919818457,0.6081694402420574,0.7806354009077155,0.03177004538577912,0.06959152798789713,0.17851739788199697,0.5990922844175491,0.012102874432677761,0.028744326777609682,0.07564296520423601,0.4084720121028744,0.01361573373676248,0.10136157337367625,0.8895612708018155,1.0,0.3072995461422088,20.0
Graph,GDN,gdn,,gdn_w1s,1.0,time_block,4,0,trained,0.9999054462934946,0.0045385779122541605,0.009259259259259259,0.9,8.858,1.8396076141539923,17,17,1.0,0.028846153846153848,0.0,0.012102874432677761,0.03328290468986384,0.2723146747352496,0.670196671709531,0.02118003025718608,0.05143721633888049,0.13161875945537066,0.37972768532526474,0.009077155824508321,0.01059001512859304,0.019667170953101363,0.19213313161875945,0.01664145234493192,0.048411497730711045,0.6248108925869894,0.9909228441754917,0.21775718608169442,7.1
Graph,GDN,gdn,,gdn_w1s,1.0,time_block,4,1,trained,0.9999842410489158,0.0030257186081694403,0.009259259259259259,0.9,8.858,1.8764045345511506,17,17,1.0,0.019230769230769232,0.0,0.012102874432677761,0.030257186081694403,0.24508320726172467,0.6641452344931922,0.025718608169440244,0.049924357034795766,0.12556732223903178,0.30257186081694404,0.01059001512859304,0.012102874432677761,0.01664145234493192,0.11649016641452345,0.02118003025718608,0.059001512859304085,0.632375189107413,0.9954614220877458,0.20745083207261727,5.3
Graph,GDN,gdn,,gdn_w1s,1.0,time_block,4,2,trained,1.0,0.01059001512859304,0.046296296296296294,0.9,8.858,1.9099400832495743,17,17,1.0,0.028846153846153848,0.00718132854578097,0.01059001512859304,0.01059001512859304,0.19062027231467474,0.6202723146747352,0.01361573373676248,0.01664145234493192,0.05143721633888049,0.22239031770045387,0.01059001512859304,0.01059001512859304,0.01361573373676248,0.0680786686838124,0.012102874432677761,0.057488653555219364,0.7488653555219364,0.9939485627836612,0.19071482602118003,10.2
Graph,MTAD-GAT,mtad_gat,,mtad_gat_w2s,2.0,group_kfold_seg,0,0,trained,1.0,0.037444933920704845,0.05747126436781609,1.9,9.858,7.358640146136283,3,3,1.0,0.08133971291866028,0.0,0.00881057268722467,0.01762114537444934,0.11894273127753303,0.8083700440528634,0.028634361233480177,0.06387665198237885,0.2444933920704846,0.6123348017621145,0.015418502202643172,0.019823788546255508,0.037444933920704845,0.24008810572687225,0.015418502202643172,0.022026431718061675,0.05726872246696035,0.973568281938326,0.20525881057268724,14.8
Graph,MTAD-GAT,mtad_gat,,mtad_gat_w2s,2.0,group_kfold_seg,0,1,trained,1.0,0.037444933920704845,0.05747126436781609,1.9,9.858,7.502221306681631,3,3,1.0,0.08133971291866028,0.0,0.013215859030837005,0.015418502202643172,0.1277533039647577,0.8127753303964758,0.030837004405286344,0.06828193832599119,0.2533039647577093,0.6277533039647577,0.013215859030837005,0.015418502202643172,0.03524229074889868,0.29295154185022027,0.013215859030837005,0.015418502202643172,0.05947136563876652,0.9779735682819384,0.21076541850220262,14.7
Graph,MTAD-GAT,mtad_gat,,mtad_gat_w2s,2.0,group_kfold_seg,0,2,trained,1.0,0.03524229074889868,0.05747126436781609,1.9,9.858,7.491094987630844,3,3,1.0,0.07655502392344497,0.0,0.013215859030837005,0.015418502202643172,0.11894273127753303,0.8083700440528634,0.030837004405286344,0.06167400881057269,0.23788546255506607,0.5638766519823789,0.013215859030837005,0.01762114537444934,0.03524229074889868,0.20704845814977973,0.013215859030837005,0.015418502202643172,0.03303964757709251,0.9427312775330396,0.19548458149779735,14.1
Graph,GDN,gdn,,gdn_w2s,2.0,group_kfold_seg,0,0,trained,0.9996696035242291,0.04185022026431718,0.08045977011494253,1.9,9.858,1.7179500919822632,3,3,1.0,0.0861244019138756,0.004081632653061225,0.011013215859030838,0.01762114537444934,0.13876651982378854,0.6519823788546255,0.03303964757709251,0.09691629955947137,0.28193832599118945,0.5440528634361234,0.011013215859030838,0.013215859030837005,0.022026431718061675,0.16299559471365638,0.013215859030837005,0.019823788546255508,0.23127753303964757,0.9779735682819384,0.2016795154185022,5.1
Graph,GDN,gdn,,gdn_w2s,2.0,group_kfold_seg,0,1,trained,1.0,0.03303964757709251,0.08045977011494253,1.9,9.858,1.8858359276364944,3,3,1.0,0.07177033492822966,0.0,0.011013215859030838,0.019823788546255508,0.14977973568281938,0.6806167400881057,0.048458149779735685,0.14096916299559473,0.33480176211453744,0.5682819383259912,0.011013215859030838,0.019823788546255508,0.024229074889867842,0.1277533039647577,0.015418502202643172,0.022026431718061675,0.2511013215859031,0.9933920704845814,0.21365638766519823,4.6
Graph,GDN,gdn,,gdn_w2s,2.0,group_kfold_seg,0,2,trained,1.0,0.02643171806167401,0.08045977011494253,1.9,9.858,1.6920957978459625,3,3,1.0,0.05741626794258373,0.0,0.011013215859030838,0.02643171806167401,0.17400881057268722,0.7158590308370044,0.022026431718061675,0.05726872246696035,0.15418502202643172,0.566079295154185,0.013215859030837005,0.015418502202643172,0.037444933920704845,0.13215859030837004,0.013215859030837005,0.048458149779735685,0.7533039647577092,1.0,0.23375550660792954,4.9
Graph,MTAD-GAT,mtad_gat,,mtad_gat_w2s,2.0,group_kfold_seg,1,0,trained,1.0,0.017660044150110375,0.0449438202247191,1.9,9.858,8.331798952817916,2,2,1.0,0.0380952380952381,0.0,0.011037527593818985,0.011037527593818985,0.18763796909492272,0.8410596026490066,0.02207505518763797,0.06181015452538632,0.2097130242825607,0.5849889624724062,0.013245033112582781,0.013245033112582781,0.033112582781456956,0.293598233995585,0.011037527593818985,0.011037527593818985,0.0706401766004415,0.9713024282560706,0.20916114790286977,14.7
Graph,MTAD-GAT,mtad_gat,,mtad_gat_w2s,2.0,group_kfold_seg,1,1,trained,1.0,0.019867549668874173,0.033707865168539325,1.9,9.858,8.177967339754105,2,2,1.0,0.04285714285714286,0.0,0.011037527593818985,0.011037527593818985,0.141280353200883,0.8233995584988962,0.017660044150110375,0.046357615894039736,0.1986754966887417,0.5695364238410596,0.013245033112582781,0.013245033112582781,0.02869757174392936,0.20088300220750552,0.011037527593818985,0.011037527593818985,0.039735099337748346,0.9536423841059603,0.19315673289183222,14.5
Graph,MTAD-GAT,mtad_gat,,mtad_gat_w2s,2.0,group_kfold_seg,1,2,trained,1.0,0.02207505518763797,0.033707865168539325,1.9,9.858,8.067320330937703,2,2,1.0,0.047619047619047616,0.0,0.011037527593818985,0.011037527593818985,0.17660044150110377,0.8432671081677704,0.019867549668874173,0.0640176600441501,0.2119205298013245,0.5805739514348786,0.013245033112582781,0.013245033112582781,0.03532008830022075,0.26048565121412803,0.011037527593818985,0.013245033112582781,0.0728476821192053,0.9646799116997793,0.20640176600441498,14.7
Graph,GDN,gdn,,gdn_w2s,2.0,group_kfold_seg,1,0,trained,1.0,0.02207505518763797,0.056179775280898875,1.9,9.858,1.713602855687477,2,2,1.0,0.047619047619047616,0.0,0.011037527593818985,0.013245033112582781,0.1434878587196468,0.6335540838852097,0.017660044150110375,0.04856512141280353,0.18984547461368653,0.4768211920529801,0.008830022075055188,0.008830022075055188,0.01545253863134658,0.11920529801324503,0.013245033112582781,0.01545253863134658,0.17439293598233996,0.9602649006622517,0.17811810154525387,4.6
Graph,GDN,gdn,,gdn_w2s,2.0,group_kfold_seg,1,1,trained,1.0,0.024282560706401765,0.06741573033707865,1.9,9.858,1.8342876946468667,2,2,1.0,0.05238095238095238,0.0,0.017660044150110375,0.02207505518763797,0.152317880794702,0.6887417218543046,0.046357615894039736,0.09933774834437085,0.271523178807947,0.5364238410596026,0.011037527593818985,0.011037527593818985,0.01545253863134658,0.11479028697571744,0.011037527593818985,0.017660044150110375,0.2185430463576159,0.9646799116997793,0.19991721854304637,4.7
Graph,GDN,gdn,,gdn_w2s,2.0,group_kfold_seg,1,2,trained,1.0,0.017660044150110375,0.056179775280898875,1.9,9.858,1.6916665996270277,2,2,1.0,0.0380952380952381,0.0,0.011037527593818985,0.01545253863134658,0.16777041942604856,0.6997792494481236,0.01545253863134658,0.033112582781456956,0.10375275938189846,0.4746136865342163,0.011037527593818985,0.011037527593818985,0.01545253863134658,0.09492273730684327,0.013245033112582781,0.033112582781456956,0.7593818984547461,1.0,0.21619757174392937,4.8
Graph,MTAD-GAT,mtad_gat,,mtad_gat_w2s,2.0,group_kfold_seg,2,0,trained,1.0,0.0,0.0,1.9,9.858,8.30489735857646,2,2,1.0,0.0,0.0,0.04481132075471698,0.29245283018867924,0.8207547169811321,0.9198113207547169,0.10849056603773585,0.2783018867924528,0.5943396226415094,0.9339622641509434,0.018867924528301886,0.0660377358490566,0.31839622641509435,0.7641509433962265,0.03773584905660377,0.42452830188679247,0.9787735849056604,1.0,0.47508844339622647,15.7
Graph,MTAD-GAT,mtad_gat,,mtad_gat_w2s,2.0,group_kfold_seg,2,1,trained,1.0,0.0,0.0,1.9,9.858,8.428285290221378,2,2,1.0,0.0,0.0,0.04716981132075472,0.3113207547169811,0.8325471698113207,0.9198113207547169,0.1509433962264151,0.32547169811320753,0.6108490566037735,0.9481132075471698,0.014150943396226415,0.05188679245283019,0.3136792452830189,0.7712264150943396,0.0330188679245283,0.49764150943396224,0.9952830188679245,1.0,0.48894457547169806,15.4
Graph,MTAD-GAT,mtad_gat,,mtad_gat_w2s,2.0,group_kfold_seg,2,2,trained,1.0,0.0,0.0,1.9,9.858,8.685578528091312,2,2,1.0,0.0,0.0,0.06132075471698113,0.33490566037735847,0.839622641509434,0.9198113207547169,0.15330188679245282,0.3632075471698113,0.6415094339622641,0.9716981132075472,0.02830188679245283,0.07311320754716981,0.3466981132075472,0.7995283018867925,0.054245283018867926,0.5070754716981132,0.9787735849056604,1.0,0.5045695754716981,15.2
Graph,GDN,gdn,,gdn_w2s,2.0,group_kfold_seg,2,0,trained,1.0,0.0,0.0,1.9,9.858,1.875708481066044,2,2,1.0,0.0,0.0,0.01650943396226415,0.07547169811320754,0.4339622641509434,0.8113207547169812,0.07311320754716981,0.16273584905660377,0.3867924528301887,0.7759433962264151,0.01179245283018868,0.009433962264150943,0.02358490566037736,0.41745283018867924,0.02358490566037736,0.07783018867924528,0.7452830188679245,0.9976415094339622,0.31515330188679247,5.3
Graph,GDN,gdn,,gdn_w2s,2.0,group_kfold_seg,2,1,trained,1.0,0.0023584905660377358,0.011627906976744186,1.9,9.858,1.893262741454598,2,2,1.0,0.007042253521126761,0.0,0.02122641509433962,0.0589622641509434,0.38207547169811323,0.8254716981132075,0.08254716981132075,0.16745283018867924,0.33962264150943394,0.6108490566037735,0.0023584905660377358,0.0023584905660377358,0.0047169811320754715,0.22877358490566038,0.02358490566037736,0.08962264150943396,0.6297169811320755,0.9976415094339622,0.279186320754717,5.2
Graph,GDN,gdn,,gdn_w2s,2.0,group_kfold_seg,2,2,trained,1.0,0.0,0.0,1.9,9.858,1.7016364133976911,2,2,1.0,0.0,0.0,0.0330188679245283,0.12264150943396226,0.6037735849056604,0.8726415094339622,0.07075471698113207,0.18160377358490565,0.5047169811320755,0.8372641509433962,0.014150943396226415,0.01650943396226415,0.0660377358490566,0.44339622641509435,0.05188679245283019,0.4221698113207547,0.9764150943396226,1.0,0.38856132075471694,5.2
Graph,MTAD-GAT,mtad_gat,,mtad_gat_w2s,2.0,group_kfold_seg,3,0,trained,1.0,0.00631578947368421,0.02040816326530612,1.9,9.858,8.610497481107714,3,3,1.0,0.015228426395939087,0.0,0.014736842105263158,0.031578947368421054,0.37473684210526315,0.8610526315789474,0.02526315789473684,0.07578947368421053,0.30105263157894735,0.6778947368421052,0.010526315789473684,0.01263157894736842,0.031578947368421054,0.4421052631578947,0.01263157894736842,0.016842105263157894,0.44842105263157894,0.991578947368421,0.27052631578947367,14.7
Graph,MTAD-GAT,mtad_gat,,mtad_gat_w2s,2.0,group_kfold_seg,3,1,trained,1.0,0.004210526315789474,0.02040816326530612,1.9,9.858,8.567480562925342,3,3,1.0,0.01015228426395939,0.0,0.010526315789473684,0.029473684210526315,0.3705263157894737,0.8568421052631578,0.02526315789473684,0.08,0.32,0.6757894736842105,0.00631578947368421,0.00631578947368421,0.02736842105263158,0.3936842105263158,0.014736842105263158,0.016842105263157894,0.4231578947368421,0.991578947368421,0.26552631578947367,14.2
Graph,MTAD-GAT,mtad_gat,,mtad_gat_w2s,2.0,group_kfold_seg,3,2,trained,1.0,0.002105263157894737,0.01020408163265306,1.9,9.858,8.656184647858144,3,3,1.0,0.005076142131979695,0.0,0.014736842105263158,0.035789473684210524,0.40842105263157896,0.8673684210526316,0.02736842105263158,0.09473684210526316,0.33263157894736844,0.7157894736842105,0.008421052631578947,0.01263157894736842,0.035789473684210524,0.45052631578947366,0.016842105263157894,0.016842105263157894,0.4652631578947368,0.9957894736842106,0.28118421052631576,14.8
Graph,GDN,gdn,,gdn_w2s,2.0,group_kfold_seg,3,0,trained,1.0,0.00631578947368421,0.01020408163265306,1.9,9.858,1.8078322064940664,3,3,1.0,0.015228426395939087,0.0,0.016842105263157894,0.04631578947368421,0.27578947368421053,0.7242105263157895,0.05894736842105263,0.11789473684210526,0.32842105263157895,0.6673684210526316,0.008421052631578947,0.00631578947368421,0.016842105263157894,0.2736842105263158,0.01263157894736842,0.04421052631578947,0.47157894736842104,0.9894736842105263,0.2536842105263158,5.0
Graph,GDN,gdn,,gdn_w2s,2.0,group_kfold_seg,3,1,trained,1.0,0.00631578947368421,0.01020408163265306,1.9,9.858,1.8904456993061334,3,3,1.0,0.015228426395939087,0.0,0.016842105263157894,0.04842105263157895,0.2968421052631579,0.7389473684210527,0.056842105263157895,0.16,0.3368421052631579,0.6294736842105263,0.00631578947368421,0.00631578947368421,0.01263157894736842,0.16842105263157894,0.018947368421052633,0.042105263157894736,0.48,0.9873684210526316,0.2503947368421053,5.0
Graph,GDN,gdn,,gdn_w2s,2.0,group_kfold_seg,3,2,trained,1.0,0.0,0.0,1.9,9.858,1.7076534332459503,3,3,1.0,0.0,0.0,0.010526315789473684,0.03368421052631579,0.35789473684210527,0.7747368421052632,0.018947368421052633,0.06736842105263158,0.2673684210526316,0.7073684210526315,0.008421052631578947,0.008421052631578947,0.016842105263157894,0.20842105263157895,0.014736842105263158,0.20210526315789473,0.9010526315789473,1.0,0.2873684210526316,4.8
Graph,MTAD-GAT,mtad_gat,,mtad_gat_w2s,2.0,group_kfold_seg,4,0,trained,1.0,0.0,0.0,1.9,9.858,8.485778583685565,3,3,1.0,0.0,0.0,0.022321428571428572,0.13169642857142858,0.6808035714285714,0.8816964285714286,0.0625,0.20982142857142858,0.53125,0.8013392857142857,0.013392857142857142,0.026785714285714284,0.14955357142857142,0.6741071428571429,0.013392857142857142,0.11160714285714286,0.9441964285714286,1.0,0.3909040178571429,14.4
Graph,MTAD-GAT,mtad_gat,,mtad_gat_w2s,2.0,group_kfold_seg,4,1,trained,1.0,0.0,0.0,1.9,9.858,9.021227334141738,3,3,1.0,0.0,0.0,0.020089285714285716,0.10714285714285714,0.6495535714285714,0.8794642857142857,0.08482142857142858,0.203125,0.5245535714285714,0.8191964285714286,0.011160714285714286,0.024553571428571428,0.12053571428571429,0.640625,0.017857142857142856,0.09821428571428571,0.9174107142857143,1.0,0.3823939732142857,14.4
Graph,MTAD-GAT,mtad_gat,,mtad_gat_w2s,2.0,group_kfold_seg,4,2,trained,1.0,0.0,0.0,1.9,9.858,8.765983417232842,3,3,1.0,0.0,0.0,0.017857142857142856,0.125,0.6741071428571429,0.8816964285714286,0.078125,0.19196428571428573,0.5111607142857143,0.8169642857142857,0.013392857142857142,0.024553571428571428,0.14732142857142858,0.6696428571428571,0.015625,0.08705357142857142,0.9285714285714286,1.0,0.38643973214285715,14.9
Graph,GDN,gdn,,gdn_w2s,2.0,group_kfold_seg,4,0,trained,1.0,0.0,0.0,1.9,9.858,1.8573663358751935,3,3,1.0,0.0,0.0,0.015625,0.05803571428571429,0.375,0.78125,0.06696428571428571,0.17410714285714285,0.42857142857142855,0.7321428571428571,0.013392857142857142,0.022321428571428572,0.05803571428571429,0.390625,0.020089285714285716,0.078125,0.6004464285714286,0.9955357142857143,0.3006417410714286,5.2
Graph,GDN,gdn,,gdn_w2s,2.0,group_kfold_seg,4,1,trained,1.0,0.002232142857142857,0.010869565217391304,1.9,9.858,1.9049516163336764,3,3,1.0,0.004366812227074236,0.0,0.011160714285714286,0.03794642857142857,0.26339285714285715,0.7254464285714286,0.060267857142857144,0.171875,0.40848214285714285,0.6540178571428571,0.002232142857142857,0.002232142857142857,0.013392857142857142,0.20089285714285715,0.020089285714285716,0.05357142857142857,0.47098214285714285,0.9977678571428571,0.255859375,4.9
Graph,GDN,gdn,,gdn_w2s,2.0,group_kfold_seg,4,2,trained,1.0,0.002232142857142857,0.010869565217391304,1.9,9.858,1.6810048379505746,3,3,1.0,0.004366812227074236,0.0,0.017857142857142856,0.06919642857142858,0.5066964285714286,0.8236607142857143,0.05357142857142857,0.12276785714285714,0.41517857142857145,0.7767857142857143,0.013392857142857142,0.013392857142857142,0.024553571428571428,0.3325892857142857,0.04241071428571429,0.3325892857142857,0.9799107142857143,1.0,0.3452845982142857,5.3
Graph,MTAD-GAT,mtad_gat,,mtad_gat_w2s,2.0,time_block,1,0,trained,0.9997693992851379,0.009685230024213076,0.023529411764705882,1.9,9.858,6.230715512275692,13,13,1.0,0.01932367149758454,0.0,0.014527845036319613,0.07263922518159806,0.47699757869249393,0.8692493946731235,0.07506053268765134,0.25907990314769974,0.5108958837772397,0.8983050847457628,0.009685230024213076,0.009685230024213076,0.03631961259079903,0.6997578692493946,0.012106537530266344,0.021791767554479417,0.22760290556900725,0.9903147699757869,0.324001210653753,6.0
Graph,MTAD-GAT,mtad_gat,,mtad_gat_w2s,2.0,time_block,1,1,trained,0.9998462661900918,0.007263922518159807,0.011764705882352941,1.9,9.858,6.095281231582159,13,13,1.0,0.014492753623188406,0.0,0.021791767554479417,0.08958837772397095,0.5302663438256658,0.8716707021791767,0.10411622276029056,0.2784503631961259,0.585956416464891,0.9200968523002422,0.012106537530266344,0.012106537530266344,0.0847457627118644,0.7723970944309927,0.014527845036319613,0.029055690072639227,0.34624697336561744,1.0,0.3545702179176755,6.0
Graph,MTAD-GAT,mtad_gat,,mtad_gat_w2s,2.0,time_block,1,2,trained,0.9996925323801837,0.007263922518159807,0.011764705882352941,1.9,9.858,6.7120986378192855,13,13,1.0,0.014492753623188406,0.0,0.014527845036319613,0.07263922518159806,0.4552058111380145,0.8619854721549637,0.06537530266343826,0.24455205811138014,0.47699757869249393,0.8861985472154964,0.007263922518159807,0.009685230024213076,0.03631961259079903,0.6949152542372882,0.009685230024213076,0.014527845036319613,0.15254237288135594,0.9903147699757869,0.312046004842615,5.8
Graph,GDN,gdn,,gdn_w2s,2.0,time_block,1,0,trained,0.9943118490333986,0.007263922518159807,0.011764705882352941,1.9,9.858,1.7780355137616062,13,13,0.9365079365079365,0.014492753623188406,0.0,0.012106537530266344,0.029055690072639227,0.18159806295399517,0.6997578692493946,0.04116222760290557,0.12590799031476999,0.3075060532687651,0.5835351089588378,0.007263922518159807,0.007263922518159807,0.012106537530266344,0.06295399515738499,0.012106537530266344,0.012106537530266344,0.026634382566585957,0.39951573849878935,0.1575363196125908,2.1
Graph,GDN,gdn,,gdn_w2s,2.0,time_block,1,1,trained,0.991352473192667,0.021791767554479417,0.058823529411764705,1.9,9.858,1.8708047460403923,13,13,0.8888888888888888,0.043478260869565216,0.0,0.014527845036319613,0.031476997578692496,0.15254237288135594,0.6416464891041163,0.04116222760290557,0.13801452784503632,0.3075060532687651,0.48184019370460046,0.009685230024213076,0.007263922518159807,0.007263922518159807,0.014527845036319613,0.01694915254237288,0.01937046004842615,0.031476997578692496,0.14769975786924938,0.12893462469733658,2.1
Graph,GDN,gdn,,gdn_w2s,2.0,time_block,1,2,trained,0.9992697644029364,0.009685230024213076,0.023529411764705882,1.9,9.858,1.7631502528944727,13,13,1.0,0.01932367149758454,0.0,0.01694915254237288,0.04600484261501211,0.2542372881355932,0.7820823244552058,0.04600484261501211,0.10411622276029056,0.36803874092009686,0.7312348668280871,0.009685230024213076,0.007263922518159807,0.007263922518159807,0.15738498789346247,0.012106537530266344,0.01937046004842615,0.1016949152542373,0.7627118644067796,0.21413438256658593,1.9
Graph,MTAD-GAT,mtad_gat,,mtad_gat_w2s,2.0,time_block,2,0,trained,1.0,0.02112676056338028,0.034482758620689655,1.9,9.858,6.450442540645594,13,13,1.0,0.043689320388349516,0.0,0.01643192488262911,0.03990610328638498,0.42018779342723006,0.8967136150234741,0.04460093896713615,0.12910798122065728,0.3685446009389671,0.8004694835680751,0.009389671361502348,0.009389671361502348,0.03051643192488263,0.5023474178403756,0.014084507042253521,0.018779342723004695,0.23943661971830985,0.9953051643192489,0.2834507042253521,8.7
Graph,MTAD-GAT,mtad_gat,,mtad_gat_w2s,2.0,time_block,2,1,trained,1.0,0.01643192488262911,0.022988505747126436,1.9,9.858,6.399138029098509,13,13,1.0,0.03398058252427184,0.0,0.01643192488262911,0.04460093896713615,0.4413145539906103,0.9014084507042254,0.046948356807511735,0.11737089201877934,0.38497652582159625,0.812206572769953,0.009389671361502348,0.009389671361502348,0.04225352112676056,0.5469483568075117,0.011737089201877934,0.018779342723004695,0.3427230046948357,1.0,0.29665492957746475,8.6
Graph,MTAD-GAT,mtad_gat,,mtad_gat_w2s,2.0,time_block,2,2,trained,1.0,0.02112676056338028,0.034482758620689655,1.9,9.858,6.44728007745742,13,13,1.0,0.043689320388349516,0.0,0.014084507042253521,0.035211267605633804,0.4061032863849765,0.8943661971830986,0.04460093896713615,0.12206572769953052,0.352112676056338,0.7746478873239436,0.011737089201877934,0.011737089201877934,0.03286384976525822,0.5164319248826291,0.014084507042253521,0.018779342723004695,0.18309859154929578,0.9906103286384976,0.2764084507042254,9.0
Graph,GDN,gdn,,gdn_w2s,2.0,time_block,2,0,trained,1.0,0.011737089201877934,0.034482758620689655,1.9,9.858,1.729230963968498,13,13,1.0,0.024271844660194174,0.0,0.011737089201877934,0.018779342723004695,0.2887323943661972,0.7370892018779343,0.06572769953051644,0.1807511737089202,0.37089201877934275,0.6525821596244131,0.009389671361502348,0.009389671361502348,0.014084507042253521,0.22535211267605634,0.014084507042253521,0.023474178403755867,0.3215962441314554,0.9906103286384976,0.24589201877934272,3.0
Graph,GDN,gdn,,gdn_w2s,2.0,time_block,2,1,trained,1.0,0.02112676056338028,0.08045977011494253,1.9,9.858,1.8195060327245067,13,13,1.0,0.043689320388349516,0.0,0.01643192488262911,0.051643192488262914,0.33568075117370894,0.8192488262910798,0.09859154929577464,0.22535211267605634,0.3755868544600939,0.6408450704225352,0.004694835680751174,0.004694835680751174,0.01643192488262911,0.1267605633802817,0.009389671361502348,0.025821596244131457,0.18779342723004694,0.9530516431924883,0.2432511737089202,2.9
Graph,GDN,gdn,,gdn_w2s,2.0,time_block,2,2,trained,1.0,0.011737089201877934,0.05747126436781609,1.9,9.858,1.7102935909215644,13,13,1.0,0.024271844660194174,0.0,0.014084507042253521,0.03990610328638498,0.352112676056338,0.8075117370892019,0.04460093896713615,0.07746478873239436,0.30985915492957744,0.7629107981220657,0.009389671361502348,0.011737089201877934,0.028169014084507043,0.2676056338028169,0.011737089201877934,0.03990610328638498,0.6103286384976526,0.9953051643192489,0.27391431924882625,3.5
Graph,MTAD-GAT,mtad_gat,,mtad_gat_w2s,2.0,time_block,3,0,trained,1.0,0.02304147465437788,0.04395604395604396,1.9,9.858,7.171419391155176,13,13,1.0,0.043859649122807015,0.0,0.016129032258064516,0.04608294930875576,0.3847926267281106,0.8502304147465438,0.055299539170506916,0.11059907834101383,0.35023041474654376,0.695852534562212,0.009216589861751152,0.016129032258064516,0.04838709677419355,0.4078341013824885,0.013824884792626729,0.02534562211981567,0.2857142857142857,0.9953917050691244,0.2694412442396313,11.8
Graph,MTAD-GAT,mtad_gat,,mtad_gat_w2s,2.0,time_block,3,1,trained,1.0,0.018433179723502304,0.04395604395604396,1.9,9.858,7.630876303275374,13,13,1.0,0.03508771929824561,0.0,0.009216589861751152,0.05069124423963134,0.37557603686635943,0.8525345622119815,0.05069124423963134,0.11290322580645161,0.3686635944700461,0.7119815668202765,0.0069124423963133645,0.016129032258064516,0.05069124423963134,0.41705069124423966,0.020737327188940093,0.03225806451612903,0.30414746543778803,0.9953917050691244,0.27347350230414746,11.9
Graph,MTAD-GAT,mtad_gat,,mtad_gat_w2s,2.0,time_block,3,2,trained,1.0,0.02304147465437788,0.04395604395604396,1.9,9.858,6.995485378861362,13,13,1.0,0.043859649122807015,0.0,0.009216589861751152,0.03917050691244239,0.35714285714285715,0.8502304147465438,0.04838709677419355,0.10599078341013825,0.35944700460829493,0.7211981566820277,0.01152073732718894,0.013824884792626729,0.04377880184331797,0.42626728110599077,0.01152073732718894,0.02534562211981567,0.26497695852534564,0.9907834101382489,0.2674251152073733,11.9
Graph,GDN,gdn,,gdn_w2s,2.0,time_block,3,0,trained,1.0,0.020737327188940093,0.04395604395604396,1.9,9.858,1.677243346018493,13,13,1.0,0.039473684210526314,0.0,0.016129032258064516,0.02534562211981567,0.1728110599078341,0.6474654377880185,0.03225806451612903,0.14746543778801843,0.3064516129032258,0.5898617511520737,0.0069124423963133645,0.009216589861751152,0.013824884792626729,0.15668202764976957,0.01152073732718894,0.027649769585253458,0.2557603686635945,0.9746543778801844,0.21212557603686635,4.3
Graph,GDN,gdn,,gdn_w2s,2.0,time_block,3,1,trained,1.0,0.03225806451612903,0.06593406593406594,1.9,9.858,1.7443109943608528,13,13,1.0,0.06140350877192982,0.0,0.016129032258064516,0.052995391705069124,0.24423963133640553,0.7327188940092166,0.07373271889400922,0.20276497695852536,0.37557603686635943,0.631336405529954,0.0069124423963133645,0.004608294930875576,0.016129032258064516,0.11059907834101383,0.01152073732718894,0.03456221198156682,0.2557603686635945,0.9792626728110599,0.23430299539170507,3.9
Graph,GDN,gdn,,gdn_w2s,2.0,time_block,3,2,trained,1.0,0.018433179723502304,0.07692307692307693,1.9,9.858,1.6221952464405953,13,13,1.0,0.03508771929824561,0.0,0.018433179723502304,0.04838709677419355,0.31105990783410137,0.7557603686635944,0.03456221198156682,0.0576036866359447,0.2119815668202765,0.6751152073732719,0.01152073732718894,0.018433179723502304,0.02304147465437788,0.1497695852534562,0.020737327188940093,0.11290322580645161,0.836405529953917,1.0,0.2678571428571428,3.9
Graph,MTAD-GAT,mtad_gat,,mtad_gat_w2s,2.0,time_block,4,0,trained,1.0,0.006564551422319475,0.01098901098901099,1.9,9.858,7.50579072523117,13,13,1.0,0.0410958904109589,0.0,0.015317286652078774,0.07658643326039387,0.6323851203501094,0.9059080962800875,0.028446389496717725,0.0787746170678337,0.175054704595186,0.5711159737417943,0.010940919037199124,0.019693654266958426,0.07221006564551423,0.3982494529540481,0.01312910284463895,0.11159737417943107,0.9606126914660832,1.0,0.31687636761487964,14.7
Graph,MTAD-GAT,mtad_gat,,mtad_gat_w2s,2.0,time_block,4,1,trained,1.0,0.006564551422319475,0.01098901098901099,1.9,9.858,7.723557977199549,13,13,1.0,0.0410958904109589,0.0,0.010940919037199124,0.06783369803063458,0.6367614879649891,0.9080962800875274,0.030634573304157548,0.08315098468271334,0.19912472647702406,0.6170678336980306,0.010940919037199124,0.010940919037199124,0.0787746170678337,0.38949671772428884,0.01312910284463895,0.09190371991247265,0.9584245076586433,1.0,0.3192013129102844,14.8
Graph,MTAD-GAT,mtad_gat,,mtad_gat_w2s,2.0,time_block,4,2,trained,1.0,0.006564551422319475,0.01098901098901099,1.9,9.858,7.8648943907419815,13,13,1.0,0.0410958904109589,0.0,0.010940919037199124,0.045951859956236324,0.5601750547045952,0.8971553610503282,0.015317286652078774,0.061269146608315096,0.15536105032822758,0.5295404814004376,0.010940919037199124,0.015317286652078774,0.0700218818380744,0.37636761487964987,0.010940919037199124,0.03282275711159737,0.9168490153172867,1.0,0.29431072210065645,15.1
Graph,GDN,gdn,,gdn_w2s,2.0,time_block,4,0,trained,1.0,0.00437636761487965,0.01098901098901099,1.9,9.858,1.742826768826307,13,13,1.0,0.0273972602739726,0.0,0.01312910284463895,0.024070021881838075,0.3063457330415755,0.7833698030634574,0.028446389496717725,0.05908096280087528,0.1400437636761488,0.4135667396061269,0.010940919037199124,0.01312910284463895,0.02188183807439825,0.19693654266958424,0.01312910284463895,0.028446389496717725,0.7964989059080962,1.0,0.24056345733041573,4.8
Graph,GDN,gdn,,gdn_w2s,2.0,time_block,4,1,trained,1.0,0.006564551422319475,0.01098901098901099,1.9,9.858,1.7043151705380417,13,13,1.0,0.0410958904109589,0.0,0.010940919037199124,0.019693654266958426,0.26258205689277897,0.7899343544857768,0.02188183807439825,0.05470459518599562,0.13785557986870897,0.29978118161925604,0.010940919037199124,0.010940919037199124,0.01312910284463895,0.10284463894967177,0.01312910284463895,0.028446389496717725,0.7789934354485777,1.0,0.2222374179431072,4.6
Graph,GDN,gdn,,gdn_w2s,2.0,time_block,4,2,trained,1.0,0.006564551422319475,0.01098901098901099,1.9,9.858,1.656393568721272,13,13,1.0,0.0410958904109589,0.0,0.010940919037199124,0.03938730853391685,0.4113785557986871,0.8533916849015317,0.0175054704595186,0.05689277899343545,0.16192560175054704,0.5010940919037199,0.010940919037199124,0.010940919037199124,0.024070021881838075,0.19693654266958424,0.024070021881838075,0.29978118161925604,0.9781181619256017,1.0,0.28733588621444206,4.2
